molecule_id,smiles_1,smiles_2,smiles_3,smiles_4,smiles_5,smiles_6,smiles_7,smiles_8,smiles_9,smiles_10,smiles_11,smiles_12,smiles_13,smiles_14,smiles_15,smiles_16,smiles_17,smiles_18,smiles_19,smiles_20,smiles_21,smiles_22,smiles_23,smiles_24,smiles_25
m_005e53,"O=C(NCc1ccccc1)C1CCN(C(=O)c2cnc3ccccc3n2)CC1","Cc1noc(C2C(C)OCCN2S(=O)(=O)c2cnc3ccccc3c2)n1","CCOc1ncccc1CNC(=O)CN1C(=O)NC2(CCCCC2C)C1=O","O=C(O)c1cccc(C(=O)NCc2cc(Cl)ccc2N2CCOCC2)c1","O=C(O)c1ccc(C(=O)NCc2cc(Cl)ccc2N2CCOCC2)cc1","CC(C(=O)NC1CCc2cc(Cl)ccc21)N1C(=O)C2CCCCC2C1=O","COC(=O)c1ccc(S(=O)(=O)NCCN2CCc3ccccc3C2)cc1","Cc1ccc(CN2CC(C(=O)O)C(c3ccc(Br)cc3)C2)nc1","O=C(NC1CC1c1cccc(F)c1)N1CCOC(c2ccc(Cl)cc2)C1","CCc1cc(N2CCC(Nc3ccnc(Cc4ccccc4)n3)CC2)ncn1","CC(=O)Nc1ccc(NC(=O)c2cc(N3CCOCC3)ccn2)cc1Cl","Cc1ncc(C(=O)NC2CCN(C(C)C)C2c2ccc(F)c(F)c2)c(C)n1","Cn1cc(C2CC2C(=O)NC2CCN(Cc3ccc(F)c(F)c3)CC2)cn1","O=C(NCCc1ccccc1Cl)NC1c2ccccc2CC1O","CCN1CCN(C(=O)CC2CCN(c3c(Cl)cccc3C#N)CC2)CC1","CCc1nc(CN2CCC(CNC(=O)c3c(C)ccnc3O)CC2)cs1","CC(C)CC(NC(=O)N1Cc2cnn(C)c2CC(C)(C)C1)c1cccs1","CCN1CCN(c2ccc(F)cc2C(C)NC(=O)c2oc(C)nc2C)CC1","Cc1noc(C)c1CN1CC(F)CC1CNc1cc(N2CCCC2)ncn1","CCCOc1cc(C)c(C)cc1S(=O)(=O)Nc1ccc(NC(C)=O)cc1","CCc1c(C(=O)N2CCOCC23CCCC3)nnn1-c1cccc(Cl)c1","O=C(Cc1cc2ccccc2[nH]c1=O)NC(CC(F)(F)F)c1ccccc1","CC(C)(C)c1ccc(NC(=O)CSCC(=O)Nc2ccc(F)cc2)cc1","O=C(Nc1cccc2c1CN(CC(F)(F)F)C2)C(c1ccccc1)C1CC1","COc1ccc(C2CCN(S(=O)(=O)c3ccc(NC(C)=O)cc3)C2)cc1"
m_006153,"COc1ccc(N2CC(C(=O)Nc3nncn3C3CC3)CC2=O)cc1","CCn1nc(C(=O)N2CCc3ncncc3C2)c2c1C(C)OC(C)C2","COC1(c2ccccc2)CN(C(=O)c2n[nH]c3c2CC(C)OC3C)C1","O=C(O)COc1cccc(C(=O)N2CCC(Oc3ccccc3)C2)c1","COc1ccc2nc(NC(=O)NC3CCS(=O)(=O)C3)sc2c1","O=C(CCC(F)(F)F)N(C1CCCCC1)C1CCS(=O)(=O)C1","O=C(O)COc1ccc(CCNC(=O)C2Cc3ccccc3O2)cc1","CS(=O)(=O)N1CCC(c2ncc(-c3ccc(F)c(F)c3)[nH]2)CC1","Cc1ccc2nc(-c3cccc(S(=O)(=O)N4CCCC4)c3)cn2c1","Cc1cc(C(=O)Nc2ccccc2C(C)C)cc(C)c1OCC(=O)O","COc1cc(C)ccc1OCCC(=O)NC1(C)CCS(=O)(=O)C1","Cc1cc(N2CCN(C(=O)c3nccnc3N)CC2)nc(C(C)C)n1","CCc1nnc2n1CCN(C(=O)CCn1c(=O)oc3ccccc31)C2","COc1cc(C)c(S(=O)(=O)N2CCCCC2C(=O)O)cc1OC","CCCC1(C(=O)NCc2cc(Cl)cc(S(=O)(=O)CC)c2)CC1","CC(C)(C(=O)O)c1ccc(NS(=O)(=O)CC2CCCCO2)cc1","Cc1nn(C)c(=O)c(C(=O)Nc2cc(C3CC4CCC3C4)[nH]n2)c1C","CCn1nc(C)cc1-c1nc(CC(=O)Nc2ccccc2OC)no1","CCc1cccc(C)c1NC(=O)c1cnn(-c2ccc(Cl)cc2)c1","Cc1ccn(-c2ccc(N3CCOC(c4cccc(F)c4)C3)nn2)n1","O=C(NC1CCC(Oc2ccccc2)CC1)c1cnc2n1CCCC2","COc1ccccc1C1CCC(C)CN1C(=O)c1cnc(C)nc1C","N#CC1(CNC(=O)N2CC(c3ccccc3)C3COCCC32)CCC1","O=C(NC1CC(O)C1)c1ccc(Cn2ccc(C(F)(F)F)n2)cc1","CC(C)Cc1cc(C(=O)N2CCN(c3ncccn3)CC2)cc(O)n1"
m_00b5aa,"COc1ncccc1CNC(=O)C(=O)Nc1nc(C)cs1","CCc1nc(CNC(=O)Nc2nc(C)ccc2OC)cs1","O=C(NCc1ccncc1)Nc1cccc(OCC(F)F)n1","COc1ccnc(N2CCN(CC3(CC(=O)O)CC3)CC2)n1","COC1CN(Cc2nnnn2C(C)(C)C)CC1c1c[nH]nn1","O=C(CC1CCCC1)NCC(=O)N1CC2CC3CC2C1C3O","CC1=C(C(=O)NCC2CCCOC2)C(C)n2nnnc2N1C","CC1OCCN(C(=O)NCc2ncc3c(n2)CCOC3)C1C","COCCn1ccc(NC(=O)N2CCc3sccc3C2)n1","CC(C)(CNC(=O)c1ccc(C(=O)O)cn1)C1CCCCO1","CC1CN(C(=O)NCc2ncc3c(n2)CCOC3)C(C)CO1","COc1ccnc(N2CCN(C(=O)c3csnn3)CC2)n1","O=C(NCc1cccs1)NC1C2CCOC2C12CCCC2","Cc1ccc(NC(=O)CCNC(=O)N2CCOC(C)C2)nc1","COc1ccccc1NC(=O)CNC1CC(C)(C)OC1(C)C","O=C(Cc1ccccc1O)NCc1cn(-c2ccccc2)nn1","Cc1csc(C2CN(c3cc(C(=O)O)ncn3)CCO2)n1","COc1ccc(OCC(=O)NCCc2csc(C)n2)cc1","CCc1noc(CC)c1CC(=O)NCC1(CC)CCCCC1","CCCOc1ccc(S(=O)(=O)NCc2cccnc2)cc1","O=C(O)C1CN(C(=O)c2csc(-c3ccoc3)n2)CCO1","CCn1ncc(C#N)c1NS(=O)(=O)Cc1ccccc1F","COc1ncccc1CNC(=O)C(=O)Nc1nc(C)cs1","COc1ncccc1CNC(=O)C(=O)Nc1nc(C)cs1","COc1ncccc1CNC(=O)C(=O)Nc1nc(C)cs1"
m_01e922,"CC(C)C1OCCC1C(=O)Nc1ccc(N)nc1","CCc1ncncc1C(=O)NCC1(C(=O)O)CC1","CC(C)Oc1ncccc1CNC(=O)N1CCC1","CN(C)C1CC(NC(=O)c2cccn2C)C1(C)C","CN1CC(C(=O)NCc2ncccc2O)CC1=O","Cc1nc(C2CCCN(C3CCNC3=O)C2)n[nH]1","CCN(C(=O)c1ccc(=O)n(C)n1)C1CCCC1","COC(=O)c1cnc2c(c1)c(=O)n(C)c(=O)n2C","CN(c1nc2ccc(F)cc2n1C)C1CCOC1","O=C(NCc1ccc2c(c1)OCO2)C1CCCO1","COc1ncc(NC(C)CC2CC2)cc1C(N)=O","Cc1ncc(C(=O)N2CC(C(C)(C)O)C2)c(C)n1","CC(C)C1OCCC1C(=O)Nc1ccc(N)nc1","CC(C)C1OCCC1C(=O)Nc1ccc(N)nc1","CC(C)C1OCCC1C(=O)Nc1ccc(N)nc1","CC(C)C1OCCC1C(=O)Nc1ccc(N)nc1","CC(C)C1OCCC1C(=O)Nc1ccc(N)nc1","CC(C)C1OCCC1C(=O)Nc1ccc(N)nc1","CC(C)C1OCCC1C(=O)Nc1ccc(N)nc1","CC(C)C1OCCC1C(=O)Nc1ccc(N)nc1","CC(C)C1OCCC1C(=O)Nc1ccc(N)nc1","CC(C)C1OCCC1C(=O)Nc1ccc(N)nc1","CC(C)C1OCCC1C(=O)Nc1ccc(N)nc1","CC(C)C1OCCC1C(=O)Nc1ccc(N)nc1","CC(C)C1OCCC1C(=O)Nc1ccc(N)nc1"
m_0259d4,"COc1ccc(C2CC2C(=O)N2CCCCC2Cn2cccn2)cc1","CC1(C)COCC1NC(=O)c1oc2ccccc2c1Cn1cccn1","C#CCCCC(=O)Nc1ccc(C(=O)Nc2cccnc2)c(Cl)c1","CCNC(=O)NC(=O)COC(=O)c1ccc(N2CC=CC2)cc1","CC(NCc1cnc(C2CCC2)s1)c1ccc(-n2cncn2)cc1","CN(C(=O)CCCOc1ccc(S(C)(=O)=O)cc1)C1CCCC1","Cc1nnsc1C(=O)NC(C)(C)c1ccccc1Br","O=C(Cc1n[nH]c2ccccc12)NC1CC(Cn2ccnc2)CC1O","COC1CC(c2ncn[nH]2)N(C(=O)c2cc3c(C)cc(C)cc3[nH]2)C1","COc1ccc(-n2nc(C(=O)NC(C)c3cnn(C)c3)cc2C)cc1","CC(=O)N1CCC(NC(=O)N2CC(C)(C)OC3(CCOC3)C2)CC1","CCn1cc(C(=O)N2CCC(N3CCc4ccccc4C3)CC2)nn1","COC1CC(c2ncc[nH]2)N(S(=O)(=O)c2cnn(C(C)C)c2)C1","CC(C)N1C2CCC1CN(C(=O)c1cc(-n3cccn3)ccn1)CC2","CCc1ccc(C(=O)N2CCOCC2(C)CC)cc1S(C)(=O)=O","Cc1noc2ncnc(NC3CCN(Cc4ccc(F)cc4)C3=O)c12","CN(C)c1ncncc1NC(=O)Cc1ccc(NC(=O)C2CC2)cc1","Cc1ccc2c(c1)C1CN(C)CCC1N2C(=O)Cc1c(C)noc1C","COC(=O)Nc1ccc(S(=O)(=O)N(C2CC2)C2CCNC2)cc1","Fc1cccc(Cl)c1CCSc1nnc(Cn2cncn2)o1","COc1ncccc1C(=O)N1CC(S(=O)(=O)NC2CCCC2)C1","CCCS(=O)(=O)Nc1cccc(NC2CCN(CC)C(C)C2)c1","Cc1ccc(S(=O)(=O)NCCc2ccc(CC(=O)O)cc2)s1","O=C(NCc1ccc(CCO)cc1)C1CCCOC1c1ccccc1","O=S(=O)(CC=Cc1ccccc1)Cc1coc(-c2ccccc2)n1"
m_02d188,"Cc1ccc(CN2CCC(NC(=O)c3ncc(F)cc3F)C2=O)cc1","Cc1cccc(CN2CCC(NC(=O)NCC3CCCC3O)CC2)c1","Cc1cccc(CN2CCC(NC(=O)N3CC(C)C(CO)C3)CC2)c1","CN(Cc1csc(CNC(=O)c2ccccc2)n1)CC1CCOC1","CC1CN(C(=O)NCc2ccccc2CN2CCCC2=O)CC(C)O1","CCN(C(=O)NC1CCN(C(=O)c2ccccc2)CC1)C(C)C(C)C","O=C(NCCC(=O)N1CCCCCC1)NC1CCOc2ccccc21","Cc1ccccc1CN1CCCN(C(C)C(=O)N2CCOCC2)CC1","Cc1ccc(CNS(=O)(=O)C2CN(C(=O)c3ccccc3)C2)cn1","Cc1ccc(OCCC(=O)N2CC(O)CC2c2nc(C)no2)c(C)c1","Cc1ccccc1CNC(=O)C1CC(=O)N(CCN2CCOCC2)C1","CCS(=O)(=O)c1ccc(NC(=O)C2COc3ccccc3C2)cc1","COc1ccccc1C(Nc1ncnc2c1ncn2C)c1ccccc1","Cc1ccccc1NC(=O)CCN1CCN(C(=O)CCC(C)C)CC1","Cc1ccc(CN2CCC(NC(=O)c3ncc(F)cc3F)C2=O)cc1","Cc1ccc(CN2CCC(NC(=O)c3ncc(F)cc3F)C2=O)cc1","Cc1ccc(CN2CCC(NC(=O)c3ncc(F)cc3F)C2=O)cc1","Cc1ccc(CN2CCC(NC(=O)c3ncc(F)cc3F)C2=O)cc1","Cc1ccc(CN2CCC(NC(=O)c3ncc(F)cc3F)C2=O)cc1","Cc1ccc(CN2CCC(NC(=O)c3ncc(F)cc3F)C2=O)cc1","Cc1ccc(CN2CCC(NC(=O)c3ncc(F)cc3F)C2=O)cc1","Cc1ccc(CN2CCC(NC(=O)c3ncc(F)cc3F)C2=O)cc1","Cc1ccc(CN2CCC(NC(=O)c3ncc(F)cc3F)C2=O)cc1","Cc1ccc(CN2CCC(NC(=O)c3ncc(F)cc3F)C2=O)cc1","Cc1ccc(CN2CCC(NC(=O)c3ncc(F)cc3F)C2=O)cc1"
m_0318b5,"O=C(Nc1ccc(F)cc1)C(c1ccccc1)N1CCC(c2ccn[nH]2)CC1","CC1(C)CCCC1NC(=O)N1CCN(c2ccc(S(N)(=O)=O)cc2)CC1","Cn1cc(N2CCCC(N3CCc4cc(Cl)cc(Cl)c4C3)C2=O)cn1","N#CC1(C(=O)Nc2ccc3[nH]c(Cc4ccc(F)cc4)nc3c2)CCOCC1","O=C(c1ccc(-c2nc3ccccc3s2)o1)N1CCC(c2c[nH]cn2)CC1","CN(C)c1ncc(NC(=O)NC2CCc3nnc(-c4ccccc4)n3C2)cn1","c1ccc(Cc2noc(CN3CCOC4(CCc5ccccc54)C3)n2)cc1","COc1cc(C(=O)N(C)CC2CC(F)CN2c2ccnc(N(C)C)n2)on1","CNCC1CCN(C(=O)C2(S(=O)(=O)c3cc(C)ccc3C)CCCC2)C1","Cc1cc(NC(=O)Cn2nc3n(c2=O)CCCCC3)n(Cc2ccccc2)n1","CCc1cc(S(=O)(=O)N2CCN(C(=O)c3ccco3)CC2)ccc1OC","Cn1ccc(C(=O)NC2CCCC3CN(C(=O)C4CC45CCC5)CC32)n1","O=C(C1CC1)N1CCC(C(=O)N(Cc2c(F)cccc2Cl)C2CC2)CC1","N#Cc1cccc(CS(=O)(=O)N2CC(n3ccnc3)Cc3ccccc32)c1","Cc1cccc(C2(C(=O)N3CCCN(c4ccc(C)nn4)CC3)CCCC2)c1","COc1ccc(S(=O)(=O)Nc2ccc(C(=O)NCC(C)C)cc2)c(F)c1","Cc1cc(C)n(-c2ccc(C(=O)N3CCN(c4ccccc4F)CC3)cc2)n1","O=C(Cn1cc(C2CC2)nn1)N1CCOC(c2cccc(OC(F)F)c2)C1","Cc1cccc(OC(C)C(=O)N2CCCC(c3nc4ccccc4o3)C2)c1C","Cc1cc(Br)ccc1NC(=O)CNC(=O)c1ccc(Cl)cc1","CC(C)C(=O)N1CCC2C(C1)NC(=O)N2C1CCN(CC2(O)CCC2)CC1","CCn1cnnc1C1CCCN(c2cc(Br)cnc2C(N)=O)C1","COc1cc(-c2noc(Cn3cnc(C)c(C)c3=O)n2)ccc1OC(F)F","COc1ccc(S(=O)(=O)NC2CCN(c3ccccc3F)C2=O)c(C)c1","CC(C)(C)CC(NC(=O)N1CCC(O)(C2CC2)CC1)c1ccc(Cl)cc1"
m_043e86,"COc1cc(C(=O)N(C)c2ccc(C)c(N(C)C)c2)on1","CC1CN(c2ccc(F)cc2C#N)CC1N1CCOCC1","CCN(C(=O)N1CCC(Cc2cccnc2)CC1)C(C)C","O=C(NCC(C(=O)O)C1CCOCC1)c1ccoc1","CN1CCC(Nc2ccccc2CN2CCOCC2)C1=O","OCCN1CCN(Cc2cc(F)cc3cccnc23)CC1","CC1OCCC1Nc1ccc2c(c1)CN(CC(N)=O)CC2","Cc1nc(-c2cccc(C(=O)NC(C)C(C)CO)c2)no1","CCC(NC(=O)N1CCOC(C)(CC)C1)c1ccncc1","CC(NC(=O)C1CCCC1)C(Cc1ccccc1)C(=O)O","Cc1cc(C(=O)Nc2cccc(OCC(=O)O)c2)n(C)n1","Cc1cc(N2CCCN(c3nccs3)CC2)nc(C)n1","O=C(O)C1COCCN1C(=O)Cc1cnn2ccccc12","CC(Sc1nccn1-c1ccc(C(C)C)cc1)C(N)=O","O=c1onc(-c2ncccn2)n1CCCN1CCCCC1","Cc1ccccc1C1(C(=O)N2CCOC(C(=O)O)C2)CC1","CCN1CC2=C(C1=O)C(c1cccc(F)c1)NC(=O)N2C","CCn1nccc1S(=O)(=O)NC(CC(C)C)C(=O)O","O=C(O)C1CC1C(=O)NCc1nccc(C(F)(F)F)n1","CNC(=O)c1ccc(N2CCC3(CCCN(C)C3)C2)nn1","CCC(O)(CC)CNS(=O)(=O)c1c[nH]c(C(C)C)n1","Cc1cc(S(=O)(=O)NC(CCO)C(C)(C)C)c(C)o1","Cn1cnc(CNC2CC(C)(C)Oc3ccc(F)cc32)c1","COc1ccnc(N2CC(O)CC2c2ccc(F)cc2)n1","COc1cc(C(=O)N(C)c2ccc(C)c(N(C)C)c2)on1"
m_050bf1,"O=C(O)CCC1CCCN(C(=O)COc2ccc(Cl)cc2)C1","CNCC1CCCN(C(=O)C2CCC(CN3CCOCC3)O2)C1","CCCN1CCC(NC(=O)N2CCCC2(CO)CC(C)C)CC1","CN1CCCCC1C(=O)Nc1cccc(OCc2ccccn2)c1","CCS(=O)(=O)CCN(Cc1ccccn1)C1CCCNCC1","O=C(NCC1Cc2ccccc21)N1CCC(Cn2ccnn2)CC1","CCN1CCN(C(C)CNc2ccccc2S(C)(=O)=O)CC1","N#Cc1ccc(C(F)(F)F)c(NCC2(C(N)=O)CCOCC2)c1","COc1cc(CCNC(=O)NCC2CCNCC2)ccc1Cl","COc1cc(C(=O)NC2CC(N3CCOCC3)C2(C)C)sn1","CC(C)(C)CC(=O)N1CSCC1C(=O)Nc1ccc(F)cn1","Cc1ncsc1C(=O)NCCNC(=O)c1ccc(F)cc1F","COCC(NC(=O)NC1CCC(=O)NC12CCC2)C1CCCO1","OC1CCOCC1C1CCCN1CCOc1ccccc1Cl","CCOC(=O)C1CCN(C(=O)CC2(CC(=O)O)CCCC2)CC1","COC(=O)C1(NC(=O)COc2ccc(Cl)cc2)CCCCC1","Cc1nc(C2CCN(S(=O)(=O)c3cccc(F)c3)CC2)no1","OC1CCCC1C1COCCN1CCOc1cccc(Cl)c1","COc1ccc(Cl)cc1CNC(=O)CN1CCCN(C)CC1","Cc1ccc(S(=O)(=O)NCc2nccn2CC(C)C)cc1F","O=C(NC1CCOC2(CCCCC2)C1)C1=CC(O)C(O)C(O)C1","CCC(Oc1ccccc1F)C(=O)N1CCOC(CC(=O)O)C1","CCn1cnnc1CNS(=O)(=O)N1CCCC1c1ccco1","Cc1cc(C2CCCN2C(=O)C(C)Oc2ccccc2C#N)on1","CCNS(=O)(=O)C1CCN(C(=O)NCC2(C(F)F)CC2)C1"
m_05b52e,"Cc1nc(-c2nnc[nH]2)sc1C(=O)N1CCCC1c1cccs1","Cc1ccc(C(=O)NCC(C(=O)O)C2CCOCC2)c(F)c1Cl","Cn1cc(-c2nc(C(=O)OCC3=CCC4CC3C4(C)C)cs2)cn1","Cc1nc(CN2CCC(CNC(=O)Nc3cccnc3)CC2)cs1","Cc1nc(COc2ccccc2C(=O)N2CCC(C)(C(=O)O)C2)no1","CCNC(=O)N1CCc2ccc(NC(=O)c3cccc(F)c3F)cc21","Cc1[nH]ncc1C(=O)N1CCCC1c1ccc2c(c1)OCO2","O=C(O)Cc1cccc(C(=O)NC2(c3c(F)cccc3F)CCC2)c1","CC(C)C(NC(=O)CCCNC(=O)C1CC1)c1nnc2ccccn12","O=S(=O)(c1cccc(OC(F)(F)F)c1)N1CC(F)CC1CO","N#Cc1ccc(Nc2cccc(C(=O)Nc3cc4n(n3)CCC4)c2)cc1","CCOC1CC(NS(=O)(=O)c2c(N)noc2C)C12CCCCC2","Cc1cc(CC(=O)N2CC(COc3ccccc3)OC(C)(C)C2)n[nH]1","Cc1c(C2CN(C(=O)c3cc[nH]c3C(C)C)CC2C(N)=O)cnn1C","O=C(NC1C2CCC(C2)C1C(=O)O)c1sccc1Br","O=C(C[S+]([O-])Cc1ccc(-n2cccn2)cc1)NCC(F)(F)F","CN(Cc1ccc(CO)o1)CC1CCc2nc(C(F)(F)F)cn2C1","Cn1cc(C(F)(F)F)nc1C1CCCN(C(=O)Cc2ccn[nH]2)C1","Cc1ccc(C)c(S(=O)(=O)Nc2cccc(-c3nnnn3C)c2)c1","CC1CC(c2ccccc2F)N(C(=O)CN2CCNCC2=O)C1","Cc1nn(C)c(C)c1-c1cc(C(=O)N(C)C(C)c2cnn(C)c2)[nH]n1","CN(Cc1cc2c(cc1OC(F)F)OCO2)C(=O)C1(C(=O)O)CC1","CCN1CCN(c2ccc(C(=O)NC(C)(C3CC3)C3CC3)cc2)CC1","CCc1noc2ncc(S(=O)(=O)Nc3cccc4[nH]ncc34)cc12","C=CCn1c(NCc2ccc(OC)cc2)nc2c1c(=O)[nH]c(=O)n2C"
m_068354,"CC(NC(=O)C1CCn2ccnc2C1)C(O)Cc1ccccc1","COC(C(=O)N1CCC(n2cncc2C)CC1)c1ccccc1","COc1ccc(CCC(=O)N2CCCC2Cn2ccnc2)cc1","Cc1ccc(-c2ccc(C(=O)NCC3(CO)CC3)s2)o1","COc1ccc(CC(=O)N2CCCC(c3cc(C)[nH]n3)C2)cc1","CCc1nnc(C)cc1C(=O)NC(Cc1ccccc1)C(=O)O","O=C(NCCc1ccccn1)NC1(c2ccc(F)cc2)CCC1","CS(=O)(=O)CCCNC(=O)C1(c2ccc(F)cc2)CCC1","CC(C)N(CCS(C)(=O)=O)C(=O)c1ccc(C(=O)O)cc1","COc1ccc(C(NC(=O)c2cnc(C)n2C)C2CCC2)cc1","COC(=O)CC(NC(=O)CCc1ccncc1)c1ccncc1","CN(C)c1ccc(S(=O)(=O)N(C)CCC2CCCO2)cn1","Cc1oc(CN(C)C(=O)c2ccc3c(c2)CCC3)cc1C(=O)O","FC(F)Oc1cccc(C2CN(CC3CCOC3)CCO2)c1","CC(O)C(=O)Nc1ccc2[nH]c(Cc3ccccc3F)nc2c1","COc1cccc(C2(C(=O)Nc3cc4n(n3)CCCC4)CC2)c1","CC1CC(C(=O)NCC2(OCCO)CCOC2)CC(C)(C)C1","O=C(O)CCN(Cc1cccc(F)c1F)C(=O)C1CCCO1","O=C(CCc1ccccc1O)Nc1ccc(N2CCCC2)cn1","COc1ccccc1C1CC1NC(=O)N(C)Cc1ccncc1","O=C(CC1(O)CCOCC1)N1CCCC(C2CCOCC2)C1","CCCCc1cc(NC(=O)c2ccc(Br)o2)[nH]n1","CCNc1nnc(SCC(O)COc2ccccc2)s1","Cc1ccccc1CCC(=O)NCC(C(=O)O)c1ccccc1","O=C(NCC(C(=O)O)C1CCOCC1)c1ccc(Cl)cc1"
m_06e13d,"Cn1nnc2cc(C(=O)N3CCNC(=O)C3CC3CCCCC3)cnc21","O=C(NC1COc2ccccc2C1)N1CC2(CCC2)C1C1CCOCC1","Cc1cccc(Cl)c1S(=O)(=O)N1CCOCC1c1ncnn1C","COC1CN(C(=O)C(C)(C)c2ccc3c(c2)OCO3)CC1c1c[nH]nn1","COCc1cccc(S(=O)(=O)N(C)CCN2CC(C)OC(C)C2)c1","NC(=O)c1cn[nH]c1C1CCCCN1C(=O)CC=Cc1cccc(F)c1","CN1CCCC(N2CC3CN(c4nccn5nnnc45)CC3(C)C2)C1=O","CC(OC(=O)c1nc(-c2ccccc2)oc1C1CC1)c1ccccn1","N#Cc1ccccc1OCC(=O)N1CCN(C2CCCCNC2=O)CC1","CCCOc1cccc(CCNC(=O)N2CCC(c3nccn3C)C2)c1","CCOCc1cccc(S(=O)(=O)Nc2cccc(C(C)(F)F)n2)c1","CCc1ccc(NC(=O)Cn2c(-c3cccc(F)c3)csc2=O)cc1","CCn1cc(OC2COCC2NC(=O)c2cncc3ncn(C)c23)cn1","Cc1cc(-c2nnn(CC(O)COc3c(C)cccc3C)n2)ccc1F","Cn1nnc2cc(C(=O)N3CCNC(=O)C3CC3CCCCC3)cnc21","Cn1nnc2cc(C(=O)N3CCNC(=O)C3CC3CCCCC3)cnc21","Cn1nnc2cc(C(=O)N3CCNC(=O)C3CC3CCCCC3)cnc21","Cn1nnc2cc(C(=O)N3CCNC(=O)C3CC3CCCCC3)cnc21","Cn1nnc2cc(C(=O)N3CCNC(=O)C3CC3CCCCC3)cnc21","Cn1nnc2cc(C(=O)N3CCNC(=O)C3CC3CCCCC3)cnc21","Cn1nnc2cc(C(=O)N3CCNC(=O)C3CC3CCCCC3)cnc21","Cn1nnc2cc(C(=O)N3CCNC(=O)C3CC3CCCCC3)cnc21","Cn1nnc2cc(C(=O)N3CCNC(=O)C3CC3CCCCC3)cnc21","Cn1nnc2cc(C(=O)N3CCNC(=O)C3CC3CCCCC3)cnc21","Cn1nnc2cc(C(=O)N3CCNC(=O)C3CC3CCCCC3)cnc21"
m_06f339,"CN(C)c1nc(O)cc(C2CCN(C(=O)Cn3cc(Cl)cn3)C2)n1","CN(CC1CCCN(C)C1c1cncn1C)C(=O)CC1CCOCC1","CCCOc1ccc(C(=O)NC2CCC(C(N)=O)CC2)cc1OCC","Cc1cscc1C(=O)NCC(NC(=O)c1cscc1C)C1CC1","Cn1cc(NC(=O)N2C3C=C(c4ccccc4)CC2CC3)c(C2CC2)n1","CSc1cccc(F)c1C(=O)NC1CCCN(c2ccnn2C)C1","COC(C)C(=O)Nc1cc(-c2nnc3n2CCCCC3)ccc1Cl","O=C(C1CCC1)N1CCC(C2OCCC2NC(=O)C(F)(F)F)CC1","Cn1cc(C(=O)NCC2CCN(CC(O)CC3CCCC3)CC2)cn1","COc1cc(=O)[nH]cc1C(=O)N1CCCCC1c1ccc(F)cc1F","CNC(=O)Cn1cc(NC(=O)Cn2cnc3cc(F)c(F)cc32)cn1","CC(C)CCn1ccc(NC(=O)N2CCC(O)(C(F)(F)F)CC2)n1","CCS(=O)(=O)c1ccc(NC2CCc3nc(C(C)C)nn3C2)cc1","CC(C(=O)Nc1ccc2c(c1)C=CCCC2)n1cnc2c(N)ncnc21","CCc1onc(C)c1C(=O)Nc1cc2c(cc1Br)CCC2","CC(C)c1nnc(CNS(=O)(=O)c2cc(F)c(F)c(F)c2)n1C","Cc1ccc2cccnc2c1S(=O)(=O)N1CCC(C(=O)O)C(C)C1","CCOc1ccc(C(C)(C)C)cc1S(=O)(=O)NCc1ccccn1","CC(C)N(C)c1cnn(C2CCCN(C(=O)C3(C)COC3)C2)c(=O)c1","Cn1nncc1C(=O)N1CCC(C)(C)c2ccc(Br)cc21","CC(C)C1CC(CC(=O)NC2CCN(c3cnn(C)c3)C2=O)CCO1","CCOC(=O)c1c[nH]n(C2CCN(C(=O)c3ccsc3)CC2)c1=N","O=C(c1cccs1)N1CCCN(C(=O)c2c(O)cccc2F)CC1","CC(C(=O)Nc1nccs1)N1CCC(Nc2ccc(F)cc2)CC1","CC(C(=O)NC(=O)NC1CC1)N1CCC(Nc2ccc(F)cc2)CC1"
m_070985,"Cc1cc(C)n(CC(=O)NCc2nc(C(=O)O)cs2)n1","CCCC(NS(=O)(=O)c1cncc(Cl)c1)C(=O)O","CC(C)c1occc1C(=O)NCc1nc(C(=O)O)cs1","CCn1cnnc1C1CN(Cc2sccc2C)CCO1","O=C1CC(N(C(=O)c2ccc(F)c(F)c2)C2CC2)C(=O)N1","COC(=O)c1ccnc(NC(=O)c2cc(F)cc(F)c2)c1","Cn1cnc2cc(C(=O)Nc3ccc(F)c(C#N)c3)ccc21","O=C(c1coc(C2CC2)n1)N1CCOc2ccccc21","Cc1ccc(NC(=O)CCc2c(C)noc2C)c(Cl)c1","CCC(NC(=O)C1CCOCC1)c1cccc([N+](=O)[O-])c1","Cc1cc(C)n(CC(=O)NCc2nc(C(=O)O)cs2)n1","Cc1cc(C)n(CC(=O)NCc2nc(C(=O)O)cs2)n1","Cc1cc(C)n(CC(=O)NCc2nc(C(=O)O)cs2)n1","Cc1cc(C)n(CC(=O)NCc2nc(C(=O)O)cs2)n1","Cc1cc(C)n(CC(=O)NCc2nc(C(=O)O)cs2)n1","Cc1cc(C)n(CC(=O)NCc2nc(C(=O)O)cs2)n1","Cc1cc(C)n(CC(=O)NCc2nc(C(=O)O)cs2)n1","Cc1cc(C)n(CC(=O)NCc2nc(C(=O)O)cs2)n1","Cc1cc(C)n(CC(=O)NCc2nc(C(=O)O)cs2)n1","Cc1cc(C)n(CC(=O)NCc2nc(C(=O)O)cs2)n1","Cc1cc(C)n(CC(=O)NCc2nc(C(=O)O)cs2)n1","Cc1cc(C)n(CC(=O)NCc2nc(C(=O)O)cs2)n1","Cc1cc(C)n(CC(=O)NCc2nc(C(=O)O)cs2)n1","Cc1cc(C)n(CC(=O)NCc2nc(C(=O)O)cs2)n1","Cc1cc(C)n(CC(=O)NCc2nc(C(=O)O)cs2)n1"
m_074e83,"CN(C)c1ccnc(C(=O)N2CCCC(C(=O)Nc3ccc(Cl)cn3)C2)c1","CCc1nc(S(=O)(=O)N2Cc3ccccc3CC2C(=O)O)cn1CC1CC1","O=C1Nc2cc(Cl)ccc2SC1CC(=O)N(Cc1cccnc1)C1CC1","O=C1CC(C(=O)N2CCCC(c3nc(-c4ccc(F)cc4)no3)C2)NC(=O)N1","Cc1nn(C)c(C)c1C1C(CNCc2cnc(C3CCC3)s2)CC(=O)N1C","CCOC(=O)c1sc2ncn(Cc3ncc(C)c(OC)c3C)c(=O)c2c1C","Cc1nc(N2CCOCC2)ccc1NC(=O)c1sc2ccccc2c1Cl","CC1CN(c2ccc(NC(=O)C3Cc4cc(Cl)ccc4O3)cn2)CC(C)O1","Cc1ccc(-c2cc(C(=O)N3CCN(C(C)c4ccccn4)CC3)[nH]n2)cc1C","COC1CC(c2nc(C3CC3)no2)N(S(=O)(=O)c2c[nH]c3ncccc23)C1","O=C(CN1CCCN(S(=O)(=O)c2cc(F)cc(F)c2)CC1)N1CCCC1","O=C(Nc1ncc(C2CCNCC2)s1)c1cc(C(F)(F)F)ccc1Cl","Cc1ccc(C(=O)N2CCN(C3CN(C(=O)C45CCCCC4C5)C3)CC2)s1","Cc1nn(CC(F)(F)F)c(C)c1C1COCCN1S(=O)(=O)CCCF","COc1cccc(CN2CCC(N3C(=O)NC4CN(C(C)=O)CCC43)CC2)n1","CSC1(CNC(=O)c2cc(C(N)=O)n(-c3ccccc3)n2)CCN(C)CC1","CCOc1ccc(-c2noc(CCC(=O)N3CCOC(CC(=O)O)C3)n2)cc1","O=C(CC1CCCS(=O)(=O)C1)N1CCc2cc(-c3cccc(F)c3)ccc21","Cc1c(C(=O)N2CCCC2CN2CC(C)OC(C)C2)nnn1-c1cnn(C)c1","CC(=O)N1CCCN(Cc2cccc(S(=O)(=O)N(C)C)c2)c2ccccc21","CC(C(=O)Nc1ccc2ccccc2n1)N1C(=O)C2C3CCC(O3)C2C1=O","O=C(O)C(Cc1ccncc1)NS(=O)(=O)c1ccc(N2CCCC2=O)cc1","Cn1ncnc1C1COCCN1C(=O)CCCn1ccc2cc(Cl)ccc21","O=C(NC1c2ccccc2CC1O)c1ccc(=O)n(-c2ccc(F)cc2)n1","CCN(CC)Cc1ccc(CNC(=O)NC2CCC3(CCOCC3)CC2)cc1"
m_089267,"N#CCCCn1cc(C(=O)N(Cc2ccc(F)cc2)C2CC2)c2ccccc21","CCC1(CO)CCN(C(=O)CCc2nc(-c3ccc(F)c(C)c3)no2)CC1","CN(C)c1nc2sc(C(=O)Nc3ccc4c(c3)OCCCO4)cc2s1","CN(C)C1(CNC(=O)N2CCC(COCc3ccccc3)C2)CCOCC1","Cc1cccc(C2CCCN2C(=O)C2=CC(O)C(O)C(O)C2)c1C","O=C(O)C1CCN(C(=O)Nc2ccnc(Oc3ccccc3Cl)c2)CC1","Cc1ccc(OC2CCN(C(=O)c3ccc(-n4ccc(C)n4)cc3)CC2)cc1","CCN1CCC(N(C)S(=O)(=O)c2cncc(Br)c2)C(C)C1","O=C(NCc1cccc2c1OCO2)C1CC(=O)N(CCN2CCOCC2)C1","CCOc1ccc(NC(=O)c2cccnc2)cc1S(=O)(=O)N(CC)CC","O=C(NC1CCCCCCC1)c1occc1CS(=O)(=O)c1ccccc1","Cc1noc2ncnc(NC3CCN(c4ccccc4C(F)(F)F)C3=O)c12","CN1CCC(N2CCC(NC(=O)c3n[nH]c4ccc(Cl)cc34)CC2)C1=O","COc1ccccc1OCCC(=O)N1CCN(CC(=O)N2CCCC2)CC1","CC(=O)N1CC(C(=O)N2CC3(CCN(CC4CC(C)(C)C4)CC3)CC2C)C1","N#CCCCn1cc(C(=O)N(Cc2ccc(F)cc2)C2CC2)c2ccccc21","N#CCCCn1cc(C(=O)N(Cc2ccc(F)cc2)C2CC2)c2ccccc21","N#CCCCn1cc(C(=O)N(Cc2ccc(F)cc2)C2CC2)c2ccccc21","N#CCCCn1cc(C(=O)N(Cc2ccc(F)cc2)C2CC2)c2ccccc21","N#CCCCn1cc(C(=O)N(Cc2ccc(F)cc2)C2CC2)c2ccccc21","N#CCCCn1cc(C(=O)N(Cc2ccc(F)cc2)C2CC2)c2ccccc21","N#CCCCn1cc(C(=O)N(Cc2ccc(F)cc2)C2CC2)c2ccccc21","N#CCCCn1cc(C(=O)N(Cc2ccc(F)cc2)C2CC2)c2ccccc21","N#CCCCn1cc(C(=O)N(Cc2ccc(F)cc2)C2CC2)c2ccccc21","N#CCCCn1cc(C(=O)N(Cc2ccc(F)cc2)C2CC2)c2ccccc21"
m_08d7f1,"CC(=O)Nc1cccc(C(=O)OCC(=O)NC(C)(C)C)c1","CCn1c(NC(=O)c2cscn2)nc2cc(F)ccc21","CC1CN(S(=O)(=O)N2CCCC2C)CCC1C(=O)O","CN(C)c1noc(CN(Cc2ccccc2F)C2CC2)n1","CC(C)(C)c1ccc(NC(=O)c2cc(Cl)ccn2)nn1","COC(=O)c1ccc(C)c(NCC(=O)N2CCCCC2)c1","O=C(c1ccoc1)N1CCC(NC2CCCCCC2)CC1","C=CCOC(C)C(=O)Nc1cc(C(F)(F)F)c[nH]c1=O","COC1CC(CO)N(C(=O)COc2ccccc2C#N)C1","O=C(CNC(=O)c1ccc(F)cc1)NCc1cccs1","COC(=O)c1ccnc(NC(=O)c2cccc(Cl)c2)c1","O=C1NCCCCC1Sc1ccc(C(F)(F)F)cn1","CCCNc1ccccc1NC(=O)C(C)C1CCOCC1","O=C(Cc1ccc(Cl)cc1)N1CCC(c2nnc[nH]2)C1","COC1CC(CO)N(Cc2ncc(Cl)cc2Cl)C1","CNC(=O)CCN(C)c1nnc(-c2ccc(O)cc2)s1","CCC(NCc1cccc(C(=O)N(C)C)c1)C1CCCO1","Cc1cccc(NC(=O)c2ccc(S(C)(=O)=O)cc2)n1","CC(C(=O)O)C(=O)Nc1cccc(NCC(F)(F)F)c1","CC1CCC(NS(=O)(=O)N2CC(C)OC(C)C2)CC1","Cn1nnc2cc(C(=O)N3CCOCC3C(=O)O)ccc21","CC(O)(CNC(=O)c1cc(-c2ccccc2)no1)C(=O)O","Cc1ccc(C(=O)N2CCN(C(=O)c3ccoc3)CC2)o1","Cc1ccoc1C(=O)N1CCN(C(=O)c2ccoc2)CC1","Cc1ocnc1C(=O)NC1CCC(c2cccc(F)c2)C1"
m_0a8bf5,"CC1C(=O)NCCCN1S(=O)(=O)Cc1cccc2cccnc12","Cc1ccc2cccnc2c1S(=O)(=O)N1CCCC(C(N)=O)C1","O=C(NC1C2Cc3ccccc3C21)N1CCN(c2cnccn2)CC1","CC(C)(C)c1nnc(NS(=O)(=O)c2c(F)cccc2F)s1","Cn1c(SCc2cc(C#N)ccc2F)nnc1N1CCOCC1","CC1(C)CCC(CNC(=O)c2ccc(-n3cnnn3)cc2Cl)O1","Cc1ccc(CNC(=O)c2cscn2)c(-n2cc(Cl)cn2)n1","CN1CCN(CCNC(=O)C2CCc3cnn(C)c3C2)CC1(C)C","Cc1ccc(NC(=O)c2cc(Cl)cn2C)cc1C(=O)NC(C)C","NC(=O)N1CCCC1C(=O)N1CC=C(c2ccc(Cl)cc2)CC1","CN(C)C1CCN(C(=O)c2ccccc2-c2ccccc2C#N)CC1","O=C(O)CCc1ccc(NC(=O)c2ccc(-n3ccnc3)cc2)cc1","Cc1nc(S(=O)(=O)N2CC(C)(C)CC2c2ccccc2)cn1C","CCC(NC(=O)c1ccc(Oc2cccnc2)cc1)c1ccncc1","O=C(c1ccncc1)N1CCN(C(=O)c2ccc3[nH]ncc3c2)CC1","N#CCn1c(C(=O)N2CCCC2Cn2cccn2)cc2ccccc21","CC1C(=O)NCCCN1S(=O)(=O)Cc1cccc2cccnc12","CC1C(=O)NCCCN1S(=O)(=O)Cc1cccc2cccnc12","CC1C(=O)NCCCN1S(=O)(=O)Cc1cccc2cccnc12","CC1C(=O)NCCCN1S(=O)(=O)Cc1cccc2cccnc12","CC1C(=O)NCCCN1S(=O)(=O)Cc1cccc2cccnc12","CC1C(=O)NCCCN1S(=O)(=O)Cc1cccc2cccnc12","CC1C(=O)NCCCN1S(=O)(=O)Cc1cccc2cccnc12","CC1C(=O)NCCCN1S(=O)(=O)Cc1cccc2cccnc12","CC1C(=O)NCCCN1S(=O)(=O)Cc1cccc2cccnc12"
m_0af51a,"CCn1c(C(=O)N2CCN(CC[S+](C)[O-])CC2)cc2ccccc21","O=C(Nc1cccc(NC2CCCC2)c1)c1ccc(-n2cncn2)cc1","Nc1nc(COC(=O)c2cccc(Cl)c2Cl)nc2ccccc12","Cn1ncc(N2CCC(NC(=O)c3cccnc3)CC2)c(Cl)c1=O","CC(C)(C)C(NC(=O)CSc1ccc(C(F)(F)F)cn1)C(N)=O","CC(Nc1cncc(Br)c1)c1ccc2c(c1)NC(=O)CO2","CC(=O)Nc1cccc(CN2CCn3c(nnc3-c3ccccc3)C2)c1","Cc1nsc(N2CCCN(C(=O)c3ccc([N+](=O)[O-])cc3)CC2)n1","CC1(C)C(=O)Nc2ccc(C(=O)Nc3ccc(-n4cncn4)cc3)cc21","Cc1cccc(-n2cc(C(=O)Nc3ccccc3N3CCCC3)nn2)c1","CCn1c(C(=O)N2CCN(CC[S+](C)[O-])CC2)cc2ccccc21","CCn1c(C(=O)N2CCN(CC[S+](C)[O-])CC2)cc2ccccc21","CCn1c(C(=O)N2CCN(CC[S+](C)[O-])CC2)cc2ccccc21","CCn1c(C(=O)N2CCN(CC[S+](C)[O-])CC2)cc2ccccc21","CCn1c(C(=O)N2CCN(CC[S+](C)[O-])CC2)cc2ccccc21","CCn1c(C(=O)N2CCN(CC[S+](C)[O-])CC2)cc2ccccc21","CCn1c(C(=O)N2CCN(CC[S+](C)[O-])CC2)cc2ccccc21","CCn1c(C(=O)N2CCN(CC[S+](C)[O-])CC2)cc2ccccc21","CCn1c(C(=O)N2CCN(CC[S+](C)[O-])CC2)cc2ccccc21","CCn1c(C(=O)N2CCN(CC[S+](C)[O-])CC2)cc2ccccc21","CCn1c(C(=O)N2CCN(CC[S+](C)[O-])CC2)cc2ccccc21","CCn1c(C(=O)N2CCN(CC[S+](C)[O-])CC2)cc2ccccc21","CCn1c(C(=O)N2CCN(CC[S+](C)[O-])CC2)cc2ccccc21","CCn1c(C(=O)N2CCN(CC[S+](C)[O-])CC2)cc2ccccc21","CCn1c(C(=O)N2CCN(CC[S+](C)[O-])CC2)cc2ccccc21"
m_0c4e10,"O=C(c1cccnc1C(F)(F)F)N(CCO)CCN1CCOCC1","O=C(NCC(c1ccccc1F)N1CCOCC1)N1CCC2CC2C1","CCC(C)(CNC(=O)NC(C)c1cc(C)ccc1C)N1CCOCC1","CCOc1cc(N2CCC(NC(C)=O)(c3nc(C)cs3)C2)ncn1","CNC(=O)C1CCCN(c2cc(C)c(C#N)c3nc4ccccc4n23)C1","O=C(Cc1cn2ccsc2n1)NCC[S+]([O-])Cc1ccccc1","O=C(Nc1cnn(CC2CC2)c1)N1CCCC(CN2CCOCC2)C1","CCCc1ncc(CNC(=O)N2CC3(CCOCC3)C3CCCC32)o1","CN(Cc1nccs1)C(=O)Nc1cc(C(C)(C)C)nn1C(C)(C)C","CC(C)(CNC(=O)CN1CC(O)Cc2ccccc21)N1CCOCC1","CN(Cc1ccccc1F)C(=O)CN1CCC(O)(Cn2ccnn2)C1","CCNc1ccc(Cl)cc1C(=O)N1CCC(Cn2ccnn2)CC1","Cn1ccc(C(=O)Nc2cccc(-c3ccc4c(c3)CCO4)n2)cc1=O","O=C(c1cccnc1C(F)(F)F)N(CCO)CCN1CCOCC1","O=C(c1cccnc1C(F)(F)F)N(CCO)CCN1CCOCC1","O=C(c1cccnc1C(F)(F)F)N(CCO)CCN1CCOCC1","O=C(c1cccnc1C(F)(F)F)N(CCO)CCN1CCOCC1","O=C(c1cccnc1C(F)(F)F)N(CCO)CCN1CCOCC1","O=C(c1cccnc1C(F)(F)F)N(CCO)CCN1CCOCC1","O=C(c1cccnc1C(F)(F)F)N(CCO)CCN1CCOCC1","O=C(c1cccnc1C(F)(F)F)N(CCO)CCN1CCOCC1","O=C(c1cccnc1C(F)(F)F)N(CCO)CCN1CCOCC1","O=C(c1cccnc1C(F)(F)F)N(CCO)CCN1CCOCC1","O=C(c1cccnc1C(F)(F)F)N(CCO)CCN1CCOCC1","O=C(c1cccnc1C(F)(F)F)N(CCO)CCN1CCOCC1"
m_0cc9ea,"CC(=O)N(c1ccccc1)c1nc(Cn2c(C(C)(C)C)noc2=O)cs1","CCC1CCCN(C(C)(C)CNC(=O)c2cc(O)ccc2C(F)(F)F)C1","COc1ccc2c(CC(=O)NCCc3ccccn3)cc(=O)oc2c1","CC(NC(=O)c1snc(O)c1Cl)c1ccc(Oc2ccccc2)cc1","O=C(Nc1nnc(C2CCOCC2)s1)N1CCCc2ccccc2CC1","COc1cccc2c1OCC(NS(=O)(=O)Cc1noc3ccccc13)C2","O=C1CCc2cc(C(=O)N3CCOC(c4ccc(F)cc4F)C3)ccc2N1","CS(=O)(=O)Cc1ccc(C(=O)NC2CCN(Cc3ccccc3)C2)cc1","CCCS(=O)(=O)N1CCCCC1C(=O)N1CCCC2(CCOCC2)C1","COc1ccc(C2CCN(S(=O)(=O)c3ccc(NC(C)=O)cc3)C2)cc1","O=C(c1cc(-c2ccccn2)ccc1Cl)N1CCOC2(CCOCC2)C1","CC(=O)N(c1ccccc1)c1nc(Cn2c(C(C)(C)C)noc2=O)cs1","CC(=O)N(c1ccccc1)c1nc(Cn2c(C(C)(C)C)noc2=O)cs1","CC(=O)N(c1ccccc1)c1nc(Cn2c(C(C)(C)C)noc2=O)cs1","CC(=O)N(c1ccccc1)c1nc(Cn2c(C(C)(C)C)noc2=O)cs1","CC(=O)N(c1ccccc1)c1nc(Cn2c(C(C)(C)C)noc2=O)cs1","CC(=O)N(c1ccccc1)c1nc(Cn2c(C(C)(C)C)noc2=O)cs1","CC(=O)N(c1ccccc1)c1nc(Cn2c(C(C)(C)C)noc2=O)cs1","CC(=O)N(c1ccccc1)c1nc(Cn2c(C(C)(C)C)noc2=O)cs1","CC(=O)N(c1ccccc1)c1nc(Cn2c(C(C)(C)C)noc2=O)cs1","CC(=O)N(c1ccccc1)c1nc(Cn2c(C(C)(C)C)noc2=O)cs1","CC(=O)N(c1ccccc1)c1nc(Cn2c(C(C)(C)C)noc2=O)cs1","CC(=O)N(c1ccccc1)c1nc(Cn2c(C(C)(C)C)noc2=O)cs1","CC(=O)N(c1ccccc1)c1nc(Cn2c(C(C)(C)C)noc2=O)cs1","CC(=O)N(c1ccccc1)c1nc(Cn2c(C(C)(C)C)noc2=O)cs1"
m_0d08be,"CC(C)C1COCCN(C(=O)c2n[nH]c3c(=O)n(C)cnc23)C1","CCn1c(CSc2nncn2C(C)C)nc2c(F)cccc21","CCOC1CCN(C(=O)c2ccc(-n3nnnc3C)cc2F)C1","Cc1cnn(CC2CCCN2C(=O)C2CCCN(C(N)=O)C2)c1","CC(=O)NC1CCCN(c2nccc(NC3CCCOC3)n2)C1","Cc1cc(C(=O)NC(C)c2nc(C(C)(C)C)no2)oc1C(=O)O","CCC1CN(C(=O)Cn2cnc3ccc(F)cc3c2=O)CCO1","Cc1cccnc1C(NCC(=O)N1CC(C)OC(C)C1)C(C)C","CC1CCCN(S(=O)(=O)c2cccc3ncccc23)C1CN","Cn1ccnc1C1OCCC1NC(=O)Cc1ccc(F)c(F)c1","CN(Cc1ccc(F)c(F)c1)c1ncc(S(N)(=O)=O)s1","COc1ccccc1CC1CCCN(C(C)C(=O)NC(N)=O)C1","CNc1cc(N2CCC(C3OCCC3C(N)=O)CC2)nc(C)n1","NCC1CCN(C(=O)c2conc2-c2ccc(Cl)cc2)CC1","Cn1cc(CCNC(=O)C2(c3c(F)cccc3F)CCC2)cn1","Cc1n[nH]c(C)c1C1CCCN1C(=O)c1cccc2ccccc12","CC(C)C1COCCN(C(=O)c2n[nH]c3c(=O)n(C)cnc23)C1","CC(C)C1COCCN(C(=O)c2n[nH]c3c(=O)n(C)cnc23)C1","CC(C)C1COCCN(C(=O)c2n[nH]c3c(=O)n(C)cnc23)C1","CC(C)C1COCCN(C(=O)c2n[nH]c3c(=O)n(C)cnc23)C1","CC(C)C1COCCN(C(=O)c2n[nH]c3c(=O)n(C)cnc23)C1","CC(C)C1COCCN(C(=O)c2n[nH]c3c(=O)n(C)cnc23)C1","CC(C)C1COCCN(C(=O)c2n[nH]c3c(=O)n(C)cnc23)C1","CC(C)C1COCCN(C(=O)c2n[nH]c3c(=O)n(C)cnc23)C1","CC(C)C1COCCN(C(=O)c2n[nH]c3c(=O)n(C)cnc23)C1"
m_0d2197,"CN(C)C(CNC(=O)c1nccnc1N)c1ccccc1Cl","CC(=O)N1CCOC2CCN(C(=O)c3cccn3C(C)C)CC21","CC1CCC(O)C(C2CCCN2C(=O)NCc2cccn2C)C1","CCCNC(=O)CCNC(=O)Cc1nc(-c2ccco2)oc1C","COCCN1CCCN(C(=O)N(C)C2CCCC2)CC1=O","Cc1ccc(C(=O)NC2CC(N(CC(=O)O)CC3CC3)C2)n1C","CCCOc1cccc(NCC(=O)NCC(=O)N2CCCC2)c1","CC(C)C(=O)N1CCC(C(=O)N(CCC#N)CC2CCC2)CC1","O=C(c1ccc(O)nc1)N1CCn2cccc2C1c1ccccc1","Cc1nn(C)c(C)c1C1OCCC1CNCc1ccc(CO)o1","CCC1(CC)C(NC(=O)C2CCn3cncc3C2)C(C)C1OC","O=C(NC(Cn1ccccc1=O)c1ccccc1)c1ccncc1","CCCC1(COC)CCCN1C(=O)c1cnc(C(C)(C)C)nc1","CC(C)(CNC(=O)NC1CCc2[nH]cnc2C1)CN1CCCC1","CN(C)C(CNC(=O)c1nccnc1N)c1ccccc1Cl","CN(C)C(CNC(=O)c1nccnc1N)c1ccccc1Cl","CN(C)C(CNC(=O)c1nccnc1N)c1ccccc1Cl","CN(C)C(CNC(=O)c1nccnc1N)c1ccccc1Cl","CN(C)C(CNC(=O)c1nccnc1N)c1ccccc1Cl","CN(C)C(CNC(=O)c1nccnc1N)c1ccccc1Cl","CN(C)C(CNC(=O)c1nccnc1N)c1ccccc1Cl","CN(C)C(CNC(=O)c1nccnc1N)c1ccccc1Cl","CN(C)C(CNC(=O)c1nccnc1N)c1ccccc1Cl","CN(C)C(CNC(=O)c1nccnc1N)c1ccccc1Cl","CN(C)C(CNC(=O)c1nccnc1N)c1ccccc1Cl"
m_0d3550,"CNC(=O)CCCC(=O)NC(C)c1cc(C)c(F)c(C)c1","CCOC(=O)Cc1csc(NC(=O)CC2CCCC2)n1","COc1cc(OC)cc(C(C(=O)O)N2CCN(C)CC2)c1","COc1cccc(CN2CCOC(C)C2C(N)=O)c1OC","COc1ccccc1CC(C)(CO)NCC(=O)NC(C)C","CCOc1ccc(S(=O)(=O)n2nc(C)cc2C)cc1C","CCn1cc(S(=O)(=O)N(C)C(C)c2cccnc2)cn1","Cn1cc(S(=O)(=O)Nc2cc(Cl)ccc2C#N)cn1","Cc1ccc2c(n1)OCCN2C(=O)c1cccc2cn[nH]c12","Cc1cc(CN2CCN(CCC(=O)NC(C)C)CC2)on1","COC(=O)C1(CNC(=O)c2cccnc2O)CCOCC1","Cc1cc(C(=O)Nc2ccc3c(c2)CCC3)c(C)n1C1CC1","CCC(CC)C(=O)NCCNc1ccc(C)nn1","COc1ccc(Cl)c(-n2cc(CNC(C)(C)C)nn2)c1","COc1ccc2cc(CN(C)CCC(N)=O)ccc2c1","CC(SCc1ccccc1)C(=O)NCCC(=O)N(C)C","OC(CN1CCOCC1)CN1CCC(c2ccn[nH]2)CC1","CCOc1cc(C(=O)NC2(C(=O)O)CCOCC2)ccn1","O=S(=O)(NCCc1ncn[nH]1)c1cccc2c1OCC2","Cc1cc(C)c(S(=O)(=O)NCCn2cncn2)c(C)c1","CC(C)c1cccc(S(=O)(=O)N(C)Cc2nnc[nH]2)c1","CC(CC1CCCCC1)NC(=O)N1C2CCC1CC(O)C2","CCC(CC1CC1)NC(=O)NC1CCOC2(CCCC2)C1","O=C(NCc1cccnc1)c1ccc(C2CCCCC2)cc1","CCn1c(CN(C)C(=O)c2cccnc2)nc2ccccc21"
m_0d463f,"Cn1ccc(C(=O)N2CCC(c3cccc4ccccc34)CC2)cc1=O","NC(=O)C(Cc1ccc(F)cc1)N1CCOC(c2cccc(F)c2)C1","CN(C)C(=O)CCCC(=O)Nc1ccc(F)cc1OC(C)(C)C","CC1COC(c2cccc(Cl)c2)CN1C(=O)c1ccn(C)c(=O)c1","O=C(NC(Cc1ccccc1)C(=O)O)c1cnc(C2CCCO2)s1","O=C(CN1CCCC(c2ccn[nH]2)C1)NCCOc1ccc(F)cc1","CCOc1ccccc1CCNC(=O)N1CCC(C2CCCO2)CC1","CC(c1ccc(Cl)cc1)N(C(=O)c1cnn(C(C)C)c1N)C1CC1","CCc1cc(C(=O)N2CCOC(CNc3nccn(C)c3=O)C2)[nH]n1","Cc1ccc(N2CCCN(CCOc3ccccc3Cl)CC2)nn1","CC1(C)CN(C(=O)c2ccnc3cc(Cl)ccc23)C2COCC2O1","O=C(C1CCCN(CC(F)(F)F)C1)N1CCOC(c2ccco2)C1","Cc1nn(C)c(C)c1CC(C)NC(=O)Nc1c(C)nn(C(C)C)c1C","CC(C)N1CCN(c2ccc(C(=O)OCC3CCCCO3)cc2)CC1","Cc1cc(C(=O)N2CCC(Cc3ccc(F)c(F)c3)CC2)cc(O)n1","O=C(NC1CC(N2CCCCC2)C1)N1CCC(Cn2cncn2)CC1","CN1CCN(C2CCN(Cc3cccc(OCC(N)=O)c3)CC2)C1=O","CNS(=O)(=O)c1cc(C(=O)N2CCC(c3ccccc3C)C2)co1","CC(C)C(NC(=O)NC1CCN(CC2CC2)C1)c1nnc2n1CCC2","O=C(CN1CCCC1Cn1cccn1)NCCOc1ccc(F)cc1","CN(CC(=O)NCc1ccco1)C(=O)c1ccc(-c2ccccc2)cc1","CCn1ccnc1CN(C(=O)C1CCCOC1)C1CC12CCNCC2","O=C1c2cnn(-c3ccccc3)c2CN1CC(=O)N1C2C=CCC1CC2","O=C(O)C1CCCN(C(=O)CCN2C(=O)CCc3cc(F)ccc32)C1","CCOc1cccc(C(=O)Nc2cc(C(=O)N(C)C)ccc2Cl)c1"
m_0ea8a3,"Cn1nnc2ccc(C(=O)N3CCCC(Cc4ccccc4)C3)cc21","CC(C)CNC(=O)c1cn(Cc2ccccc2)nc1-c1cccnc1","Cc1ccnc2nc(C(=O)Nc3ccc4c(c3)C(=O)N(C)C4=O)nn12","Cn1cnc2c(C(=O)NCC3CCc4ccccc4CC3)ccnc21","CC(C)N(Cc1ccccn1)C(=O)c1cccc(Cn2ccnc2)c1","O=C(Nc1ccn(CC(F)F)n1)N1CCCC1Cc1ccccc1","O=C(NC(CO)C1CCCC1)c1ccc(N2CCOCC2)c(F)c1","COc1cc(C)c(C(C)C)cc1S(=O)(=O)NCc1ccccn1","COc1cc(C)c(C(C)C)cc1S(=O)(=O)Nc1cccc(C)n1","CCCC1SCCN1C(=O)c1ccc(N2CCC(O)CC2)cc1","c1ccc(CN2CC3CN(c4ncnc5c4CCCC5)CC3C2)cc1","CS(=O)(=O)c1ccc([S+]([O-])Cc2cn3ccccc3n2)cc1","Cn1ccc(C(=O)Nc2cc(Cc3ccccc3)ccc2O)cc1=O","CCc1cccc2c(CC(=O)NC3c4ccccc4CC3O)c[nH]c12","CCNC(=O)c1cccc(CNC(=O)c2cc(Cl)ccc2F)c1","CCOc1cc2c(cc1CNc1ncnc(N)c1Cl)OC(C)C2","CS(=O)(=O)Cc1nc(C(=O)NCC2(c3ccccc3)CC2)co1","CN1CCOC(CNS(=O)(=O)Cc2ccc(C(F)F)cc2)C1","Clc1cnc(N2CCCOCC2)nc1N1CCCOCC1","CC(C)c1cc(C(=O)N2CCC(C)(c3ccccc3)CC2)no1","CN1C(=O)Cc2cc(CNC(=O)c3cccc4c3CCCC4)ccc21","CN1CCN(C(=O)C(=O)Nc2cccc(C#N)c2)Cc2ccccc21","N#Cc1ccccc1N1CCCN(C(C(N)=O)c2ccccc2)CC1","CC(c1cccnc1)N(C)C(=O)Nc1cccc(OCC(F)F)n1","CN(Cc1ccccc1N1CCCC1)C(=O)c1cn2ccccc2n1"
m_0ee46b,"Cc1oc(C(=O)NC2(c3ccccc3)CC2(C)C)cc1CO","O=C(Nc1ccncc1F)N1CCC(Cc2ccccc2)C1","Cc1cccc2[nH]c(CNC(=O)c3ccc(O)cc3F)nc12","O=S1(=O)CCC(N2CCN(c3ncccc3F)CC2)C1","Cc1cc(C)c(NC(=O)Cn2nnnc2C(C)(C)C)c(C)c1","O=C(NCCc1nc2ccccc2[nH]1)c1c(O)cccc1F","O=C(O)C1C2CCC(C2)C1NC(=O)C1C2CCC(F)(F)C21","Fc1ccc(N2CCN(c3ccc4nncn4n3)CC2)nc1","Cc1ncncc1C(=O)N(C)C(Cc1ccccc1)C(=O)O","COCCS(=O)(=O)Cc1coc(-c2ccc(F)cc2)n1","CCOc1ccc(S(=O)(=O)N2CC(C)C(CO)C2)cc1","Cc1ccc(NC(=O)CSc2ncccn2)cc1F","Cc1ccc(C2CC(C)CCN2C(=O)Nc2ccncc2)o1","Cc1nscc1C(=O)NC1(C(=O)O)CCCCCC1","O=C(Cc1cccc(F)c1)N1CCN(c2ccccn2)CC1","COc1ccc(CCNC(=O)C(OC)c2ccccc2)cc1","Cn1nccc1C1OCCCC1CNS(=O)(=O)C1CC1","COc1ccccc1CC1CCCN(C(=O)c2cc[nH]n2)C1","Cc1oc(C(=O)NC2(c3ccccc3)CC2(C)C)cc1CO","Cc1oc(C(=O)NC2(c3ccccc3)CC2(C)C)cc1CO","Cc1oc(C(=O)NC2(c3ccccc3)CC2(C)C)cc1CO","Cc1oc(C(=O)NC2(c3ccccc3)CC2(C)C)cc1CO","Cc1oc(C(=O)NC2(c3ccccc3)CC2(C)C)cc1CO","Cc1oc(C(=O)NC2(c3ccccc3)CC2(C)C)cc1CO","Cc1oc(C(=O)NC2(c3ccccc3)CC2(C)C)cc1CO"
m_0f05e7,"COc1ccc(CCC2CCN(CC(=O)O)CC2)cc1","COC(=O)c1ccc(CNC2CCCC2(C)CO)cc1","COc1cccc(CC(=O)N2CCCCC2C(=O)O)c1","COC(=O)C1C2CCC(C2)C1NC(=O)c1ccc(C)o1","O=C(NCc1ccc2ccccc2c1)c1cccc(O)c1","CCOc1cc(C)ccc1CNC(=O)C1CC1C(=O)O","Cc1ccc(OCC(=O)N2CCC(C)(C(=O)O)C2)cc1","CC(C)OC1CC(NC(=O)CCc2c[nH]cn2)C1(C)C","COCC1(NC(=O)Nc2cnc(N(C)C)nc2)CCC1","NC(=O)N1CCC(NC(=O)c2cccc(C(=O)O)c2)C1","COc1ccccc1C1(CNC(=O)C(C)C(=O)O)CC1","Cc1cc(=O)n(C)cc1NC(=O)NC(C)C1CCCO1","Cc1cccc(C(=O)Nc2c[nH]nc2-c2ccccc2)c1","CCC(C(=O)N1CCOCC1C(=O)O)c1ccccc1","Cc1nnc(CN(C)C(CCO)c2ccccc2)s1","CCc1nsc(NCc2cccc3c2OCCO3)n1","CC(C)c1cccc(C(=O)N2CCC(O)(C(N)=O)C2)n1","COc1cc(CCNC(=O)C2CC2C(=O)O)ccc1C","COc1ccccc1CCN(C)C(=O)C1(C(=O)O)CC1","O=C(O)CCN1CCC(OCCCc2ccccc2)C1","COc1cc(CCNC(=O)C2(C(=O)O)CC2)ccc1C","CCCC1(CO)CCN(C(C(=O)O)c2ccccc2)C1","Cc1ccc(C)c(CC(=O)N2CCOC(C(=O)O)C2)c1","O=C(O)c1cccc2c1CCN(C(=O)C1CC3CCC1O3)C2","CN1CCC(C(=O)NCC2CCOC2C(C)(C)C)CC1"
m_0fe9d9,"CC(C)(C)c1nsc(NC(=O)c2cccc(F)c2)n1","Cc1nn(C)c(C)c1CCC(=O)N(CC(=O)O)C1CC1","CCc1nc(C(=O)NCC2CCOC2C(C)(C)C)c[nH]1","Cc1[nH]nc(C(=O)NC2CC(O)C23CCOCC3)c1C","CN1CCN(CCCNC(=O)c2cccc(F)c2)CC1","CCC1CN(C(=O)CC(C)c2c(C)n[nH]c2C)CC1O","CC(C)OC1CC(NC(=O)CCc2c[nH]cn2)C1(C)C","CC(NC(=O)c1cc(F)cc(C(F)(F)F)c1)C(=O)O","NC(=O)Cc1csc(NC(=O)CCc2ccco2)n1","COC(=O)C1(NC(=O)c2cc(F)cc3[nH]cnc23)CC1","Cc1ccc(NCc2ccnn2C)cc1S(C)(=O)=O","CCC(NC(=O)N1CCOCC1CC)c1ccncc1","CCC(NC(=O)N1CC(C)OC(C)C1)c1ccncc1","CC1(C)CC(NC(=O)Cc2ccc(O)c(F)c2)CCO1","CCn1ccnc1C1CCCCN1C(=O)C1CCOC1","Cc1cccc(C)c1NS(=O)(=O)c1ccc(F)cc1","Cc1ccc(NS(=O)(=O)c2c(C)n[nH]c2C)cc1C","O=C(NC1CC(C(=O)O)C1)c1ccnn1C1CCCC1","CC(C)n1ccc(C(=O)Nc2ccn(CC(=O)O)n2)n1","CC(CCN1CCOCC1)NC(=O)Cc1cccnc1","CC(C(=O)O)N(C(=O)CCc1ccccc1F)C1CC1","CC(C)(C)c1nsc(NC(=O)c2cccc(F)c2)n1","CC(C)(C)c1nsc(NC(=O)c2cccc(F)c2)n1","CC(C)(C)c1nsc(NC(=O)c2cccc(F)c2)n1","CC(C)(C)c1nsc(NC(=O)c2cccc(F)c2)n1"
m_108fdb,"COc1ccc(CNC(=O)NC2CCN(CC(F)F)CC2)cc1C","COc1cc(CC(=O)N2CC(c3cnn(C)c3)C(C)(C)C2)ccc1C","COc1ccccc1C(C)NC(=O)CC(C)(C(=O)O)c1ccccc1","CCCOC(=O)c1ccc(NC(=O)c2ccc3c(c2)OCCO3)cc1","COc1cnccc1-c1noc(CC(O)COCc2ccccc2)n1","N#Cc1ccc(OC2CCN(CC3CCC4(CCCCC4)O3)C2)nc1","CNC(=O)C1CN(Cc2cc(F)ccc2C#N)CC1c1cnn(C)c1","COc1ccc(-c2nsc(NC(=O)c3cnc(C)nc3C)n2)cc1","CC(c1nc(-c2cccs2)no1)N1CCc2c(ncn2C2CC2)C1","CCn1nc(C(=O)N2CCc3ncncc3C2)c2c1C(C)OC(C)C2","Cc1occc1-c1cc(NC(=O)COc2ccccc2)n(CCO)n1","Cn1cc(C2OCCCC2NCc2ccc(N3CCCC3)nc2)cn1","Fc1cc(F)cc(C2(c3nc(Cc4cccnc4)no3)CCCC2)c1","COc1ccc(C2(C(=O)NCCCn3ccnc3C)CCCC2)cc1","Cc1cnn(CC2CCCN2C(=O)Cc2cccc(OC(C)C)c2)c1","CCn1ccnc1C1CCCCN1C(=O)C1CC1c1ccc(F)cc1","CC(C)N1CCN(c2cccc(NCc3cnn(C(C)C)c3)c2)CC1","Cc1c(NC(=O)c2ccc(C#N)n2C)c(=O)n(C2CCCCC2)n1C","Cc1cc(N2CCN(C(=O)c3nccnc3N)CC2)nc(C(C)C)n1","CC(Cc1c(F)cccc1F)NC(=O)CN1CCN(CCO)CC1","CN(C)c1ccc(C(=O)N(Cc2ccco2)Cc2cccs2)cn1","O=C1CCc2cc(C(=O)N3CCC(n4ccnn4)CC3)c(F)cc2N1","CCOc1ccc(S(=O)(=O)Cc2cccc(C(N)=O)c2)cc1","Cn1nccc1CC1CCCN1C(=O)NCC(C)(C)c1cccnc1","CC(C)CN(C(=O)c1ncn(-c2ccccc2)n1)C1CCN(C)CC1"
m_12945e,"Cc1cnc(CCNS(=O)(=O)Cc2cccc(F)c2)s1","CCC(=O)N1CCN(S(=O)(=O)Cc2cccc(F)c2)CC1","CCN1CCCN(S(=O)(=O)Cc2cccc(F)c2)C(C)C1","CCC(NCC1CCCN1S(C)(=O)=O)c1ccccc1F","Nc1ccnc(CNC(=O)C2(c3cccc(F)c3)CCCC2)n1","Nc1nccnc1C(=O)NCC1(c2ccc(F)cc2)CCCC1","CCS(=O)(=O)N1CCN(C(=O)Cc2ccccc2F)CC1","Cc1[nH]ncc1C(=O)NCC1OCCN(C)C1c1ccccc1","CCC1C(=O)NCCCN1S(=O)(=O)c1cc(C)cc(F)c1","Cc1oc2nc(CN(C)Cc3ccc(F)cc3)nc(N)c2c1C","FC(F)(F)c1nc(NCCN2CCCCC2)c2nc[nH]c2n1","COc1ccc(-c2ccc(C(=O)N3CCC(N)C3)c(F)c2)cc1","CC1(C)CN(Cc2cn(C(C)(C)C)nn2)Cc2ccccc2O1","Cc1ccc(C(=O)N2CCN(S(C)(=O)=O)C(C)C2)c(F)c1","CCNC(=O)CCN1CCOC(c2ccc(F)c(Cl)c2)C1","CN(C)C(=O)COc1ccc(NC(=O)CCn2cccn2)cc1","O=C1NCCN1C1CCCN(c2cccc(C(F)(F)F)n2)C1","COc1cccc2c1N(C(=O)c1oc(C(C)C)nc1C)CCC2","O=C(Nc1cccc(COc2cccc(F)c2)c1)C1CCNC1","Cn1c(=O)c2cc(NC(=O)CC(F)(F)F)cnc2n(C)c1=O","Cc1nc(C)c(C(=O)N2CC(CC(=O)O)c3ccccc32)s1","CC(C)n1cnnc1S(=O)(=O)C(C)C(=O)N1CCCCC1","CCc1nnc(N2CCC(O)(C(F)(F)F)C2)c(C#N)c1CC","Cc1ccc(CCN(CC2CCCO2)C(=O)c2c[nH]nn2)cc1","Cc1cnc(CCNS(=O)(=O)Cc2cccc(F)c2)s1"
m_13152b,"COc1cc(CNC2CCN(c3ccccn3)CC2)ccc1SC","CCn1cc(C2OCCCC2Nc2ncnc3sc(C)cc23)cn1","COc1ccc(C2CCN(C(=O)NC3CCN(C4CC4)CC3)C2)cc1","FC(F)(F)Cn1cc(NCC2=Cc3cc(Cl)ccc3OC2)cn1","Cn1ccnc1C(NC(=O)c1cccc2c1OCO2)C1CCOCC1","CCN(CC(=O)NC(C)C)C(=O)c1ccccc1S(C)(=O)=O","O=C(c1n[nH]c2ccc(Cl)cc12)N1CCC(Cc2ncc[nH]2)CC1","CCn1cc(C2OCCCC2NC(=O)c2ccc(C)cc2OC)cn1","O=C(O)c1ccc(C(=O)N2CCC(c3ccc(Cl)cc3)CC2)cc1","COc1ccc(C2(CNC(=O)N3CCC4CCC(C3)N4C)CC2)cc1","Cc1ccc(CNC(=O)N2CCCN(S(C)(=O)=O)CC2)cc1F","O=C(O)CCc1ccc(S(=O)(=O)Nc2ccc3c(c2)CCC3)cc1","COc1ccc(C)cc1C(C)NC(=O)NCCc1nnc2n1CCC2","CN1CCC2CCN(C(=O)NCc3ccccc3OC3CCC3)C2C1","Cn1ncc2c(NCCC(c3ccccc3)c3ccccc3)ncnc21","CCc1c(C(=O)N(C)C2C3CC4CC(C3)CC2C4)[nH]c(C)c1C(N)=O","CC(C)c1noc(CCCNC(=O)C2Cc3ccccc3C(=O)O2)n1","O=C(O)c1coc(C(=O)N2CCCC2c2ccc3c(c2)OCCO3)c1","Cc1cccc(S(=O)(=O)NC(C)COC2CCOC2)c1C(=O)O","CC1Cc2c(nn(C)c2C(=O)N2CC(c3nccc(O)n3)C2)C(C)O1","Cn1nccc1C1CCN(C(=O)C2CCCOC2c2cn[nH]c2)CC1","Cc1noc(C)c1CN1CCN(C(=O)C2CCCc3nccn32)CC1","COc1ccc(NC(=O)N2CCC(C(F)(F)F)C(C)(C)C2)c(C)n1","O=C(O)c1cccc(C(=O)N2CCC(Oc3ccc(F)cc3)CC2)c1","Cn1cc(C2C(CNc3ccc(F)cn3)CCC(=O)N2C2CC2)cn1"
m_134d4a,"COc1ccc(NC(=O)CN2CCCN(C)S2(=O)=O)cc1","O=C(NC(C(=O)O)c1ccccc1)c1ccn(C2CCCC2)n1","O=C(c1cccc2c1OCO2)N1CCCCC1Cn1cccn1","CCOc1ccc(CNC(=O)c2cnc(C(C)C)nc2C)cc1","COc1ccc(CCC(=O)N2CCCC2Cn2ccnc2)cc1","CSc1ccccc1C(=O)Nc1ccc(N2CCCC2)nc1","O=C(NCCCn1ccnc1)c1ccc(OC(F)(F)F)cc1","CCn1c(SCCn2ccnc2)nnc1-c1ccc(C)cc1","O=C(O)C1CCN(S(=O)(=O)c2ccc3c(c2)OCCO3)C1","CC1CN(S(=O)(=O)c2ccc3c(c2)OCCO3)CC1CO","O=C(O)c1cccc(NS(=O)(=O)CC2CCCCO2)c1O","Cc1ccccc1OCc1noc(C23CCCCC2NCC3)n1","CN(C(=O)C1CC1)c1ccccc1C(=O)NCc1n[nH]c(=O)[nH]1","Cn1c(=O)n(C)c2cc(NC(=O)CC3CC4CCC3C4)ccc21","Cn1nccc1C1OCCC1CNC(=O)c1cc(C2CC2)[nH]n1","O=C(c1ccco1)N1CCCC(c2cc(C(F)(F)F)[nH]n2)C1","COc1cccc(S(=O)(=O)N2CC(C(=O)O)CCC2C)c1","COc1ccccc1S(=O)(=O)NC1(C(=O)O)CCOCC1","COc1ccccc1S(=O)(=O)N1CCOC(CC(=O)O)C1","COc1cc(C)c(S(=O)(=O)CC(=O)NC2CC2)cc1OC","COc1ccc2c(c1)N(Cc1nc(-c3ccco3)no1)CCO2","CC(=O)N1CCc2c(ncn(CCOc3ccccc3)c2=O)C1","NC(=O)c1ccsc1NC(=O)CN1CCc2ccccc2C1","COc1ccc(NC(=O)CN2CCCN(C)S2(=O)=O)cc1","COc1ccc(NC(=O)CN2CCCN(C)S2(=O)=O)cc1"
m_145679,"CCc1ccc(C2COCCN2C(=O)Nc2ccncc2F)o1","COCc1nc(C2COCCN2C(=O)C2CC3C=CC2C3)no1","CC(=O)Nc1nc(CN2CCc3nn(C)c(=O)cc3C2)cs1","CCC(C)C(=O)Nc1cccc(CNC(=O)C2CC(O)CN2)c1","CCn1nc(C)cc1C(=O)Nc1cc(Cl)cc(C(=O)OC)c1","Cc1[nH]ncc1S(=O)(=O)Nc1cc(C(F)(F)F)ccc1O","CN(C)C(=O)COc1ccccc1CNc1cc(Cl)ccn1","Cc1cc(C(F)F)n(-c2cc(N(C)Cc3ncc[nH]3)ncn2)n1","CC(CNC(=O)c1cn(C)nc1-c1ccccc1Cl)C(=O)O","CCn1cc(OC2COCC2NC(=O)Cc2ccnn2C)cn1","Cc1cnn(CC2CCCCN2C(=O)COCC(F)(F)F)c1","CC(C(=O)N1CCCCC1)N1CCN(C(=O)C2CC=CC2)CC1","CCCOc1ccc(Cl)cc1S(=O)(=O)N1CCOCC1","Cn1cc(S(=O)(=O)N2CCCc3c(C(=O)O)cccc32)cn1","Cc1noc(C(NC(C)CCn2cccn2)C2CCOCC2)n1","CCc1ccc(C2COCCN2C(=O)Nc2ccncc2F)o1","CCc1ccc(C2COCCN2C(=O)Nc2ccncc2F)o1","CCc1ccc(C2COCCN2C(=O)Nc2ccncc2F)o1","CCc1ccc(C2COCCN2C(=O)Nc2ccncc2F)o1","CCc1ccc(C2COCCN2C(=O)Nc2ccncc2F)o1","CCc1ccc(C2COCCN2C(=O)Nc2ccncc2F)o1","CCc1ccc(C2COCCN2C(=O)Nc2ccncc2F)o1","CCc1ccc(C2COCCN2C(=O)Nc2ccncc2F)o1","CCc1ccc(C2COCCN2C(=O)Nc2ccncc2F)o1","CCc1ccc(C2COCCN2C(=O)Nc2ccncc2F)o1"
m_153108,"Cc1ccc(N2CCCN(CC(=O)Nc3cccc(F)c3)CC2)nn1","Cc1cnc(C)c(N2CCN(CC(=O)Nc3ccc(F)cc3)CC2)n1","COc1cc(C)cnc1C(=O)N1CCN(c2cccc(F)c2)CC1C","CCn1cc(C2CN(S(=O)(=O)CCC3CCCO3)CCO2)cn1","O=C(c1[nH]c2ccccc2c1Cl)N1CCCC(Cn2ccnn2)C1","COc1ccc(S(=O)(=O)Nc2nnc(C(C)(C)C)s2)c(F)c1","COc1ccc2c(c1)N(Cc1nc(CC(F)(F)F)no1)CC(C)O2","CCc1nnc2n1CCN(C(=O)c1nc(-c3cccs3)oc1C)C2","O=C(Cc1ccc(F)cc1)Nc1ccc(Sc2nncs2)cc1","CN(C)c1ncc(NC(=O)c2cc(-c3cccc(Cl)c3)on2)cn1","Cc1cc2c(o1)CC(C)(C)CC2NC(=O)c1ccc(C(N)=O)cc1","CC(C)C(CC(=O)O)NS(=O)(=O)c1ccc(C(F)(F)F)s1","CCOC(CNC(=O)NCc1ccncc1)c1ccccc1","CC(Oc1ccc2c(c1)OCO2)C(=O)Nc1ccc2c(c1)OCCO2","Cc1ccc(N2CCCN(CC(=O)Nc3cccc(F)c3)CC2)nn1","Cc1ccc(N2CCCN(CC(=O)Nc3cccc(F)c3)CC2)nn1","Cc1ccc(N2CCCN(CC(=O)Nc3cccc(F)c3)CC2)nn1","Cc1ccc(N2CCCN(CC(=O)Nc3cccc(F)c3)CC2)nn1","Cc1ccc(N2CCCN(CC(=O)Nc3cccc(F)c3)CC2)nn1","Cc1ccc(N2CCCN(CC(=O)Nc3cccc(F)c3)CC2)nn1","Cc1ccc(N2CCCN(CC(=O)Nc3cccc(F)c3)CC2)nn1","Cc1ccc(N2CCCN(CC(=O)Nc3cccc(F)c3)CC2)nn1","Cc1ccc(N2CCCN(CC(=O)Nc3cccc(F)c3)CC2)nn1","Cc1ccc(N2CCCN(CC(=O)Nc3cccc(F)c3)CC2)nn1","Cc1ccc(N2CCCN(CC(=O)Nc3cccc(F)c3)CC2)nn1"
m_156305,"Cc1c(C2C(C(=O)N(C)Cc3cc[nH]n3)CC(=O)N2C)cnn1C","Cn1ccnc(N2CCCC(NC(=O)CCc3ccoc3)C2)c1=O","COC(=O)c1ccc(C(=O)N2CCOCC2c2c(C)n[nH]c2C)[nH]1","Cc1cc(C(=O)NC2CCCN(c3nccn(C)c3=O)C2)n(C)n1","CC1CC(NC(=O)c2cc(F)c[nH]2)c2ccsc2S1(=O)=O","CN1C(=O)CCC(NC(=O)CCn2cccn2)C1c1nccn1C","CCOc1cc(NCC2CCCN(C)C2c2ccnn2C)ncn1","CSC(C)CC(=O)N1CCC(C(=O)Nc2nncs2)CC1","CCc1nnc(C23CCCC2CN(C(=O)c2cnnn2CC)C3)o1","Cc1nn(C)c(C)c1NC(=O)C(C)N1CCCC(c2ccn[nH]2)C1","CN(C)CC1CC(O)CN1c1cc(NCCn2cccc2)ncn1","Cc1cc(O)cc(=O)n1CC(=O)NC(C1CCCC1)C(F)(F)F","CN(C)c1cccc(CNC(=O)NCC(=O)NCc2ccco2)c1","Cn1cc(CNC(=O)N2CCC(Cc3cccc(F)c3)CC2)cn1","CCCC(=O)NC1CCCN(Cc2ccc3c(c2)CC(C)(C)O3)C1","COc1ccc2c(c1)OC(C)(C)CN(C(=O)Nc1cnn(C)c1)C2","CC1CCN(CC(=O)NCc2nc3ccccc3n2C(C)C)CC1","O=C(NCC(F)(F)F)C1CCCN(C(=O)Cc2ccccc2)C1","CCOC(=O)C1CCN(C(=O)c2cc(Br)c[nH]2)CC1","O=C(N1CCCC(Cn2cncn2)C1)C1(c2cccc(F)c2)CC1","O=C(NCC1CCCCN1C1CC1)c1cnc2nccnc2c1","CS(=O)(=O)CCC(=O)N1CCCN(c2ccccc2F)CC1","COc1cccc(C(=O)Nc2ccc(F)cc2NC2CC2)c1OC","Cc1cccc(C(=O)NCC2OCCN(C)C2c2cncn2C)c1","Cn1cnnc1NC(=O)Cn1nc(C(F)(F)F)c2c1CCOC2"
m_15dab4,"COc1ccc(-c2nsc(NC(=O)c3ccccc3-n3ccnn3)n2)cc1","CC1CCCCN1C(C)CNC(=O)NCC1CCN(c2ccc(F)cc2)C1","CC(C)c1c(NC(=O)N2CCCC2(C)CO)cnn1-c1ccccc1Cl","O=C(Cc1cc2ccccc2[nH]c1=O)NCc1ccnc(N2CCOCC2)c1","CCOC1CC(NC(=O)NCc2ccc(OC)c(OC)c2)C12CCCCC2","CNCC1CCCN(S(=O)(=O)c2ccc(OC)c(Br)c2)C1","COC(=O)NCc1ccc(NC(=O)C(C)Oc2cccc3ccccc23)cc1","Cc1nn(-c2ccccc2)c(C)c1CC(=O)N1CCN(c2ncccn2)CC1","CC(C)Cn1c(SCc2ccc(C(=O)O)cc2)nnc1N1CCOCC1","CCNc1nc(C(=O)N2CCC(NC(=O)c3ccccc3F)CC2)cs1","O=C(NCC(=O)N1CCCC(O)C1)c1ccc(Oc2ccccc2)cc1","O=C(c1cnc2[nH]c(=O)[nH]c(=O)c2c1)N1C2CCC1CC(c1ccccc1)C2","O=C(c1[nH]nc2c1CCCC2)N1CCN(Cc2c(F)cccc2Cl)CC1","Cc1ccccc1-c1cc(NC(=O)c2cc3c(cc2F)NC(=O)CC3)n(C)n1","Cc1ccc(C2CCN(C(=O)c3ccc(=O)n(-c4cnn(C)c4)c3)C2)c(C)c1","NS(=O)(=O)c1ccc(N2CCN(Cc3noc4c3CCCC4)CC2)cc1","C=CCNC(=O)c1ccccc1NS(=O)(=O)c1cc(OC)ccc1OC","CCC(CC(=O)N1CCC(O)(CNC(=O)c2occc2C)CC1)C(C)(C)C","CCCS(=O)(=O)N1CCC(NC(=O)c2ccc3ccccc3c2O)CC1","Cc1cccc2[nH]cc(CC(=O)N3CCC(C(=O)O)(c4ccccc4)CC3)c12","CC(C)C(=O)N1CCC(C(=O)NC2CS(=O)(=O)Cc3ccccc32)CC1","COc1ccc(CN(C)C(=O)Nc2c3c(nn2-c2ccccc2)CCC3)cc1","Cc1ccc2c(CC(=O)Nc3cccc(CN4CCCC4=O)c3)coc2c1C","COc1ccc(-c2nsc(NC(=O)c3ccccc3-n3ccnn3)n2)cc1","COc1ccc(-c2nsc(NC(=O)c3ccccc3-n3ccnn3)n2)cc1"
m_163bfd,"CNC(CC(C)(C)C)C(=O)NC(C)c1cccc(OC(F)F)c1","Cc1c(CNC2CCCCC2n2cc(CO)nn2)cc(C#N)n1C","O=C(Cc1ccccc1O)N1CCN(C(=O)c2ccsc2)CC1","COCc1n[nH]c(C2CCCCN2C(=O)c2cc(C)ccc2C)n1","CN1CCCN(C(=O)CCC2CCCO2)c2cc(F)ccc21","Cc1ccc(C)c(C(C)NC(=O)CCCNC(=O)c2ccco2)c1","O=C(c1cc2c(F)cccc2[nH]1)N1CCCC(N2CCNC2=O)C1","CC1CCN(C(C)CNC(=O)c2ccc(-c3ncon3)cc2)CC1","CC(CC(N)=O)C(=O)NC(Cc1ccccc1)c1ccccc1F","O=C(O)C1CCN(C(=O)CCCN2C(=O)CCc3ccccc32)C1","Cc1cccc(C(C)NC(=O)NCC23CC2COC32CCC2)c1C","Cc1cc(C)nc(-n2nccc2NC(=O)N2CC(C)CC2(C)C)n1","Cc1oncc1NS(=O)(=O)c1cc(Cl)c(C)c(C(=O)O)c1","COC1CC(c2nc(C3CC3)n[nH]2)N(C(=O)C=C2CCCCC2)C1","Cc1ccc(S(=O)(=O)Nc2cccc(-c3nccn3C)c2)cn1","O=C(NCCN1C(=O)CCCC1=O)c1cccc(C(F)F)c1F","CC(C)(C)C(=O)NCCC(=O)N1CCCC1C=Cc1ccccc1","CC(C)C(NC(=O)CCCc1ncc(-c2ccccc2)o1)C(=O)O","C#CC(NC(=O)Cc1c[nH]c2cccc(Cl)c12)C1CCOCC1","CCC(CC)CN(CCC#N)C(=O)c1cccc2c1OC(C)(C)C2","CC(=O)N1CCc2cc(NC(C)C(=O)Nc3cc(C)on3)ccc21","CCc1ccccc1S(=O)(=O)NCC(O)CN1CCOCC1","CC1(C)CN(S(=O)(=O)NCc2ccc(C(=O)O)cc2)CCO1","N#Cc1cc(Br)ccc1NC1CCCS(=O)(=O)C1","Cc1cc(NC(=O)NC2CCOc3ccccc32)n(C(C)(C)C)n1"
m_163da0,"Cc1c(NC(C)C(C)C)cccc1C(=O)NC(C)(C)c1cnn(C)c1","Cc1cc(C(=O)N2CCN(C(=O)Cc3ccccc3O)CC2)c(C)o1","CCn1ccnc1C(C)NC(=O)c1nc(C)n(-c2ccc(F)cc2)n1","CCc1ccc(C(=O)Nc2ccc(CCN3CCC(O)CC3)cc2)o1","Cc1[nH]nc(C(=O)N2CC(c3nc(C(C)C)n[nH]3)C(C3CC3)C2)c1C","O=C(Nc1ccsc1C(=O)NCCCn1ccnc1)c1ccoc1","CCC1(CC)C(OC)CC1N(C)C(=O)NCc1ccnc(C)n1","Cc1nn(C)c(C)c1CC(=O)NC(C)c1ccc2c(c1)NC(=O)CO2","COc1ccc(OC)c(CNC(=O)c2ccnc(N3CCCC3)n2)c1","Cc1cc(C(=O)NC(Cc2ccccc2)CN2CCOCC2)n(C)n1","CCc1nnc(C)cc1C(=O)N1CCCCC1c1n[nH]c(C(C)C)n1","CCOc1cc(S(=O)(=O)N2CCN(C)CC2)c(OCC)cc1C","COc1ccc(SC(C)C(=O)Nc2cc(C)nn2CCC#N)cc1","N#Cc1ccc(OCC(O)CN2CCOc3c(F)cccc3C2)cc1","CC(C)(C)n1cc(C(=O)N2CCCC(c3nnc4n3CCC4)C2)cn1","CN(C)c1cc(CNC(=O)CN2C(=O)C3CCCCC3C2=O)ccn1","CC(=O)NCc1cccc(C(=O)N2CCCC2c2nc(N)n(C)n2)c1","CC1CC1C(=O)Nc1cccc(C(=O)NC2(C)CCOC2C2CC2)c1","O=C(O)Cc1ccc(NS(=O)(=O)c2ccc3ncccc3c2)cc1","CCc1nnc(C23CCCC2CN(C(=O)c2conc2C2CC2)C3)o1","O=C(O)C1CN(c2ncnc3c(-c4ccccc4)nsc23)CCO1","CN(C)c1cc(C(=O)NC2CCCN(c3ccnn3C)C2=O)ccn1","CNC(=O)C12CCOCC1CN(c1cncc(-n3ccnc3C)n1)C2","COC1CC(c2nncn2C)N(C(=O)c2cccc3[nH]ccc23)C1","Cc1c(NC(C)C(C)C)cccc1C(=O)NC(C)(C)c1cnn(C)c1"
m_1700bc,"C#CCNC(=O)CN(Cc1cccc(OC)c1)C1CCC(O)CC1","O=C(NCCC1CCN(CC(F)(F)F)CC1)Nc1cccnc1","COc1ccc(C2(CNC(=O)C3CCC(=O)N3)CCCCC2)cc1","CN(C)c1ccnc(C(=O)N2CCCC(O)(Cn3ccnn3)C2)c1","O=C(NC1CCC2(CCCCC2)CC1)NC1CCc2cn[nH]c2C1","COc1ccc(C2CCCN2CCC(=O)NC2CCCCC2)cc1","CN(C)Cc1ccc(CNC(=O)c2ccc(C(N)=O)nc2)cc1F","CCOc1cccc(C(=O)N2CC3(CCNCC3)C3COCC32)c1","O=C(COc1ccc(C(=O)NC2CCCC2)cc1)NC1CCCC1","COc1cccc(C(=O)Nc2ccc(F)cc2NC2CC2)c1OC","O=C1CC(N(C(=O)c2cc(-c3cccs3)n[nH]2)C2CC2)C(=O)N1","Cc1csc(C2CCCN(C(=O)c3ccnc(N(C)C)c3)C2)n1","C#CCNC(=O)CN(Cc1cccc(OC)c1)C1CCC(O)CC1","C#CCNC(=O)CN(Cc1cccc(OC)c1)C1CCC(O)CC1","C#CCNC(=O)CN(Cc1cccc(OC)c1)C1CCC(O)CC1","C#CCNC(=O)CN(Cc1cccc(OC)c1)C1CCC(O)CC1","C#CCNC(=O)CN(Cc1cccc(OC)c1)C1CCC(O)CC1","C#CCNC(=O)CN(Cc1cccc(OC)c1)C1CCC(O)CC1","C#CCNC(=O)CN(Cc1cccc(OC)c1)C1CCC(O)CC1","C#CCNC(=O)CN(Cc1cccc(OC)c1)C1CCC(O)CC1","C#CCNC(=O)CN(Cc1cccc(OC)c1)C1CCC(O)CC1","C#CCNC(=O)CN(Cc1cccc(OC)c1)C1CCC(O)CC1","C#CCNC(=O)CN(Cc1cccc(OC)c1)C1CCC(O)CC1","C#CCNC(=O)CN(Cc1cccc(OC)c1)C1CCC(O)CC1","C#CCNC(=O)CN(Cc1cccc(OC)c1)C1CCC(O)CC1"
m_1712db,"CCCC1(CO)CCCN1C(=O)C(C)NS(C)(=O)=O","Cc1ccc(C(=O)Nc2ccc(Cl)c(C(=O)O)c2)n1C","CCCC(CCC)C(=O)N1CCN(c2cnn(C)c2)CC1","Cc1cc(C(=O)NC2COCC2Oc2cnn(C)c2)no1","CC1(CNC(=O)c2cn(C(C)(C)C)nn2)CCCCCC1","CCCCC(=O)OCc1nc2sc(C)c(C)c2c(=O)[nH]1","COc1cc(OC)cc(N(C)C(=O)c2scnc2C)c1","CCCc1noc(CN2CC(OC)C(c3c[nH]nn3)C2)n1","COc1ccc(CN2CCCC2C2COCCC2O)cn1","Cn1cc(OC2COCC2NC(=O)c2cnn(C)n2)cn1","Cn1c(CNC(=O)C2(O)CCCCC2)nnc1C1CCC1","CC(Sc1nnc(C2CC2)n1C1CC1)C(=O)NC1CC1","CC(=O)NCC1CC2CCC(C1)N2C(=O)C12CC(CO1)C2","COc1cc(CO)ccc1OCc1noc(C(C)(C)C)n1","CCC(COC)NC(=O)Nc1cc(-c2ccco2)nn1C","Cc1cc(NC2CCSCC2)ccc1C(=O)NC(C)C","Cc1ccc(NC(=O)C[S+]([O-])Cc2cc(C)on2)cc1","COCc1ncc(C(=O)NCc2cccc(OC)c2)s1","Cn1c(C(=O)N2CCCC(CCC(=O)O)C2)cccc1=O","O=C(NC(C1CC1)C1CC1)N1CCOC2(CCCCC2)C1","CCOc1ccc(C2CC2NC(=O)NCC(O)CC)cc1","COC1CC(c2ncn[nH]2)N(Cc2noc(C(C)C)n2)C1","COc1cc(CN(C)c2nc(C)cc(C(C)C)n2)sn1","COCC1CC(OC)CN1c1nc(N)c2cnn(C)c2n1","Cn1c(=NC(=O)CC2COC(=O)C2)sc2ccccc21"
m_1777b7,"COc1cccc(NC2CCN(C(=O)c3ccc4cc[nH]c4c3)CC2)c1","O=C(Nc1ccc(-c2nnc[nH]2)cc1)c1ccccc1N1CCOCC1","CSc1sc(NC(=O)c2cccc3c2OC(C)C(=O)N3)nc1C","CS(=O)(=O)NC1CCCN(C(=O)c2cc(O)nc3ccccc23)C1","COc1nn(C)cc1NS(=O)(=O)c1cc(C(=O)O)cc2c1CCC2","CN1C(=O)CCC(CNc2ncc(Cl)cc2F)C1c1cnn(C)c1","CCCNC(=O)c1ccccc1NC(=O)c1ccc(-c2cnco2)cc1","CN(CC(=O)NCCc1c[nH]c2ccccc12)c1ncnc2nc[nH]c12","Cc1cn2c(n1)CCC(NC1CCN(Cc3ccc(C#N)cc3)CC1)C2","Cc1noc(C)c1C(=O)NC(Cc1ccccc1)C(=O)NC1CC1","Cc1ccc(CS(=O)(=O)Cc2cc(-c3ccccc3)on2)cc1","CC(C)c1nc2n(n1)CC(NC(=O)N1CC(C)(C)OC(C)(C)C1)CC2","COCC1(O)CN(C(=O)c2cc(F)c(Oc3ccccc3)c(F)c2)C1","CCn1cc(S(=O)(=O)N2CCOC(c3cccc(O)c3)C2)nc1C","COc1ccc2c(c1)CC(C)N(C(=O)Cc1c[nH]c3ncccc13)C2C","O=S(=O)(c1cnc(N2CCCC2)c(C(F)(F)F)c1)N1CCCC1","Cc1ccc(-n2nnc(C(=O)Nc3ccc(Cl)c(C#N)c3)c2C)cc1","O=C(c1ccc(-n2cccn2)nc1)N1CCC(Nc2cccnn2)CC1","CCN(CC)Cc1ccccc1NC(=O)c1cccc(-n2ccnn2)c1","CNC(=O)C1CCN(S(=O)(=O)c2ccccc2-c2ccno2)CC1","CC1CCCCC1N(C)C(=O)c1nc(S(C)(=O)=O)n2ccccc12","CCOc1cc2c(cc1CNC(=O)c1ccc3[nH]cnc3c1)OC(C)C2","CC1Oc2ccc(NC(=O)c3cnn(-c4ccccc4)n3)cc2NC1=O","Cc1cnn(C)c1S(=O)(=O)Nc1cc2c(cc1C(=O)O)CCCC2","COc1cccc(NC2CCN(C(=O)c3ccc4cc[nH]c4c3)CC2)c1"
m_1813a1,"COc1ccc(CN2CCCN(c3nc(C4CC4)no3)CC2)cc1","O=C(Nc1ncccn1)C1CCN(Cc2nc(C3CC3)no2)CC1","Cc1nn(C)c(C)c1C1OCCC1C(=O)N(C)Cc1ccccn1","COc1ccccc1CN1CC(OC)CC1COc1cccnc1","NC(=O)COc1ccc(C(=O)N2CCCC2Cn2cccn2)cc1","COc1ccc2c(c1)OC(C)(C)CN(C(=O)Nc1cnn(C)c1)C2","COc1cccc(C(C)(C)CNC(=O)c2cccc(C(=O)O)n2)c1","COC1CC(c2nc(C3CC3)n[nH]2)N(Cc2ccc(CO)cc2)C1","Cc1ccc(O)c(NC(=O)C2CCCCC2C(=O)N2CCCC2)c1","COc1ccc(CC(C)NC2CCN(c3cnn(C)c3)C2=O)cc1","Cc1cc(C)c(C#N)c(SC(C(=O)NC(N)=O)C(C)C)n1","O=C(O)c1ccccc1OCCN1CCN(c2ncccn2)CC1","CCN1C(=O)CCC(CNc2ccnc(C)n2)C1c1cnn(C)c1","Cc1cc(C(=O)N2CCc3sccc3C2)c2c(=O)[nH]n(C)c2n1","COc1cc(N2CCN(c3ccc4nncn4n3)CC2)ccc1F","Cn1cc(C2(C)CN(c3cc(N4CCCC4)ncn3)CCO2)cn1","CCC(C)Oc1ccccc1C(=O)N1CCN(c2ncc[nH]2)CC1","COc1ccc(CC2CCN(C(=O)C(C)n3cncn3)CC2)cc1","COc1ccc(CCC(=O)N2CCN(c3cnn(C)c3)CC2)cc1","c1cc(C2OCCC2NCc2ncc(C3CC3)o2)n(CC2CC2)n1","Cc1csc(N(C(=O)c2ccccc2OCC2CC2)C2CC2)n1","COc1ccc(CN2CCCN(c3nc(C4CC4)no3)CC2)cc1","COc1ccc(CN2CCCN(c3nc(C4CC4)no3)CC2)cc1","COc1ccc(CN2CCCN(c3nc(C4CC4)no3)CC2)cc1","COc1ccc(CN2CCCN(c3nc(C4CC4)no3)CC2)cc1"
m_18f297,"Cc1cc(C(F)(F)F)ccc1CNC(=O)NC1CCC(O)CC1","O=S(=O)(c1ccc2c(c1)CCO2)N1CCCC1c1ccncc1","COc1ccc(CNC(=O)c2cnc3[nH]c(=O)[nH]c3c2)cc1Cl","Nc1nccc(C2CCCN(C(=O)COc3ccc(F)cc3)C2)n1","CCOC(=O)CN(C(=O)C1CC1c1cccnc1)C1CCCCC1","CCn1nnc2cc(C(=O)Nc3ccc(OC)c(Cl)c3)ccc21","COC1CCCCN(CC(=O)Nc2ccc3nc(C)cn3c2)C1=O","O=C(O)CC1(NC(=O)c2ccc(F)c3ccncc23)CCCCC1","O=C(Cc1ccccc1O)NC1CCN(c2ccc(F)cc2F)C1","Cc1cc(-n2cncn2)ccc1C(=O)N1CCOC(CC(=O)O)C1","CCc1ccc(CCC(=O)N2CCN(C3CCCC3O)CC2)cc1","CC1CCCN(C(=O)C2CCN(c3ccnc(C(N)=O)c3)CC2)C1","COc1ccc(C2CCCN2CCC(=O)NC2CCCCC2)cc1","O=C(O)c1cccnc1CN1CCC(Oc2ccc(F)cc2)CC1","O=C(O)CCN1CCCN(Cc2ccc(C(F)(F)F)cc2)CC1","COc1cnc2ccccc2c1C(=O)N(C)CC1(O)CCOCC1","Cc1cc(-c2csc(N3CCOCC3)n2)c(C)n1-c1ncn[nH]1","Cc1cccc(CS(=O)(=O)Nc2nn(C(C)(C)C)cc2C#N)c1","CCn1cc(OC2COCC2NC(=O)Cc2cccnc2C)cn1","Cc1cc(C(F)(F)F)ccc1CNC(=O)NC1CCC(O)CC1","Cc1cc(C(F)(F)F)ccc1CNC(=O)NC1CCC(O)CC1","Cc1cc(C(F)(F)F)ccc1CNC(=O)NC1CCC(O)CC1","Cc1cc(C(F)(F)F)ccc1CNC(=O)NC1CCC(O)CC1","Cc1cc(C(F)(F)F)ccc1CNC(=O)NC1CCC(O)CC1","Cc1cc(C(F)(F)F)ccc1CNC(=O)NC1CCC(O)CC1"
m_1a0749,"Cc1n[nH]c(-c2ccc(NC(=O)Cc3cc(F)ccc3Br)cc2)n1","Cc1nc(-c2cccc(NC(=O)Cc3ccc(F)cc3Br)c2)n[nH]1","Cn1nncc1S(=O)(=O)N1CC=C(c2cccc(OC(F)(F)F)c2)CC1","O=C(Cc1coc(-c2ccc(F)cc2)n1)Nc1ccccc1Nc1ccncc1","COc1ccc(-c2noc(C(C)S(=O)(=O)Cc3ccc(F)cc3C)n2)cc1","NC(=O)C1CCC(NC(=O)N2CCc3nnc(N4CCCOCC4)cc3C2)C1","O=C(Cn1nnc(-c2ccccc2)n1)N1c2ccccc2NC(=O)C12CCCC2","CC(c1ccc(S(N)(=O)=O)cc1)N(C)C(=O)COc1ccc2c(c1)CCC2","Cc1ccc(S(C)(=O)=O)cc1NC(=O)CNCc1ccc(C(C)(C)C)cc1","CSc1ccc(NC(=O)C2CCCN2c2ncnc3sccc23)cc1F","CCOC(=O)CN1CCCN(C(=O)COc2cccc(C(F)(F)F)c2)CC1","CCCN(C(=O)c1cccc2nccnc12)C1CCN(Cc2ccccc2)CC1","Cn1c(=O)oc2c(C(=O)Nc3cc(C4CCC4)nn3-c3ccccc3)cccc21","Cn1c(=O)oc2c(C(=O)Nc3cc(CC4CC4)nn3-c3ccccc3)cccc21","COc1ccc(NC(=O)C(C)N2CCN(C(=O)CN3CCOCC3)CC2)cc1","CN1C(=O)CC(C(=O)NCC(C)(C)c2cccc(Cl)c2)C1c1nccn1C","c1ccn2c(-c3noc(C4CCn5c(cnc5C5CCCCC5)C4)n3)cnc2c1","CC(C)N1CCN(c2cccc(NC(=O)C3CCC(C(=O)N(C)C)O3)c2)CC1","CCCNC(=O)C1CCN(c2c(C#N)cnc3ccc(OC(F)F)cc23)CC1","CCc1nc(C)cn1S(=O)(=O)c1cc(OC)c(Br)cc1OC","CC1Oc2ccc(NC(=O)c3cc(C(C)C)n(-c4ccccc4)n3)cc2NC1=O","CC1(C)CC(NC(=O)C2CCN(c3ccc4nncn4n3)CC2)CO1","Cc1n[nH]c(-c2ccc(NC(=O)Cc3cc(F)ccc3Br)cc2)n1","Cc1n[nH]c(-c2ccc(NC(=O)Cc3cc(F)ccc3Br)cc2)n1","Cc1n[nH]c(-c2ccc(NC(=O)Cc3cc(F)ccc3Br)cc2)n1"
m_1a8b29,"CC(NC(=O)c1ccn(C(C)C)n1)c1nc[nH]n1","C1CC(c2noc(CC3CC4CCC3C4)n2)CO1","CCOC1(c2nc(-c3cn[nH]c3)no2)CCCC1","Cc1ccc(F)cc1C(=O)Nc1nnc(C)n1C","CC#CCN1CCCC(O)(Cc2nncn2C)C1","CC(=O)Nc1cccc(NC(=O)CCC(C)C)c1","NC12CCC1CN(Cc1n[nH]c3c1COCC3)C2","C=C(C)CN1CCN(c2nccc(OC)n2)CC1","CC1CC(C(=O)O)CCN1C(=O)c1ccccn1","Cc1cc(C(=O)NC2CC(CC(=O)O)C2)ccn1","O=C(NCc1ccccn1)c1ccc(F)cc1F","CC1N(C(=O)Nc2ccnnc2)CCOC1(C)C","N#Cc1c(F)cccc1NCC1(O)CCOCC1","Cc1cc(C(=O)NCC2CCC(C)C2)cc(O)n1","CCCc1nccn1Cc1noc(C(C)(C)C)n1","CC(C)c1cc(NC(=O)C(C)n2cncn2)[nH]n1","CC(C)C1OCCC1CNC(=O)c1ccncc1","CC(NC(=O)c1ccn(C(C)C)n1)c1nc[nH]n1","CC(NC(=O)c1ccn(C(C)C)n1)c1nc[nH]n1","CC(NC(=O)c1ccn(C(C)C)n1)c1nc[nH]n1","CC(NC(=O)c1ccn(C(C)C)n1)c1nc[nH]n1","CC(NC(=O)c1ccn(C(C)C)n1)c1nc[nH]n1","CC(NC(=O)c1ccn(C(C)C)n1)c1nc[nH]n1","CC(NC(=O)c1ccn(C(C)C)n1)c1nc[nH]n1","CC(NC(=O)c1ccn(C(C)C)n1)c1nc[nH]n1"
m_1b1573,"CCC1(NC(=O)Nc2cn(-c3ccccc3)nc2C)CCC1","O=C(NCCN1CCCCCC1)c1ccnc2ccncc12","CC1COCCN1C(=O)NCC1CCCOC1C(C)(C)C","Cc1c(C#N)nn(-c2ccccc2)c1NC(=O)COC(C)C","Cc1ccc2nc(C)c(C(=O)NC3(C(=O)O)CCC3)cc2c1","O=C(Nc1ccc2[nH]c(C3CCC3)nc2c1)C1CNCCO1","Cc1cccc2c(O)c(C(=O)NC3CCCOCC3)cnc12","O=C(CCc1ccc2[nH]ccc2c1)N1CC(C2CCOC2)C1","COCC1CCCCN(C(=O)c2cncc3ccccc23)C1","Cc1cc(C(=O)NCC2CCNCC2)nn1-c1ccccc1","CC1CCN(CCNC(=O)c2ccc(Cl)cc2F)CC1","Cc1cc(C(=O)NC2(C(=O)O)CCC2)ccc1-n1cncn1","Cc1cn(CC(=O)N2CCC(C)(C(=O)O)C2)c2ccccc12","COCCn1ccc(NC(=O)c2cc3ccc(C)cc3[nH]2)n1","Cc1cccc(-c2[nH]ncc2CN2CCC(CC(N)=O)C2)c1","CC(=O)N1CCCC1c1nc(-c2ccccc2)c(C(C)C)o1","Cc1cc(C(=O)NCC2CCN(C)C2)nn1-c1ccccc1","COC1CC(c2nncn2C)N(c2ccc(C)c(C#N)n2)C1","CCc1nc(C)c(C(=O)N(C)CC2(c3ccccc3)CC2)o1","CCC1(NC(=O)Nc2cn(-c3ccccc3)nc2C)CCC1","CCC1(NC(=O)Nc2cn(-c3ccccc3)nc2C)CCC1","CCC1(NC(=O)Nc2cn(-c3ccccc3)nc2C)CCC1","CCC1(NC(=O)Nc2cn(-c3ccccc3)nc2C)CCC1","CCC1(NC(=O)Nc2cn(-c3ccccc3)nc2C)CCC1","CCC1(NC(=O)Nc2cn(-c3ccccc3)nc2C)CCC1"
m_1b27e6,"Cc1ccnc(-c2noc(C3CCCN(C(=O)c4ccc(F)cc4)C3)n2)n1","CC(C)N(C)c1ccccc1NC(=O)Cc1coc(-c2ccc(F)cc2)n1","CC1CN(Cc2cccnc2)CCN1C(=O)c1cnc(OCC2CC2)cn1","O=C(c1ccn(C2CCCCC2)n1)N1CCCC(CO)(c2ccccc2)C1","Cc1ccc(NC(=O)C2CCCN(C(=O)c3sccc3C3CC3)C2)nc1","COc1cc(C(=O)N2CCC(Cc3ccccc3)CC2)ccc1OC(C)C","Cc1nn(C)c(C)c1C(C)C(=O)NC(C(=O)O)c1ccc(Cl)c(F)c1","COc1ccc(C(=O)N2CCCC(S(=O)(=O)NC3CCCC3)C2)cn1","O=C(c1cnc(-c2ccccn2)s1)N1CCC(Cc2ccc(F)cc2)C1","CCCNC(=O)CN1CCC(NCc2cccc(Br)c2)CC1","CCCOc1ccc(NC(=O)Cc2csc(-c3cccnc3)n2)c(C)c1","COC(=O)Nc1ccc(S(=O)(=O)N2CCC3(CCNCC3)CC2)cc1","CCCc1nc(C(=O)N2CCc3cnccc32)nn1-c1ccccc1Cl","Cc1c(Cl)c(C(=O)NC2(Cc3ccc(Cl)cc3)CCOC2)nn1C","O=C1CC(c2nc(-c3ccccc3Cl)no2)CN1CCc1ccccc1","CC(CC#N)Sc1ccccc1NC(=O)CN1CCCCCC1=O","CC1CN(S(C)(=O)=O)CCC1NC(=O)NC1CCCCCCC1","COC(=O)c1ccc2c(=O)n(-c3ccc(F)cc3)c(N3CCCC3)nc2c1","CC(C)n1nnnc1-c1ccccc1NC(=O)c1cccc2c1OCCO2","CCC1CN(CC(=O)Nc2cccc(C(=O)N(C)C)c2)c2ccccc2O1","O=C(CCC1CCOCC1)Nc1ccc(-n2ncc3c(=O)[nH]cnc32)cc1","CC(NC(=O)CC(NC(N)=O)c1ccccc1F)C1CCCO1","COc1ccc(C(=O)Nc2cc(-n3cnnn3)ccc2C)c(OC(C)C)c1","O=C(CCCc1nc2ccccc2c(=O)[nH]1)N1CCc2ccc(F)cc2C1","Cc1ccc(S(=O)(=O)Nc2nnc(-c3ccc(F)cc3)o2)cc1Cl"
m_1beae5,"CC(=O)N1c2ccccc2CC1C(=O)NCCc1cc(C)no1","Cn1ccnc1C1CCN(C(=O)c2ccccc2OC2CC2)C1","Cn1c(=O)n(C)c2cc(NC(=O)CC3CC4CCC3C4)ccc21","C=CCNC(=O)NC(=O)CN(CC)c1cc(C)ccc1C","CCS(=O)(=O)CC(=O)NCCCc1ccc(C(C)C)cc1","Cc1cnc(NCC2CC(=O)N(C)C2c2ccncc2)nc1C","Cc1nccc(C2CCCN(c3cc(C(C)(C)C)ncn3)C2)n1","Cc1ccccc1CCC(=O)NCC(C(=O)O)c1ccccc1","Cc1cccc(C)c1-n1nnnc1CSCc1ccncc1","CC(=O)Nc1ccc(NC(=O)C2CC2c2ccc(F)cc2)nc1","CC1CN(C)c2ccccc2CN1C(=O)c1ccc(=O)n(C)c1","CCNc1nnc(SCC(O)COc2ccccc2)s1","CC1CN(C(=O)c2n[nH]c3c2CCC3)CC(c2ccccc2)O1","CN(Cc1ncccn1)C(=O)c1ccnc(NC(=O)C2CC2)c1","COc1ccc(C2CCCN2C(=O)c2ccnc(CN)c2)cc1","CC1CC(O)CN1c1ccc(S(=O)(=O)NCC2CC2)cn1","CCNC(=O)NCC(c1ccc(Cl)cc1)N1CCOCC1","CN(Cc1cnn(C)c1)C(=O)Nc1ccc(-n2cccn2)nc1","Cc1ccc(C(=O)N2CCC(NC(=O)c3cc[nH]c3)CC2)cc1","COc1cc2c(cc1OC)CN(c1ccnc(C3CC3)n1)CC2","Cc1cc(C)c(C)c(S(=O)(=O)N2CC(C)OC(C)C2)c1C","CCN(C(=O)CNc1cccc(C(N)=O)c1C)c1ccccc1","O=C(O)C1CCN(C(=O)c2ccc(OCC3CCCO3)cc2)CC1","CCCC1CN(C(=O)NCc2nc(-c3cccs3)n[nH]2)CCO1","Cn1c(SCc2cc(C#N)ccc2F)nnc1N1CCOCC1"
m_1d7bdd,"CC(C)c1nnc(C2CN(C(=O)c3ccc4cc[nH]c4c3)CCO2)o1","Cc1noc(CC2(O)CCCN(C(=O)c3cccc4cc[nH]c34)C2)n1","O=C(O)C1CC2CCCCC2N1C(=O)c1ccc(-n2ccnn2)cc1","COCC(=O)NC(C(=O)NC1CC1c1ccc(F)cc1F)C(C)C","Cc1ccc2[nH]c(C(=O)N3CC(C)OC4(CCOCC4)C3)cc2c1C","O=C(O)C1CC2CCCCC2N1C(=O)c1coc(-c2ccccc2)n1","COC(=O)C1CCN(C(=O)CNc2cc(Cl)ccc2OC)CC1","CCn1cc(C(=O)NC2COCC2Oc2cn[nH]c2)c2ccccc21","CC(C)Oc1ccc(F)cc1NC(=O)c1cc2ccccc2c(=O)[nH]1","Cc1ccc(S(=O)(=O)NCc2cc(=O)[nH]c3ccccc23)cc1C","CN(C)C(CNC(=O)c1cc(C(=O)O)n(-c2ccccc2)n1)C1CC1","N#Cc1cccc(COc2ccc(NC(=O)C3CCCO3)cc2F)c1","O=C(NCCC1CCC2(CCOCC2)CO1)c1ccc2[nH]ccc2c1","CN(C)C(=O)CNC(=O)c1cnn(C2CCCC2)c1-c1ccccc1","CCCOc1nc2ccccc2cc1C(=O)N1CCC2OCCC2C1","COc1cc(C(=O)N2CCCC(C)C2C(=O)OC(C)(C)C)sn1","CC(C)c1nnc(C2CN(C(=O)c3ccc4cc[nH]c4c3)CCO2)o1","CC(C)c1nnc(C2CN(C(=O)c3ccc4cc[nH]c4c3)CCO2)o1","CC(C)c1nnc(C2CN(C(=O)c3ccc4cc[nH]c4c3)CCO2)o1","CC(C)c1nnc(C2CN(C(=O)c3ccc4cc[nH]c4c3)CCO2)o1","CC(C)c1nnc(C2CN(C(=O)c3ccc4cc[nH]c4c3)CCO2)o1","CC(C)c1nnc(C2CN(C(=O)c3ccc4cc[nH]c4c3)CCO2)o1","CC(C)c1nnc(C2CN(C(=O)c3ccc4cc[nH]c4c3)CCO2)o1","CC(C)c1nnc(C2CN(C(=O)c3ccc4cc[nH]c4c3)CCO2)o1","CC(C)c1nnc(C2CN(C(=O)c3ccc4cc[nH]c4c3)CCO2)o1"
m_1de28b,"COc1ccc([S+]([O-])Cc2nnc(C3CCC3)n2C)cc1","CC(C)(C)C1OCCCC1CNC(=O)NCc1ccncc1","COc1cc(C(=O)N(C)C2CCCCC2)cc2c1OCCO2","CCN(C(=O)c1cc(OC)c2c(c1)OCCO2)C1CCCC1","CC1(C)CN(CCOc2cccc(C(=O)O)c2)C2COCC21","CCC(C(=O)O)N1CCC(C(=O)Nc2ccc(C)cn2)CC1","CC1CCN(Cc2cn(CC(=O)NCC3CCC3)nn2)CC1","CC1CC(C(=O)Nc2cnc(N3CCNCC3)nc2)C(C)O1","CC1CCC(CCC(=O)N(C)CC2CCc3nccn3C2)O1","CCNC(=O)N1CCC(NCC2CCc3nccn3C2)CC1","O=C(CCOCC(F)(F)F)Nc1ccc2c(c1)OCCO2","COCCC1(CNC(=O)C23CC4CC(CC(C4)C2)C3)CCC1","COc1ccnc(N2CCN(CCN3CCCCC3)CC2)n1","O=C(O)C1CCCN(C(=O)c2ccc3c(c2)OCCCO3)C1","NC(=O)c1c[nH]c(C(=O)N2CCCC2C2CCCCC2O)c1","O=C(NCc1cccnc1)NC1COc2cc(F)cc(F)c21","COC1(C)CC(NC(=O)N(C)C(C)c2ccncc2)C1(C)C","CN(C(=O)c1cc[nH]c(=O)c1)C(C)(C)CN1CCCCCC1","COc1ccc([S+]([O-])Cc2nnc(C3CCC3)n2C)cc1","COc1ccc([S+]([O-])Cc2nnc(C3CCC3)n2C)cc1","COc1ccc([S+]([O-])Cc2nnc(C3CCC3)n2C)cc1","COc1ccc([S+]([O-])Cc2nnc(C3CCC3)n2C)cc1","COc1ccc([S+]([O-])Cc2nnc(C3CCC3)n2C)cc1","COc1ccc([S+]([O-])Cc2nnc(C3CCC3)n2C)cc1","COc1ccc([S+]([O-])Cc2nnc(C3CCC3)n2C)cc1"
m_1f86e6,"CC1CC(NC(=O)C2(c3ccccc3Cl)CCOCC2)c2ccsc2S1(=O)=O","O=C(NCc1ccccc1)C1CCN(c2nn3cc(-c4ccccc4)nc3s2)CC1","Cc1ccc(OC2CCN(C(=O)c3c(O)cnc4c(Br)cccc34)CC2)nc1","O=C(Nc1ccc2nc(C3CC3)sc2c1)c1cccc(CN2CCS(=O)(=O)CC2)c1","Cc1nn(-c2ccccc2Cl)c2sc(C(=O)NC(C)(C)CCS(C)(=O)=O)cc12","O=C(C1COCCN1CC(F)(F)F)N1CCn2c(nnc2-c2ccccc2)C1","Cc1noc(NS(=O)(=O)c2ccc(NS(=O)(=O)c3ccc(Cl)cc3)cc2)c1C","CNS(=O)(=O)c1ccc2c(c1)N(C(=O)c1ccccc1NC(=O)c1cccs1)CC2","Cc1c(C(=O)Nc2ccc(Br)c(C(F)(F)F)c2)cnn1-c1ccc(=O)[nH]n1","CC1CC(NC(=O)C2(c3ccccc3Cl)CCOCC2)c2ccsc2S1(=O)=O","CC1CC(NC(=O)C2(c3ccccc3Cl)CCOCC2)c2ccsc2S1(=O)=O","CC1CC(NC(=O)C2(c3ccccc3Cl)CCOCC2)c2ccsc2S1(=O)=O","CC1CC(NC(=O)C2(c3ccccc3Cl)CCOCC2)c2ccsc2S1(=O)=O","CC1CC(NC(=O)C2(c3ccccc3Cl)CCOCC2)c2ccsc2S1(=O)=O","CC1CC(NC(=O)C2(c3ccccc3Cl)CCOCC2)c2ccsc2S1(=O)=O","CC1CC(NC(=O)C2(c3ccccc3Cl)CCOCC2)c2ccsc2S1(=O)=O","CC1CC(NC(=O)C2(c3ccccc3Cl)CCOCC2)c2ccsc2S1(=O)=O","CC1CC(NC(=O)C2(c3ccccc3Cl)CCOCC2)c2ccsc2S1(=O)=O","CC1CC(NC(=O)C2(c3ccccc3Cl)CCOCC2)c2ccsc2S1(=O)=O","CC1CC(NC(=O)C2(c3ccccc3Cl)CCOCC2)c2ccsc2S1(=O)=O","CC1CC(NC(=O)C2(c3ccccc3Cl)CCOCC2)c2ccsc2S1(=O)=O","CC1CC(NC(=O)C2(c3ccccc3Cl)CCOCC2)c2ccsc2S1(=O)=O","CC1CC(NC(=O)C2(c3ccccc3Cl)CCOCC2)c2ccsc2S1(=O)=O","CC1CC(NC(=O)C2(c3ccccc3Cl)CCOCC2)c2ccsc2S1(=O)=O","CC1CC(NC(=O)C2(c3ccccc3Cl)CCOCC2)c2ccsc2S1(=O)=O"
m_20b8f2,"Cc1nn(C)c2nccc(NC3CCOC3C3CC3)c12","CNCC1CCCN(S(=O)(=O)c2cnn(C)c2)C1","CC1COCCN1C(=O)c1cnn(-c2cccnc2)c1","CC(N)C1CCCCN1S(=O)(=O)c1cnn(C)c1","COC(=O)C1CCn2c(nnc2-c2cccc(C)n2)C1","CC(C)N(Cc1cn(-c2ccc(O)cc2)nn1)C(C)C","Cc1noc(C(C)Nc2ccc3c(c2)CCC(=O)N3)n1","O=C(Cc1c(F)cccc1Cl)NC1CNCC1O","O=C(NC12CCCC1NCC2)c1ccnc2c1CCN2","Cc1ccnc(N2CCC(Cc3nncn3C)CC2)n1","O=C(NCc1cccc2c1OCCO2)Nc1cn[nH]c1","COc1ccc(NC(=O)Cc2ccccc2OC)cn1","COC(=O)C1CCc2nnc(-c3ncccc3C)n2C1","CC(C)(C)c1cc(=O)n(Cc2ccc(CO)cc2)cn1","CCN1CCCN(c2nc(C)cc(C)c2C#N)CC1=O","c1nc(Oc2ccc3c(c2)OCO3)c2sccc2n1","O=C(NCc1nc(-c2ccco2)n[nH]1)C1CCCCC1","CCN(Cc1ccncc1)C(=O)c1c(C)nn(C)c1C","Cc1cc(CO)cc(C)c1CNc1nnc(C)c(C)n1","Cc1nc(Cn2cnc3c(cnn3C3CC3)c2=O)no1","O=C(NC1CC(CO)C1)c1onc2c1CCCC2","O=C1CCc2cc(NC(=O)c3cccs3)ccc2N1","CC(CN(C(=O)c1cccn1C)C1CC1)C(=O)O","O=C(NC(c1ccccn1)C1CCCC1)C1CCCC1","CN1C(=O)COc2cc(NC(=O)C3CC=CC3)ccc21"
m_20c386,"O=C(c1ccsc1)N1CCN(c2ccc(Cl)cn2)CC1","Cc1oc(CNC(=O)COC2CCCC(C)C2)cc1C(=O)O","Cc1nc(C2CCN(S(=O)(=O)c3cccnc3)CC2)n[nH]1","COc1ccc(C(=O)N2CCCCC2CCC(=O)O)cc1F","CCc1nc(CNC(=O)NC2CCOC23CCCCC3)co1","Cc1nn(C)c(C)c1OCC(=O)N(CC(C)C(=O)O)C1CC1","COCC(NS(=O)(=O)c1ccc(Cl)c(C)c1)C(=O)O","CC1C(=O)NCCCN1Cc1csc(-c2ccsc2)n1","CCC1CN(C(=O)CCn2ccnn2)CC1N1CCOCC1","Cc1cc(-c2noc(CSc3nnc(O)[nH]3)n2)ccc1F","O=C(NC1CC(Cn2cccn2)CC1O)c1[nH]ncc1Cl","COC1CN(C(=O)N(C)CC(F)(F)F)CC1c1c[nH]nn1","CC(C)CN1CCOC(CNc2nc3cc(F)ccc3o2)C1","O=C(c1ccsc1)N1CCN(c2ccc(Cl)cn2)CC1","O=C(c1ccsc1)N1CCN(c2ccc(Cl)cn2)CC1","O=C(c1ccsc1)N1CCN(c2ccc(Cl)cn2)CC1","O=C(c1ccsc1)N1CCN(c2ccc(Cl)cn2)CC1","O=C(c1ccsc1)N1CCN(c2ccc(Cl)cn2)CC1","O=C(c1ccsc1)N1CCN(c2ccc(Cl)cn2)CC1","O=C(c1ccsc1)N1CCN(c2ccc(Cl)cn2)CC1","O=C(c1ccsc1)N1CCN(c2ccc(Cl)cn2)CC1","O=C(c1ccsc1)N1CCN(c2ccc(Cl)cn2)CC1","O=C(c1ccsc1)N1CCN(c2ccc(Cl)cn2)CC1","O=C(c1ccsc1)N1CCN(c2ccc(Cl)cn2)CC1","O=C(c1ccsc1)N1CCN(c2ccc(Cl)cn2)CC1"
m_214040,"Cc1nc(-c2ccc(CCNC(=O)CNC(=O)C(C)(C)C)s2)cs1","O=C(NCCN1CCOCC1)N1C2CCC1CC(O)(Cc1ccc(F)cc1F)C2","CN(Cc1ccc(OC(F)F)cc1)C(=O)NCCCn1nc2n(c1=O)CCCC2","O=C(Nc1ccccc1N1CCCC1=O)C1CC(=O)N(Cc2ccccc2Cl)C1","COc1ccc2nc(C)c(C(=O)Nc3cccc(C(=O)NC4CC4)c3)cc2c1","CCn1cc(Br)cc1C(=O)NCc1cccc(C(=O)NC)c1","CCN(CC(=O)N1CCCCCC1)C(=O)c1cc2cc(C(F)(F)F)ccc2n1C","CN(Cc1ccncc1)S(=O)(=O)C1CCCN(C(=O)c2cccc(Cl)c2)C1","Cc1nc(-c2ccc(CCNC(=O)CNC(=O)C(C)(C)C)s2)cs1","Cc1nc(-c2ccc(CCNC(=O)CNC(=O)C(C)(C)C)s2)cs1","Cc1nc(-c2ccc(CCNC(=O)CNC(=O)C(C)(C)C)s2)cs1","Cc1nc(-c2ccc(CCNC(=O)CNC(=O)C(C)(C)C)s2)cs1","Cc1nc(-c2ccc(CCNC(=O)CNC(=O)C(C)(C)C)s2)cs1","Cc1nc(-c2ccc(CCNC(=O)CNC(=O)C(C)(C)C)s2)cs1","Cc1nc(-c2ccc(CCNC(=O)CNC(=O)C(C)(C)C)s2)cs1","Cc1nc(-c2ccc(CCNC(=O)CNC(=O)C(C)(C)C)s2)cs1","Cc1nc(-c2ccc(CCNC(=O)CNC(=O)C(C)(C)C)s2)cs1","Cc1nc(-c2ccc(CCNC(=O)CNC(=O)C(C)(C)C)s2)cs1","Cc1nc(-c2ccc(CCNC(=O)CNC(=O)C(C)(C)C)s2)cs1","Cc1nc(-c2ccc(CCNC(=O)CNC(=O)C(C)(C)C)s2)cs1","Cc1nc(-c2ccc(CCNC(=O)CNC(=O)C(C)(C)C)s2)cs1","Cc1nc(-c2ccc(CCNC(=O)CNC(=O)C(C)(C)C)s2)cs1","Cc1nc(-c2ccc(CCNC(=O)CNC(=O)C(C)(C)C)s2)cs1","Cc1nc(-c2ccc(CCNC(=O)CNC(=O)C(C)(C)C)s2)cs1","Cc1nc(-c2ccc(CCNC(=O)CNC(=O)C(C)(C)C)s2)cs1"
m_217b19,"CC1Cc2ccccc2N1CC(=O)Nc1sc2c(c1C#N)CCC2","CS(=O)(=O)NC1CCCC1CNC(=O)C1CC1c1cccnc1","CN(Cc1ncccn1)C1CCN(C(=O)c2cc3ncccn3n2)C1","Cc1csc(CNS(=O)(=O)c2ccc3c(c2)N(C)CCC3)n1","COc1cccc(-c2noc(CC3CCN(CC(F)F)CC3)n2)c1","CS(=O)(=O)CC1(CC(=O)N2CCc3ccccc3C2CO)CC1","CCc1nc2n(n1)CC(NC(=O)c1cnc3ccc(F)cc3c1)CC2","CS(=O)(=O)Nc1cccc2c1CCN(C(=O)NCC1CCC1)C2","Cn1nccc1C1OCCCC1C(=O)NCc1nc2ccccc2[nH]1","CNCC1CCCN1S(=O)(=O)c1ccc2c(c1)N(C(C)=O)CC2","Cc1ccc(N(C)C(=O)c2cccc(C(=O)N3CCCCC3)c2)nc1","Cc1ncc(C(=O)NCc2ccc(OCC(F)(F)F)cc2)c(C)n1","CC(NC(=O)c1ccc2[nH]c(=O)n(C)c2c1)C(O)Cc1ccccc1","CCc1nc(C)cc(NC2CC(=O)N(C3CC3)C2c2cccnc2)n1","Cc1ccccc1C1CN(S(=O)(=O)CCC(F)(F)F)CCO1","N#Cc1cccnc1NCCNC(=O)NC1c2ccccc2CC1O","CCOc1ccc(Cl)cc1S(=O)(=O)N1CCc2ccccc21","O=C(O)C1CCN(S(=O)(=O)c2cc(Cl)cc(Cl)c2)CC1","CC(C)c1ccc(NC(=O)CNc2ccc3c(c2)NC(=O)CC3)cc1","Cc1cc(S(=O)(=O)N2CC(C(=O)O)CCC2C)sc1Cl","Cn1cnc2[nH]c(=O)cc(C(=O)NCc3cnccc3C(C)(C)C)c21","CC1Cc2ccccc2N1CC(=O)Nc1sc2c(c1C#N)CCC2","CC1Cc2ccccc2N1CC(=O)Nc1sc2c(c1C#N)CCC2","CC1Cc2ccccc2N1CC(=O)Nc1sc2c(c1C#N)CCC2","CC1Cc2ccccc2N1CC(=O)Nc1sc2c(c1C#N)CCC2"
m_21cd44,"Cc1ccc(NC(=O)C2CCN(C(C)c3ncccn3)CC2)nc1","CC(C)(C)c1cc(NC(=O)C2CC=CCC2)n(-c2ncccn2)n1","CN1CCC2(CCN(Cc3cc(-c4ccccc4)on3)CC2)C1=O","Oc1ccc(N2CCN(c3cc(N4CCCC4)ncn3)CC2)cc1","Cc1cc(-n2nc(C)cc2NC(=O)CC2=CCCCC2)nc(C)n1","CS(=O)(=O)NC1CCN(c2ccnc3ccc(Cl)cc23)C1","Cc1ccc(OCC(=O)Nc2ccc(NC(=O)C3CC3)nc2)cc1","CCCc1occc1C(=O)N1CC2(CCOCC2)c2ccccc21","Cn1c(NCC2CCCCC2(F)F)nc2c1c(=O)[nH]c(=O)n2C","CC12CC3CC(C)(C1)CC(C(=O)N1CCc4ncncc4C1)(C3)C2","Cn1nccc1C1CCN(C(=O)c2ccnc3c2nnn3C)CC1","Cc1nc(N2CCC(Nc3ccccc3F)CC2)c2cc[nH]c2n1","CS(=O)(=O)CC(=O)N1CCC2(CC1)C1CC3CC(C1)CC2C3","O=C(Cc1ccc(OC(F)F)cc1)N1CCC2(CCCOC2)C1","O=C(Nc1ccc(N2CCOCC2)cn1)C1Cc2ccccc2O1","Fc1ccc2ncnc(Nc3ccc(N4CCOCC4)nc3)c2c1","CNCC1CCCN(C(=O)Cc2c(C)nc3ccccc3c2C)C1","COc1cc(C2(C(=O)Nc3cnn(CC4CC4)c3)CC2)ccc1C","CCN(Cc1ccccc1C(=O)O)CC1COc2ccccc2O1","COC1CC(c2ncc[nH]2)N(S(=O)(=O)c2cn(C)nc2C)C1","CSC1CCCCC1NC(=O)NC1CC2CCCC(C1)N2C","COCC1(CO)CCN(C(=O)c2cc(Cl)cc3c2OCC3)C1","CCN(Cc1ccc(CN(C)C)cc1)c1ncnc2onc(C)c12","Brc1cnc(Sc2nnc3n2CCCCC3)nc1","O=C(NCCCc1cccc(F)c1)c1cncc(-n2ccnn2)c1"
m_2363c0,"O=S(=O)(c1ccc2c(c1)OCCCO2)N1CC(c2nc3ccccc3s2)C1","O=C(NC1(c2cccc(C(F)(F)F)c2)CCC1)c1cnc(-c2ncccn2)s1","O=C(NCCc1c[nH]c2ccc(F)cc12)C1COc2ccc(Br)cc21","Cc1nc(-c2c(C)c(C)nn(C)c2=O)sc1C(=O)NCC(O)C1CCCCC1","CCc1cccc(CC)c1NS(=O)(=O)c1cc(CCNC(C)=O)ccc1OC","O=C(CCNC(=O)C1CC1c1c(F)cccc1Cl)NC1CCS(=O)(=O)C1","COC1CCCCN(CC(=O)NCCc2ccc(F)c(F)c2F)C1=O","CC1CC(C)CN(C(=O)c2ccccc2NC(=O)c2n[nH]c3ccccc3c2=O)C1","O=S(=O)(c1ccc2c(c1)OCCCO2)N1CC(c2nc3ccccc3s2)C1","O=S(=O)(c1ccc2c(c1)OCCCO2)N1CC(c2nc3ccccc3s2)C1","O=S(=O)(c1ccc2c(c1)OCCCO2)N1CC(c2nc3ccccc3s2)C1","O=S(=O)(c1ccc2c(c1)OCCCO2)N1CC(c2nc3ccccc3s2)C1","O=S(=O)(c1ccc2c(c1)OCCCO2)N1CC(c2nc3ccccc3s2)C1","O=S(=O)(c1ccc2c(c1)OCCCO2)N1CC(c2nc3ccccc3s2)C1","O=S(=O)(c1ccc2c(c1)OCCCO2)N1CC(c2nc3ccccc3s2)C1","O=S(=O)(c1ccc2c(c1)OCCCO2)N1CC(c2nc3ccccc3s2)C1","O=S(=O)(c1ccc2c(c1)OCCCO2)N1CC(c2nc3ccccc3s2)C1","O=S(=O)(c1ccc2c(c1)OCCCO2)N1CC(c2nc3ccccc3s2)C1","O=S(=O)(c1ccc2c(c1)OCCCO2)N1CC(c2nc3ccccc3s2)C1","O=S(=O)(c1ccc2c(c1)OCCCO2)N1CC(c2nc3ccccc3s2)C1","O=S(=O)(c1ccc2c(c1)OCCCO2)N1CC(c2nc3ccccc3s2)C1","O=S(=O)(c1ccc2c(c1)OCCCO2)N1CC(c2nc3ccccc3s2)C1","O=S(=O)(c1ccc2c(c1)OCCCO2)N1CC(c2nc3ccccc3s2)C1","O=S(=O)(c1ccc2c(c1)OCCCO2)N1CC(c2nc3ccccc3s2)C1","O=S(=O)(c1ccc2c(c1)OCCCO2)N1CC(c2nc3ccccc3s2)C1"
m_23ff71,"CCc1nc(C(=O)NCC2CCOC2C(C)(C)C)c[nH]1","Cc1nc(C(=O)N2CCCC(C3CCOCC3)C2)no1","CNC(=O)CSc1nncn1-c1ccc(OC)nc1","Cc1cc(F)ccc1C(=O)N1CCCC(C)C1C(=O)O","CCc1cc(C)c(C(=O)NCC(CC)(CC)C(=O)O)o1","CC1(C)COCCN1C(=O)Cc1cn2ccsc2n1","CCOc1cccc(C[S+]([O-])c2cccc(F)c2)n1","O=C(O)C1CN(CC2CCCCC2)CC1C(F)(F)F","CCc1noc(CN2CCN(c3nccs3)CC2)n1","COc1cc(CNC(=O)C2CCOCC2)cc(OC)c1","N#Cc1cc(N2CCC3(CCOC3)C2)nc2ccccc12","CCCN1CCCN(C(=O)c2c(CC)noc2C)CC1","CCCc1nnc(NCc2c(Cl)cccc2CC)o1","CCn1nncc1CNC(=O)NC1CC1CC(C)(C)C","COc1cccc(NC(=O)N2CCC(C)(CO)CC2)n1","Cc1csc(CNC(=O)c2cn(C(C)(C)C)nn2)n1","COc1ccncc1NC(=O)c1ccc2ccccc2n1","CCc1nc(C(=O)NCC2CCOC2C(C)(C)C)c[nH]1","CCc1nc(C(=O)NCC2CCOC2C(C)(C)C)c[nH]1","CCc1nc(C(=O)NCC2CCOC2C(C)(C)C)c[nH]1","CCc1nc(C(=O)NCC2CCOC2C(C)(C)C)c[nH]1","CCc1nc(C(=O)NCC2CCOC2C(C)(C)C)c[nH]1","CCc1nc(C(=O)NCC2CCOC2C(C)(C)C)c[nH]1","CCc1nc(C(=O)NCC2CCOC2C(C)(C)C)c[nH]1","CCc1nc(C(=O)NCC2CCOC2C(C)(C)C)c[nH]1"
m_254f59,"COC(=O)c1cccc(-c2noc(-c3cc(C)[nH]n3)n2)c1","COc1cncc(-c2nc(-c3ccccc3OC)no2)n1","Cc1ccoc1C(=O)N1CCN(C)CC1c1ccccc1","O=C(NC1CC1)c1ccccc1NCc1cccc(F)c1","Cc1cc(C(=O)Nc2ccccc2CN2CCCC2)[nH]n1","CC(CNC(=O)C1CC=CCC1)N1CCc2ccccc21","Cc1nc(C(=O)NCc2ccc(C(F)(F)F)cc2)co1","CN1CCC(NC(=O)c2cc(F)cc(Cl)c2O)C1=O","Cn1ccc(C(=O)N2CCOc3ccccc3C2)cc1=O","COC(=O)c1cccc(-c2noc(-c3cc(C)[nH]n3)n2)c1","COC(=O)c1cccc(-c2noc(-c3cc(C)[nH]n3)n2)c1","COC(=O)c1cccc(-c2noc(-c3cc(C)[nH]n3)n2)c1","COC(=O)c1cccc(-c2noc(-c3cc(C)[nH]n3)n2)c1","COC(=O)c1cccc(-c2noc(-c3cc(C)[nH]n3)n2)c1","COC(=O)c1cccc(-c2noc(-c3cc(C)[nH]n3)n2)c1","COC(=O)c1cccc(-c2noc(-c3cc(C)[nH]n3)n2)c1","COC(=O)c1cccc(-c2noc(-c3cc(C)[nH]n3)n2)c1","COC(=O)c1cccc(-c2noc(-c3cc(C)[nH]n3)n2)c1","COC(=O)c1cccc(-c2noc(-c3cc(C)[nH]n3)n2)c1","COC(=O)c1cccc(-c2noc(-c3cc(C)[nH]n3)n2)c1","COC(=O)c1cccc(-c2noc(-c3cc(C)[nH]n3)n2)c1","COC(=O)c1cccc(-c2noc(-c3cc(C)[nH]n3)n2)c1","COC(=O)c1cccc(-c2noc(-c3cc(C)[nH]n3)n2)c1","COC(=O)c1cccc(-c2noc(-c3cc(C)[nH]n3)n2)c1","COC(=O)c1cccc(-c2noc(-c3cc(C)[nH]n3)n2)c1"
m_25a38e,"Cc1nnc(C2OCCC2CNc2nc3cccc(F)c3o2)[nH]1","COc1ccc(NC(=O)N(Cc2ccco2)C2CCCC2)cn1","COCc1nc(OC)cc(N2CCc3ccc(O)cc3CC2)n1","CCOc1ccccc1C(=O)Nc1ccccc1CC(N)=O","CN(C)c1ccc(C(=O)NC2CCCCC2C(F)(F)F)cn1","Cc1ccc(F)c(CNC(=O)c2n[nH]c3c2CC(C)OC3C)c1","Cc1nc(CC2CC2)sc1C(=O)N1CCOc2ccncc21","COc1ccc(-c2nc(-c3cnn(C)c3)sc2C)c(OC)c1","COc1cc(F)ccc1NC(=O)c1ccc(N2CCCC2)nc1","CCn1nc(C)c(C(=O)Nc2ccc(C(=O)OC)cc2C)c1C","Cc1ccccc1C1CN(Cc2cc(=O)c(O)co2)C(C)CO1","COC(=O)c1sc(NC(=O)c2ccc3nccn3c2)cc1C","CCOC(=O)C1CCCN(c2cncc(-n3ccnc3C)n2)C1","Cc1noc2ncnc(NCc3ccc(F)c(CN(C)C)c3)c12","O=C(NCCn1ccnc1)c1cc(Cl)cc(C(F)(F)F)c1","COc1cnc(C2CCCN2c2ccnc(C(C)C)n2)[nH]c1=O","COCCn1c(NC(=O)C2CCC(O)CC2)nc2ccccc21","Cc1n[nH]c(C)c1CC(=O)N1CCC(c2ccccc2F)CC1","O=C(NC1COCC1Oc1cn[nH]c1)c1ccc2c(c1)OCO2","COC(=O)c1cccc(CNC(=O)c2cc(C(C)C)n(C)n2)c1","COc1ccc(C(=O)NCC2COc3ccccc3O2)c(O)c1","COc1ccc(CN2CCCC2Cn2ccnc2C)cc1OC","COCc1nc2n(n1)CC(Nc1ccc([N+](=O)[O-])c(C)c1)CC2","COc1ccc(OC)c(CNc2nnc(-c3ccoc3C)o2)c1","COc1ccc(CNC(=O)CNC(=O)c2c(C)noc2C)cc1"
m_25cfa1,"O=c1nc(CN2CCN(C3c4ccccc4-c4ccccc43)CC2)[nH][nH]1","COc1ccc(OC)c(C(C)NC(=O)N(C)Cc2c(C)noc2C)c1","CCSc1ccc(C(C)NC(=O)N(C)Cc2c(C)noc2C)cc1","COc1cccc(CNC(=O)N2CCCC2C2CC(C)CCC2O)n1","CC(NC(=O)N1CCCC1C(F)F)c1cccc(S(N)(=O)=O)c1","CN(C)c1cnc(C(=O)N2CCN(c3cccc(F)c3F)CC2)cn1","Cc1nsc(N2CCCN(C(=O)c3ccc([N+](=O)[O-])cc3)CC2)n1","COC(=O)C1(NC(=O)c2sc(-c3nnc[nH]3)nc2C)CCCCC1","CC(C)N(C)c1ccc(CN2CCC(OC3CCOCC3)CC2)cn1","O=C(NC1CCOCC1O)c1cc(F)c(Oc2ccccc2)c(F)c1","COCc1nc2n(n1)CCCC2NS(=O)(=O)c1ccc(C#N)cc1","O=C(O)c1ccc(NS(=O)(=O)c2csc3ccccc23)c(O)c1","CCCc1c(C(=O)N2CCCN(C(C)=O)CC2)[nH]c(C)c1C(=O)OC","CC(C)Oc1ccnc(N2CC(N3CC(C(=O)N(C)C)CC3=O)C2)n1","CC(=O)NC12CC3CC(C1)CC(C(=O)NCCNC(=O)C1CC1)(C3)C2","Cc1nc(NC(C)c2ccnn2C)c2cc(-c3ccccc3)sc2n1","Cn1c(=O)c2cc(C(=O)NCCCn3ccnc3)sc2n(C)c1=O","COc1cccc(OCC(=O)N2CCC(C(=O)O)(C(F)(F)F)C2)c1","Cc1ccc(NC2CCN(C(=O)c3nccc4ccccc34)CC2)nn1","Cc1nn(C)c(C)c1OCC(=O)NCC1(c2ccccc2Cl)CC1","COC1CC(CN(C)C(=O)c2ccc(OC3CCCC3)nc2)N(C)C1","Cc1c(C(=O)NC(C)c2cccc(Cl)c2)nnn1C1CCNCC1","COc1cccc(C(NC(=O)c2ccc3c(c2)CCC3)C(=O)O)c1","CN(C)C(=O)c1cccc(NC(=O)Cn2c(=O)ccc3ccccc32)c1","O=C(CCc1nnc[nH]1)N1CCN(S(=O)(=O)c2ccccc2)CC1"
m_26bf54,"COc1cccc(C(=O)Nc2[nH]nc(C3CC3)c2C)c1","COc1cccc(CNC(CO)c2ccccc2)c1C","Cc1nccc(C(=O)NC23CC4CC(CC(C4)C2)C3)n1","COc1cc(S(=O)(=O)NCC(C)C)c(C)cc1C","Cc1cc(NCc2c(C3CCC3)cnn2C)nc(C)n1","O=C(O)c1cccc(CNC(=O)C2CC3C=CC2C3)c1","CN(Cc1cccc(O)c1)C(=O)C1CC1c1ccco1","COc1cccc(NC(=O)c2ccc(N(C)C)nc2)c1","CCOC1CC(NCC(O)COC)C12CCCCC2","O=C(Nc1cccnc1)N1CCCCC1c1ccco1","CC1CN(c2ncccc2S(N)(=O)=O)CCCO1","Cc1ccn(-c2ccc(NCC3C4COCC34)nn2)n1","N#Cc1ncn(CC(=O)NC2CC2C2CCCCC2)n1","COc1cccc(C(=O)Nc2[nH]nc(C3CC3)c2C)c1","COc1cccc(C(=O)Nc2[nH]nc(C3CC3)c2C)c1","COc1cccc(C(=O)Nc2[nH]nc(C3CC3)c2C)c1","COc1cccc(C(=O)Nc2[nH]nc(C3CC3)c2C)c1","COc1cccc(C(=O)Nc2[nH]nc(C3CC3)c2C)c1","COc1cccc(C(=O)Nc2[nH]nc(C3CC3)c2C)c1","COc1cccc(C(=O)Nc2[nH]nc(C3CC3)c2C)c1","COc1cccc(C(=O)Nc2[nH]nc(C3CC3)c2C)c1","COc1cccc(C(=O)Nc2[nH]nc(C3CC3)c2C)c1","COc1cccc(C(=O)Nc2[nH]nc(C3CC3)c2C)c1","COc1cccc(C(=O)Nc2[nH]nc(C3CC3)c2C)c1","COc1cccc(C(=O)Nc2[nH]nc(C3CC3)c2C)c1"
m_273696,"CCc1ccsc1C(=O)N1CCC(N(C)Cc2ncccn2)C1","Cc1ccc(NC2CCN(C(=O)Cc3ccc(C)s3)CC2)nn1","Cc1ccnc(O)c1C(=O)N1CCOC(c2nnc(C(C)C)o2)C1","O=C(c1ccncc1Cl)N(CCc1ccccc1)C1CCOC1","Cc1cnc(C)c(N2CCN(C(=O)c3ccc(Cl)cc3)CC2)n1","CN(C)c1ccnc(C(=O)N2CCCC(O)(Cn3ccnn3)C2)c1","CC(NC1CCN(C(=O)NC2CCCCC2)CC1)c1ccncc1","CC(NC(=O)Cn1[nH]c(=O)ccc1=O)c1nnc2n1CCCCC2","CNC(=O)Cc1ccc(NC2CCN(c3nccs3)CC2)cc1","CCn1cc(OC2COCC2NC(=O)Cc2cccnc2C)cn1","Cc1ccc(CC(=O)N2CCCC(O)(Cc3nc(C)no3)C2)cn1","OCCCN(Cc1cccnc1)Cc1cn2cc(Cl)ccc2n1","CN(Cc1ccccn1)S(=O)(=O)c1ccc(C(F)(F)F)cc1","CS(=O)(=O)N1CCCN(C(=O)C2CCCC(C(=O)O)C2)CC1","COC1CN(c2cc(C(F)(F)F)ccn2)CC1c1c[nH]nn1","CC(C)C(Sc1ccccc1)C(=O)NCc1nnc2n1CCC2","O=C(O)c1cccnc1CN1CCC(Oc2ccc(F)cc2)CC1","Cc1ccc(CC(=O)N2CCN(C(C)C(=O)NC3CC3)CC2)cn1","CC1(CNC(=O)c2cnc(-c3ncccn3)s2)CCCCC1O","Cc1oc(CNC(=O)C2CCCN2S(C)(=O)=O)cc1C(=O)O","O=C(Nc1cn[nH]c1)C1CCCN(C(=O)c2ccc(Cl)cc2)C1","Cc1cc(C)c(S(=O)(=O)NC2CCN(CC(=O)O)CC2)s1","CC1C(=O)NCCN1C(=O)Nc1ccnc(OCC(F)(F)F)c1","O=C(NCc1cc(F)c(Cl)cc1F)NC1CC12CCOCC2","O=C(NC1CC1c1ccc2c(c1)OCCO2)c1ccncc1Cl"
m_27df2d,"CC1CCCC(C)N1C(=O)CSc1n[nH]c(-c2ccccn2)n1","COCC[S+]([O-])Cc1cccc(NC(=O)c2cccc(C)c2)c1","O=C(O)C1COCCN1C(=O)c1cccc(OC2CCCCC2)c1","CNC(=O)C1(COC)CCCN1C(=O)c1ccc2c(c1)nnn2C","CC(OCC(F)(F)F)C(=O)N1Cc2ccccc2CC1C(=O)O","CCNC(=O)NC(C)(C)C(=O)NCCc1csc2ccccc12","CS(=O)(=O)N1CCN(CCc2ccccn2)Cc2ccccc21","Cn1c(=O)[nH]c2ccc(C(=O)NC3(CC(=O)O)CCOCC3)cc21","CC(C)CC1C(=O)NCCCN1C(=O)c1cc2c(cn1)OCCC2","CCC1CN(C)CCN1C(=O)Cc1ccc(N2CCOC2=O)cc1","Cc1ccc(NC(=O)c2cc(Cl)cn2C)cc1C(=O)NC(C)C","O=C(CCc1ccncc1)NC1CCN(C2CCCCC2O)CC1","Cc1cc(NC(=O)C2CCCO2)cc(N2CCN(C(C)C)CC2)c1","CCS(=O)(=O)N1CCN(CC(=O)NC2CCCCCC2)CC1","O=C(Cc1c[nH]c2ncccc12)N(C1CC1)C1CCc2ccccc21","CC1CCCC(C)N1C(=O)CSc1n[nH]c(-c2ccccn2)n1","CC1CCCC(C)N1C(=O)CSc1n[nH]c(-c2ccccn2)n1","CC1CCCC(C)N1C(=O)CSc1n[nH]c(-c2ccccn2)n1","CC1CCCC(C)N1C(=O)CSc1n[nH]c(-c2ccccn2)n1","CC1CCCC(C)N1C(=O)CSc1n[nH]c(-c2ccccn2)n1","CC1CCCC(C)N1C(=O)CSc1n[nH]c(-c2ccccn2)n1","CC1CCCC(C)N1C(=O)CSc1n[nH]c(-c2ccccn2)n1","CC1CCCC(C)N1C(=O)CSc1n[nH]c(-c2ccccn2)n1","CC1CCCC(C)N1C(=O)CSc1n[nH]c(-c2ccccn2)n1","CC1CCCC(C)N1C(=O)CSc1n[nH]c(-c2ccccn2)n1"
m_293ec0,"COc1ccc2cc(C(=O)OCC(=O)N3CCOC4CCCCC43)[nH]c2c1","OC(COc1ccc(Cl)cc1)CSc1nnnn1CC1CCCO1","Cc1cc(NC(=O)c2cccc(Nc3ncccn3)c2)ccc1OC(F)F","CC1CC(NS(=O)(=O)c2ccc3c(c2)CCO3)CN1Cc1ccccc1","CCN(CC)C(=O)CN(C)C(=O)Cc1coc2c(Cl)c(Cl)ccc12","O=C(Cn1ccccc1=O)NCCOc1ccccc1-c1ccccc1","N#Cc1cccc(CNC(=O)NC2CCN(CC(F)(F)F)C2)c1","Cn1ccnc1CC1CCN(C(=O)C23CCOCC2CNC3)CC1","COC(=O)N1CCCC(C(=O)N2CCC(c3c[nH]c4ncccc34)CC2)C1","CCCc1noc(CCCC(=O)NC2CCC(=O)NC2c2ccccc2)n1","CN1C(=O)CC(C(=O)NCCc2ccc(C(=O)O)cc2)C1c1cccs1","COc1ccc(Cl)cc1CC(=O)N1CCOC(CN(C)CC(=O)O)C1","O=C(Nc1ccccc1NCC(F)(F)F)c1cnc(-c2ccccc2)nc1","CC(=O)N(C)C1CCN(C(=O)C2CC23CCOc2cc(C)c(C)cc23)CC1","Cc1cc(S(=O)(=O)Nc2cc(F)cc(N3CCOCC3)c2)c(C)s1","COc1cccc2c1CCN(C(=O)Nc1ccnn1CC1CCOC1)CC2","CNC(=O)CC1CN(C(=O)NCc2ncccc2Cl)CC1O","O=C(NC1CCCN(c2ccccc2Cl)C1)C1CCS(=O)(=O)CC1","Cc1sc2ncnc(N3CCC(C(=O)NCc4c[nH]cn4)CC3)c2c1C","O=C(NC1CCOC(c2ccc(F)cc2)C1)C1CCOC1c1cccnc1","CN1CCC(CNC(=O)N2CCCC(C(=O)NC3CC3)C2)c2ccccc21","Cc1n[nH]cc1CNC(=O)N(C)CC1CCc2nc(C(F)(F)F)cn2C1","CCOC(=O)N1CCC(NS(=O)(=O)c2ccc(Cl)cc2C(F)(F)F)CC1","Cc1cc(F)ccc1-n1cc(C(=O)NC2CCOc3ccc(F)cc32)nn1","O=C(CN1CCS(=O)(=O)CC1)NC1(c2cccc(Cl)c2)CCCC1"
m_2a0e17,"O=C(O)C1CN(C(=O)CCn2ccnn2)CC1c1ccccc1","NC(=O)C1CN(C(=O)COc2ccc3ccccc3c2)CCO1","O=C(COc1ccc2ccccc2c1)NCc1csc(=O)[nH]1","COC1CC(CN(C)C(=O)c2cccc3nccnc23)N(C)C1","COCC1CN(C(=O)c2c(C)nc3ccccc3c2C)CCO1","COCC1(C(=O)O)CCN(C(=O)c2ccc3cccnc3c2)C1","CN1CCOC(C(=O)NCc2cn(C)nc2-c2ccccc2)C1","Cc1nc(C)c(C(=O)N2CC(C(=O)O)C(c3ccccc3)C2)o1","COc1nn(C)cc1NC(=O)NC1CCCc2ccccc2C1","CC(NC(=O)NCC(C)(C)O)c1ccc(-c2cncnc2)cc1","CC(C)C(NC(=O)N1CCCC(O)C1)c1nc2ccccc2[nH]1","COc1ccc2ccccc2c1CN1CC(OC)CC1C(N)=O","CCc1cccc(C)c1NC(=O)CNc1cccc(Cl)c1C","CCN(CC)CCC(CO)NC(=O)Nc1nc(C)c(C)s1","Cn1c(C(=O)N2CCOC(C(=O)O)C2)ccc1-c1ccccc1","COc1nn(C)cc1NC(=O)N1CCCc2ccccc2CC1","COc1ccc(S(=O)(=O)Nc2ccncc2)c2ccccc12","Cc1sc(=O)n(CCC(=O)Nc2ccc3c(c2)CCC3)c1C","COc1cc(NC(=O)N2CCOC(c3ccccc3)C2)ncn1","O=C(O)C1CN(C(=O)CCn2ccnn2)CC1c1ccccc1","O=C(O)C1CN(C(=O)CCn2ccnn2)CC1c1ccccc1","O=C(O)C1CN(C(=O)CCn2ccnn2)CC1c1ccccc1","O=C(O)C1CN(C(=O)CCn2ccnn2)CC1c1ccccc1","O=C(O)C1CN(C(=O)CCn2ccnn2)CC1c1ccccc1","O=C(O)C1CN(C(=O)CCn2ccnn2)CC1c1ccccc1"
m_2aa8ea,"CNC(=O)c1ccc(NC(=O)c2cc(-c3cccc(Cl)c3)no2)cc1Cl","CCOc1ccc(-c2noc(CCC(=O)N3CCOC(CC(=O)O)C3)n2)cc1","Cc1sc(NC(=O)c2cn(CC3(C)COC3)nn2)nc1-c1ccc(F)cc1","CC(=O)N1CCN(c2nnc(C3CC3)n2CC2CCCO2)CC12CCCCC2","CC=Cc1ccc(OCC(=O)N2CCN(C3CCCN(C)C3)CC2)c(OC)c1","COCc1nc2n(n1)CC(NC(=O)N1CCOC(c3cccc(O)c3)C1)CC2","Cc1cc(Br)cn2c(CNCC(C)(CO)c3ccccc3)cnc12","Cc1c(C(=O)N2CCCC2CN2CC(C)OC(C)C2)nnn1-c1cnn(C)c1","O=C(Nc1ccc(-c2nc(C3CC3)n[nH]2)cc1)C1CCN(c2cnccn2)CC1","Cc1nn(CC(F)(F)F)c(C)c1C1COCCN1S(=O)(=O)CCCF","COCCn1nc(C(=O)Nc2cnn(-c3cccc(Cl)c3)c2C)ccc1=O","O=C(NCCn1ccnn1)c1cccc(S(=O)(=O)Nc2ccc(F)cc2)c1","CCN1CCCC1CN1CC(C(=O)NC(Cc2ccccc2)C(=O)O)CC1=O","Cc1nn(C)c(C)c1C1C(CNCc2cnc(C3CCC3)s2)CC(=O)N1C","Cc1c[nH]cc1C(=O)N1CCOC2(CCS(=O)(=Nc3ccccc3)CC2)C1","O=C(CN1CCCN(S(=O)(=O)c2cc(F)cc(F)c2)CC1)N1CCCC1","O=C(c1cn(C2CCNCC2)nn1)N(Cc1ccccc1Cl)C1CCCC1","Cc1ccc(-c2cc(C(=O)N3CCN(C(C)c4ccccn4)CC3)[nH]n2)cc1C","Cc1nc(N2CCOCC2)ccc1NC(=O)c1sc2ccccc2c1Cl","O=C1Nc2cc(Cl)ccc2SC1CC(=O)N(Cc1cccnc1)C1CC1","COc1cccc(CN2CCC(N3C(=O)NC4CN(C(C)=O)CCC43)CC2)n1","CC(=O)NCCNC(=O)CCC(=O)N1CC=C(c2ccccc2)CC1","O=C(CC1COC(=O)C1)NC(Cc1ccccc1)CC1CCCCC1","Cc1c(C2C(CNCc3cnc(C4CCCC4)s3)CC(=O)N2C)cnn1C","Cc1ccc(C=c2sc3nc(-c4ccccc4Br)nn3c2=O)o1"
m_2ac2ed,"CC(=O)N1CSCC1c1nc(-c2ccc(C(=O)NC3CC3)cc2)no1","CN1CCN(c2cc(C(=O)N3CCc4c(F)cc(F)cc43)ccn2)CC1","NC(=O)COC(=O)c1cccc(S(=O)(=O)N2CCc3ccccc32)c1","O=C(NC1CC1)C(Sc1nc2ncc(Cl)cc2[nH]1)c1ccccc1","CC(=O)N1C=Cc2ccccc2C1CC(=O)NCC(CC(C)C)C(=O)O","Cc1ccc(OCC(=O)NCC2OCCN(C)C2c2cncn2C)cc1","CC(C)CC(NC(=O)C(C)N1CCC(Cc2ccccc2)CC1)C(=O)O","COCC(O)CNC(=O)NC1CC1c1ccc2ccccc2c1","COCc1cccc(C(=O)NCC2OCCN(C)C2c2cncn2C)c1","CCN(Cc1occc1C)C(=O)C1CCC(=O)N(C)C1c1ccnn1C","Nc1ncnc(NCC2CC(=O)N(C3CC3)C2c2cccnc2)c1Cl","COc1ccccc1Oc1ccc(NC(=O)C2CCC(=O)NC2)cc1F","O=C(NCCC1=CCCCCC1)NC1c2ccccc2CC1O","CN1CCc2ccc(NC(=O)c3ccc(Cn4ccnc4)cc3)cc2C1=O","CC(C)(C)N(CC(=O)Nc1ccc(F)cc1)Cc1cc2n(n1)CCCC2","CC(=O)N1CSCC1c1nc(-c2ccc(C(=O)NC3CC3)cc2)no1","CC(=O)N1CSCC1c1nc(-c2ccc(C(=O)NC3CC3)cc2)no1","CC(=O)N1CSCC1c1nc(-c2ccc(C(=O)NC3CC3)cc2)no1","CC(=O)N1CSCC1c1nc(-c2ccc(C(=O)NC3CC3)cc2)no1","CC(=O)N1CSCC1c1nc(-c2ccc(C(=O)NC3CC3)cc2)no1","CC(=O)N1CSCC1c1nc(-c2ccc(C(=O)NC3CC3)cc2)no1","CC(=O)N1CSCC1c1nc(-c2ccc(C(=O)NC3CC3)cc2)no1","CC(=O)N1CSCC1c1nc(-c2ccc(C(=O)NC3CC3)cc2)no1","CC(=O)N1CSCC1c1nc(-c2ccc(C(=O)NC3CC3)cc2)no1","CC(=O)N1CSCC1c1nc(-c2ccc(C(=O)NC3CC3)cc2)no1"
m_2b524a,"COc1ccc(N(C)C(=O)c2cc(C)n[nH]2)cc1F","Cc1cc(CNC(=O)NCc2ccc(F)cc2)on1","Nc1ccc(NS(=O)(=O)Cc2ccccc2)cn1","CC(C)c1ccoc1C(=O)N1CCOC(C2CC2)C1","Cn1nccc1CCNC(=O)N1CC2CCC2(N)C1","Cc1ccc(C(=O)NC2(C(=O)O)CCCC2)cc1F","Cc1nc(C(=O)NCC2CCOC2C(C)(C)C)c[nH]1","CC(C)C1CCCN(C(=O)CCc2c[nH]cn2)CC1","CCC1CC(C(=O)Nc2c[nH]c(C(N)=O)c2)CCO1","Cc1noc(C)c1CN(C)C(=O)Nc1cnn(C)c1","Cc1ccoc1C(=O)NC(CC(=O)O)C(F)(F)F","COc1ccc(N(C)C(=O)c2cc(C)n[nH]2)cc1F","COc1ccc(N(C)C(=O)c2cc(C)n[nH]2)cc1F","COc1ccc(N(C)C(=O)c2cc(C)n[nH]2)cc1F","COc1ccc(N(C)C(=O)c2cc(C)n[nH]2)cc1F","COc1ccc(N(C)C(=O)c2cc(C)n[nH]2)cc1F","COc1ccc(N(C)C(=O)c2cc(C)n[nH]2)cc1F","COc1ccc(N(C)C(=O)c2cc(C)n[nH]2)cc1F","COc1ccc(N(C)C(=O)c2cc(C)n[nH]2)cc1F","COc1ccc(N(C)C(=O)c2cc(C)n[nH]2)cc1F","COc1ccc(N(C)C(=O)c2cc(C)n[nH]2)cc1F","COc1ccc(N(C)C(=O)c2cc(C)n[nH]2)cc1F","COc1ccc(N(C)C(=O)c2cc(C)n[nH]2)cc1F","COc1ccc(N(C)C(=O)c2cc(C)n[nH]2)cc1F","COc1ccc(N(C)C(=O)c2cc(C)n[nH]2)cc1F"
m_2b7513,"O=c1[nH]c2ccc(CNc3ncnc4c3ncn4C3CC3)cc2[nH]1","O=C(O)CCN(C(=O)c1ccnc(C2CC2)n1)C1CCOCC1","Cc1cc(F)cc(S(=O)(=O)NC2c3ccccc3CC2O)c1","CC(C)(CC(=O)O)CC(=O)NCc1ccc2c(c1)OCCCO2","COCc1nc(C)cc(N2CCN(c3nc(C)cs3)CC2)n1","O=C(Nc1cnn(C(F)F)c1)C1CCCN1Cc1ccccn1","CNC(=O)C1CC(=O)N(C2CN(c3cc(COC)ncn3)C2)C1","O=C(c1noc2c1COCC2)N1CCCC(C2CCCCN2)C1","C1=CC2(CCCN(c3ncnc4nc[nH]c34)C2)Oc2ccccc21","CNC(=O)c1cccc(C(=O)N2CCCN(C(C)CO)CC2)c1","CCn1cc(S(=O)(=O)Nc2ccccc2C(F)(F)F)cn1","COCCN1CCCN(C(=O)N(C)C2CCCC2)CC1=O","Cc1c(C2OCCC2C(=O)N2CC3(CCCOC3)C2)cnn1C","Cc1ccc(C(C)(C)CNC(=O)N2CCOC(CN)C2)c(C)c1","Cc1cccc2c1CC(C)(C)N(S(=O)(=O)c1ccnn1C)C2","Cc1ccccc1C(C)NC(=O)C(C)N1CCN(CCO)CC1","Cc1cc(O)nc(C(=O)N(CC2CC2)CC2CN(C)CCO2)c1","N#Cc1cncc(S(=O)(=O)Nc2cc(C(=O)O)ccc2F)c1","COc1cc(C)nc(N2CCN(C(=O)c3cscn3)CC2)n1","COCCc1ccnc(NC(=O)CN2CCCCC(O)C2=O)c1","CCCc1nc(C)c(CNC(=O)NC2CC2C2CCCCC2)o1","CCC(C)C(=O)Nc1cccc(CNC(=O)C2CC(O)CN2)c1","CN(C)c1nccc(C2CN(c3ccncc3Cl)CCO2)n1","COCC1CC(OC)CN1C(=O)c1coc(Br)c1","CCOC1CC(O)C12CCN(c1cc(C)nc(C3CC3)n1)CC2"
m_2c1f87,"Cc1nn(C)c(C)c1C1CCCN1C(=O)CCCn1cccn1","COc1ccccc1N1CCC(C)N(C(=O)c2ccon2)CC1","COc1cccc(Cn2nccc2NC(=O)C2CCC2)c1OC","CC(CS(C)(=O)=O)N(C)C(=O)C1CCCC2CCCCC21","O=C(NC(c1nccs1)C1CC1)c1cc(-c2ccco2)on1","CCOCc1ccc(NC(=O)c2c(C)c(C)nn(C)c2=O)cc1","O=C(C1CCC1)N1CCN(c2cc(NCC3CC3)ncn2)CC1","COc1cnc(C2CCCN2c2ccnc(C(C)C)n2)[nH]c1=O","Nc1ncnc2c1ncn2CCCOC(=O)C1CC2CCC1C2","O=C(NCc1ccc(F)cc1)N1CCCC(Cn2ccnn2)C1","CC(c1nc(-c2cccs2)no1)N1CCc2c(ncn2C)C1","COc1ccc(NC(=O)N(Cc2ccco2)C2CCCC2)cn1","COc1cccc(N2CCN(C(=O)C(C)n3cncn3)CC2)c1","CC1(C2CC2)COCCN1Cc1nnc(-c2cccc(O)c2)o1","O=C(NCC(=O)N1CCN(c2ncccn2)CC1)c1ccco1","Cc1cncc(NC(=O)NC2CCCOC2c2cnn(C)c2)c1","Cc1nn(CCO)c(C)c1CN1CC(C)(C)Oc2ccccc21","Cc1cnn(C)c1S(=O)(=O)NC(CC(F)(F)F)C(=O)O","O=C(Nc1cccnc1)C1CCC(NC(=O)C2CCCC2)CC1","Cc1n[nH]cc1CNC(=O)C(C)(C)c1ccc2c(c1)OCCO2","Cn1nccc1C1OCCC1CNC(=O)c1cc(C2CC2)[nH]n1","Cc1nn(C)c(C)c1C1CCCN1C(=O)CCCn1cccn1","Cc1nn(C)c(C)c1C1CCCN1C(=O)CCCn1cccn1","Cc1nn(C)c(C)c1C1CCCN1C(=O)CCCn1cccn1","Cc1nn(C)c(C)c1C1CCCN1C(=O)CCCn1cccn1"
m_2c2340,"CCn1ncc(C(=O)N(C)C2CCCC2N2CCC(OC)C2)n1","CCc1[nH]c(C(=O)N2CCCC2CN(C)C)c(C)c1C(=O)OC","O=C(O)C1CCN(S(=O)(=O)c2c(Cl)cccc2Cl)C1","CN(C)CCN(Cc1ccc(F)cc1)C(=O)C1CCCC(N)C1","O=C(Nc1ncc(-c2ccccc2F)s1)N1CCC(O)CC1","CC(CNC(=O)NC1CC(=O)N(C2CC2)C1)Cc1cccs1","Fc1ccc(-n2cc(CN3CCC4CNCC43)nn2)cc1Cl","Cc1cc(CN2CCN(C3(C(N)=O)CCOC3)CC2)ccc1F","Cn1nncc1S(=O)(=O)N1Cc2ccccc2CC1C(N)=O","O=C(O)C1CC(=O)N(c2cccc(-c3ccc4c(c3)CCO4)c2)C1","CCCOc1cccnc1C(=O)N1CCCN(C(C)CO)CC1","CC1(NC(=O)NC2CCCN(c3ccccc3F)C2)CCOC1","CC1CC(C)(C)CCC1NC(=O)NC1CC2CCCC(C1)N2C","O=C(O)C1CC1C(=O)NC1(c2ccc(Cl)cc2)CCOCC1","CC(C)c1cccc(C(C)C)c1NC(=O)c1ccc2nccn2c1","O=C(CCc1ccccc1C(=O)O)NC1CC(c2ccccc2)C1","COc1cc(C(=O)Nc2cnn(C(C)(C)C(=O)O)c2)ccc1F","Cc1c(NS(=O)(=O)c2ccccc2)cnn1C1CCOCC1","C=CCOCC(=O)N(Cc1nccs1)C1CC12CCNCC2","CCn1nc(C)c(CNC(=O)N2CCC(N3CCNCC3)C2)n1","CC1CN(C(=O)C(C)(C)C)CC(C)N1C(=O)Cc1cnnn1C","CC1(C)CN(CC(F)(F)F)CCN1CC(=O)NC1CCCC1","CC(=O)N1CCC(CNC(=O)Nc2cn(C)nc2C(C)C)CC1","CCc1nnc(C(C)N2CCN(CCC(=O)NC3CC3)CC2)o1","CCN1CCC(N(C)C(=O)Nc2ccnn2CC(C)C)C(C)C1"
m_2d1eba,"CN(C(=O)C12CCC(=O)N1c1ccccc1S2)C1CC1","Cc1ncsc1C(=O)Nc1ccc(CCC(=O)O)cc1","O=C(NC1CCCCC1)C1CCN(c2cnccn2)CC1","CC1CCCN(c2ccccc2OCC(=O)NC2CC2)C1","CCC(=O)N1CCCN(c2ccc3nnc(C)n3n2)CC1","CN(C(=O)c1c[nH]nc1-c1ccc(F)cc1)C1CCNC1","Cn1c(CNC(=O)NC(C)(C)C)nc2ccccc2c1=O","O=C1CN(C(=O)c2ccn(-c3ccc(F)cc3)n2)CCN1","CN1CCN(c2ncnc3c2ncn3C)CC1C(C)(C)C","COc1ccc(C2OCCC2NCc2cncn2C)cn1","Cn1ncc2c1CC(C(=O)N1CC(=O)N(C3CC3)C1)CC2","C=CC1(CN2CCN(c3nccc(OC)n3)CC2)CCC1","COCC1(C(=O)Nc2cnc3c(c2)CCC3)CCCCC1","NC(=O)CC1CN(C(=O)C2(c3ccccc3)CCCO2)C1","CC(Nc1nc(C2CC2)ns1)c1nnc2n1CCCC2","CC(C)(C)NC(=O)CN1CCS(=O)(=O)CC1C1CC1","CCCc1cc(N2CCCNC(=O)C2C)n2ncnc2n1","CC1CCCCN1CCC1CCN(S(C)(=O)=O)CC1","Nc1ccnc(CN2CC(O)CC2c2ccc(F)cc2)n1","Cc1cc(C(NC(=O)c2cnnn2C)C2CC2)ccc1F","Cc1nc(C)c(C)c(N2CCC(O)(Cn3ccnn3)C2)n1","Cc1oc(C(=O)NC(C)C(C)(C)C)cc1S(N)(=O)=O","CCc1noc(CC)c1CNC(=O)c1ccc(O)cc1C","COc1ccc(CCN2CCN(C(=O)C3CC3)CC2)cc1","CN(C(=O)C12CCC(=O)N1c1ccccc1S2)C1CC1"
m_2e265c,"Cc1cc(=O)[nH]cc1C(=O)N1CCN(Cc2cccc(F)c2)CC1","COc1ccc(C2OCCC2NC(=O)Cn2ccccc2=O)cn1","COc1cccc(Cn2nccc2NC(=O)C2CCCC2)c1OC","COc1ccccc1NC(=O)COc1cccc(OCC(C)C)c1","O=C(NCC1(C2CC2)CCC1)N1CCN(c2cccc(O)c2)CC1","COc1cc(C)c(S(=O)(=O)N2CCCC2C(=O)O)cc1OC","COc1ccc(NC(=O)Nc2sc3c(c2C#N)CCNC3)cn1","COC(=O)c1cc(NC(=O)c2c(C)c(C)nn(C)c2=O)ccc1C","CCN(CC)c1ccc(NC(=O)NCc2nncn2C2CC2)cn1","CCCN1CCN(C(=O)c2ccc(=O)n(C)c2)c2cc(F)ccc21","COc1ccc(OCC(=O)Nc2ccc3c(c2)OCCCO3)cc1","COc1cc(C)c(S(=O)(=O)CC(=O)N(C)C(C)C)cc1OC","COC(=O)CCn1nc(C)c(CN2CCOc3ccccc32)c1C","C#CCCC1(CCC(=O)Nc2cc(C3CCCOC3)nn2C)N=N1","CN(C)c1ccc(CNC(=O)C2CCOC2c2nccn2C)cn1","CCC(c1ccncc1)N(C)C(=O)NC(C)Cc1ccc(F)cc1","CN(C)c1ccc(C(=O)N2CC(CO)C(c3cnn(C)c3)C2)nc1","O=C(O)Cn1ccc(NC(=O)c2ccc(OC3CCCC3)cc2)n1","Cc1nccnc1C(=O)NC(c1c(C)nn(C)c1C)C(F)(F)F","Cc1n[nH]c(C)c1NC(=O)Nc1ncc(Cc2ccccc2)s1","CC(c1cccnc1)N1CCN(C(=O)c2ccnn2C(C)C)CC1","O=C(CCNc1ncccn1)N1CCC(Nc2cccnn2)CC1","Cc1nn(-c2ccc(F)cc2)c(C)c1C(=O)NC(C)c1ccco1","O=C(O)CCN(CC1CCCO1)C(=O)c1ccc(Cl)cc1F","COc1ccccc1NS(=O)(=O)c1cc(Cl)ccc1OC"
m_2efd6f,"Cc1ccc(-c2n[nH]cc2CNCC2(C(C)C)CC2)o1","CCC(NC(=O)COC)c1nc(-c2ccccc2)c[nH]1","CC1NC(=O)CCC1NC(=O)c1cccnc1C1CC1","Cc1cc(C(=O)NCc2cccc(C(=O)O)c2)n(C)n1","COc1ccccc1CN(CCO)c1nccc(C)n1","Cc1nc(-c2cccc(C(=O)N3CCOCC3)c2)no1","CC(NC(=O)C(=O)Nc1ccc(C#N)cc1)C(C)(C)C","O=C(Nc1cccc(-n2cnnn2)c1)C1CCOCC1","O=C(NCC1(c2ccccc2)CCCC1)C1CCOC1","O=C(CN1CCC(Nc2ccccc2)C1)NCC1CC1","Cc1ccncc1CC(=O)N1CCC(N2CCCC2)C1","COc1ccccc1C1(CNC(=O)C2CC2)CCCC1","Cc1nn(C)c2ncc(CN3CC(=O)NC(C)C3)cc12","CC1(C(=O)O)CCN(C(=O)c2ccc3nccn3c2)C1","CCOc1cc(N2CCCC(c3ncc[nH]3)C2)ncn1","Cc1nc(CC(=O)Nc2ccccc2C(N)=O)cs1","Oc1cc(NCc2ccc3c(c2)OCCCO3)ncn1","Cc1cn2c(nc3c2c(=O)n(CC(C)C)c(=O)n3C)[nH]1","COc1ccc(NC(=O)CCn2nc(C)cc2C)cc1","CC1(C)CCC(NC(=O)c2ccc3nnnn3c2)CC1","FC(F)(F)c1c[nH]c(NCc2ccccc2Cl)n1","O=C(Nc1nccs1)NC1CCCc2ccccc21","Cc1ccc(-c2n[nH]cc2CNCC2(C(C)C)CC2)o1","Cc1ccc(-c2n[nH]cc2CNCC2(C(C)C)CC2)o1","Cc1ccc(-c2n[nH]cc2CNCC2(C(C)C)CC2)o1"
m_2f1128,"CCc1nsc(N2CCOC(c3ccc(OC(F)F)cc3)C2)n1","Cc1ccccc1-n1nccc1C1OCCC1C(=O)NC1CCOC1","Cn1cc(Cl)c(NC(=O)C2CC2c2ccc(OC(F)F)cc2)n1","O=C(c1cccc2[nH]cnc12)N1CC(O)CC1c1cc(F)ccc1F","CC(C(=O)N1CCC(Cc2occc2C(=O)O)CC1)c1ccccc1","C=CCN(CC(F)(F)F)C(=O)CCc1c(C)[nH]c(=O)c(C#N)c1C","NC(=O)CC1CCN(C(=O)NCc2ccccc2-n2ccnc2)CC1","CC(C)Cc1nnc(NC(=O)c2cc(-c3ccccc3O)n[nH]2)s1","CCc1noc2ncc(S(=O)(=O)Nc3cccc4[nH]ncc34)cc12","CCN(C(=O)N1CCC(c2cc(-c3ccncc3)[nH]n2)CC1)C(C)C","Cc1nccn1CC(=O)Nc1ccc(Oc2ccccc2Cl)cc1","Cn1c(N2CCC(Nc3cccc4nncn34)C2)cc(=O)n(C)c1=O","CCn1nc(C)c(C(=O)NCC2CCN(c3ccncc3)CC2)c1C","CC(C)N1CCN(c2cccc(NCc3cnn(C(C)C)c3)c2)CC1","O=C(CN(Cc1ccccc1C(F)(F)F)C1CC1)N1CCNC1=O","Cc1c(-c2ccccc2)[nH]c(SCc2n[nH]c(C(C)C)n2)nc1=O","CCn1c(C)nnc1CNC1C(C)CN(Cc2ccccc2)CC1C","Cn1ncc2c(NCCC(c3ccccc3)c3ccccc3)ncnc21","Cc1noc(C)c1CCN1C(=O)NC(C)(CCc2ccccc2)C1=O","COC(C)C(=O)N1CCc2c(Br)cnc(N(C)C)c2C1","Cc1n[nH]nc1C(=O)NC1CCN(c2ccc(C(C)(C)C)cc2)CC1","Cc1cc(C)n(-c2ccc(CNC(=O)N(C)CC3CCCC3)cn2)n1","CN(C)C(CNc1cc(N2CCCC2CO)ncn1)c1ccccc1","CCCCn1nnnc1CSCC(=O)Nc1ccc(F)c(F)c1","CCOC(=O)CN1CCCN(c2ccc(Br)cn2)CC1"
m_2f9ab1,"O=C(CNC1CC1)NC1CC2CCCc3cccc1c32","CC1CC(C)(C)N(C(=O)c2cocn2)c2ccccc21","COC(=O)COc1ccc(C=Cc2ccncn2)cc1","O=C1COCCN1CC(=O)N1CCOC(C2CC2)C1","CC1CCN(C(=O)CNC(C)C2CCOCC2)CC1","Cc1ccc(NC(=O)NCC2CCCCC2O)s1","CC(C)CC(CNC(=O)C1CCC(=O)N1)CC(=O)O","O=C1CCc2cc(-c3csc(C4CC4)n3)ccc2N1","Cc1cscc1NC(=O)N1CCCC1CCCO","CCn1nncc1C(=O)NCC1Cc2ccccc2C1","c1ccc2c(-c3noc(C4CCOCC4)n3)n[nH]c2c1","O=C(O)C1CCCN1Cc1cnn(-c2ccccc2)n1","C#CCOc1ccc(C(=O)NCCc2nnc[nH]2)cc1","Cc1nnc2c3ccccc3c(N(C)CC(N)=O)nn12","CC1CN(Cc2cn(CC(O)CO)nn2)CC(C)O1","CC(C)(C)c1ncc(C(=O)NCCCC(=O)O)s1","Cc1cc(C(=O)N2CCC(C)c3cccc(C)c32)on1","CCCC(NCC(=O)N1CC(C)CC(C)C1)C(=O)O","CCOC1CCCN(C(=O)C2(CN)CCOCC2)C1","CC(Sc1nnc[nH]1)C(=O)NC1CCCCCC1","CCc1nc2ccccc2n1Cc1noc(C2CC2)n1","CC(C)CCC1CCN(C(=O)C2CC(O)CN2)CC1","CC(=O)N1CCCC1C(=O)NC(C)(C)CCC(=O)O","Cc1ccc(C)c(CC(=O)Nc2nncn2C2CC2)c1","O=C(C1CCOC1c1ccncc1)N1CC(F)(F)C1"
m_30024e,"O=C(O)CC1CN(C(=O)C2COc3ccccc3C2)CCO1","CCCCN(CC(N)=O)CC(=O)NC1CCC(C)CC1","CN(CC1(O)CCOCC1)C(=O)C1COc2ccccc2C1","CN(C(=O)Cc1ccc2c(c1)OCO2)c1c(F)cccc1F","COCCC(COC)NC(=O)c1c[nH]nc1-c1cnn(C)c1","O=C(NC1CCOc2ccccc21)C1=CC(O)C(O)C(O)C1","O=S(=O)(Cc1ccccc1F)Nc1ccc2[nH]ncc2c1","Cc1cnc(NS(=O)(=O)c2ccc(C(C)(C)C)cc2)cn1","Cc1nnc(-c2ccccc2-c2nc(-c3ccncc3)no2)o1","COC1(C)CC(NC(=O)N(C)C(C)c2ccncc2)C1(C)C","COCCC1(CNC(=O)C23CC4CC(CC(C4)C2)C3)CCC1","CC(C)(C)C1OCCCC1CNC(=O)NCc1ccncc1","CCC(NC(=O)N1CC(C)(C)OC(C)(C)C1)c1ccncc1","COc1c(C)cc(C(=O)N2CCOCC2CC(=O)O)cc1C","O=C(NCc1cccnc1)NC1COc2cc(F)cc(F)c21","CCN(CC)C(=O)C1C2CCC1(c1ccnn1CCOC)C2","CC1CN(C)CC(C(=O)Nc2ccc(CCN(C)C)cc2)O1","CN(C)CCn1ccc(NC(=O)C2CC2C2CCNCC2)n1","COCC(=O)Nc1cc(Cl)ccc1Oc1cccc(C)c1","COc1ccc(CNC(=O)C2CCCC(C)C2)cc1C(=O)O","CC1(C(=O)Nc2cnn(-c3ncccc3F)c2)CCCC1","CCOc1ccc(CC(CNC(=O)NC2CC2)C(N)=O)cc1","CCC(NC(=O)Cc1csc(-c2ccccn2)n1)C(C)O","COc1ccc(C(=O)NC(C)c2ccc(F)cc2F)c(O)c1","CNC(=O)CC1(O)CCCN(C(=O)c2cc[nH]c2C2CC2)C1"
m_31ebaa,"CC1COC(C)(C)CN1C(=O)C1CCCN(C(=O)NC2CCCC2)C1","O=C(c1coc(-c2cccnc2)n1)N(c1ccc(F)cc1)C1CCCC1","CC(C)c1nnc(COc2ccccc2S(=O)(=O)NCC2CC2)o1","Cc1ccc(C)c(OC2CCN(S(=O)(=O)c3ccsc3)CC2)c1","O=C(NC1CC(Cn2ccnc2)CC1O)c1ccc(-c2c[nH]cn2)cc1","CN(CC1CC(F)CN1c1ccncn1)C(=O)CNC(=O)C(C)(C)C","O=C(O)c1cccc(C(=O)NC(CN2CCCC2=O)c2ccccc2)n1","O=C(c1scnc1C1CC1)N1CCc2c(nnn2-c2ccccc2)C1","CC1CCN(C(=O)c2ccc(Cn3cccn3)cc2)CC12CCCCC2","Cc1c[nH]nc1C(=O)NCC1(c2cccc(OC(F)(F)F)c2)CCC1","Cc1cc(N2CCCC(NS(=O)(=O)CC3(C#N)CC3)C2=O)n(C)n1","CC1CCCCC1NC(=O)CSc1nc(-c2ccccc2)c[nH]1","CC1(C(=O)N2CCCCC2c2nc3cc(Cl)ccc3[nH]2)CC1(F)F","NS(=O)(=O)c1cnc(N2CCCCC2CCc2ccccc2)s1","O=C(NC1CC(Cn2ccnc2)CC1O)c1ccc(-c2cn[nH]c2)cc1","Cc1ccccc1CNC(=O)CN1CCC(O)(Cn2ccnn2)C1","CCC(=O)Nc1ccc(S(=O)(=O)N2CCN(C)C(=O)C2(C)C)cc1","CCOCC1CN(c2nc(OC)ncc2Cl)CC1c1cnn(C)c1","CC(Sc1nncn1C)C(=O)NC1CCC(C(=O)N2CCCC2)C1","CCOC(=O)c1ccc(NS(=O)(=O)c2cc(F)ccc2OC)cc1","Cc1cc(C#N)ccc1S(=O)(=O)Nc1nncn1Cc1ccccc1","O=C(NC1(C(=O)O)CCCCC1)C1CCCN(C(=O)N2CCCC2)C1","Cc1c(-c2ccccc2)[nH]c(SCCN2CCCC2=O)nc1=O","COCCN1CCC(NC(=O)N2CCC(c3nc(C)no3)CC2)CC1","NC(=O)C1CCC(C(=O)N2CCCN(c3cccc(F)c3F)CC2)C1"
m_328338,"CCc1nccn1S(=O)(=O)c1ccc(C)c(C)c1","COC(=O)C(C)Sc1n[nH]c(-c2cccnc2)n1","Cc1ccccc1C1CCCN1c1cnc(C#N)cn1","CCCc1csc(NC(=O)c2cc(C)nn2C)n1","COc1cccc2c1OCC(NC(=O)NC(C)C)C2","O=C(NCC1CCOC1c1ncn[nH]1)C1CCCC1","COc1cccc(CC(C)(C)NC(=O)CN(C)C)c1","Cc1ccc(N2C(=O)C3CCCN3C2=O)cc1Cl","COC(=O)CSc1nnnn1-c1cccc(C)c1","Cc1noc(C2CCN(c3ccncc3Cl)C2)n1","CCc1ncc(C(=O)NCc2ccc(F)cc2)s1","O=C(NCCSC1CCCC1)c1ccc(O)nc1","COc1ccccc1OCCNC(=O)C1CCCN1","CCC(CC)NC(=O)c1nnc2n1CCCCCC2","CN(C(=O)C(N)Cc1ccccc1)C1CCSC1","COC(=O)CSc1nc2ccccc2c(=O)n1C","COc1ccc(CN(C)Cc2cn(C)nn2)cc1F","Cc1ccc(-n2nnnc2SCC(C)(C)O)cc1","CCc1nccn1S(=O)(=O)c1ccc(C)c(C)c1","CCc1nccn1S(=O)(=O)c1ccc(C)c(C)c1","CCc1nccn1S(=O)(=O)c1ccc(C)c(C)c1","CCc1nccn1S(=O)(=O)c1ccc(C)c(C)c1","CCc1nccn1S(=O)(=O)c1ccc(C)c(C)c1","CCc1nccn1S(=O)(=O)c1ccc(C)c(C)c1","CCc1nccn1S(=O)(=O)c1ccc(C)c(C)c1"
m_347e26,"CCOCC1CCN(Cc2ccc(CO)c3c2OC(F)(F)O3)C1","COc1cccc(C(=O)N2CCN(C(=O)c3conc3C)CC2)c1","Cc1nnc(C2CCCN(Cc3cccc(OC(C)(C)C)c3)C2)o1","O=C(NCc1ccc(Oc2ccc(F)cc2)cc1)C1CCOCC1","CCc1nnc(CC2CCC(NC(=O)c3cc(C)nnc3C)C2)o1","Cc1ncc(C(=O)N(C)Cc2ccc(OCC(=O)O)cc2)c(C)n1","Cc1cc(NC(=O)N2CCC(CCc3ccc(O)cc3)CC2)on1","CC(Cc1ccc(O)cc1)N(C)C(=O)NC1CCCn2ncnc21","COc1cccc(C(=O)N2CCN(c3cc(F)cc(C)n3)CC2)c1","O=C(c1cc2c(F)cccc2[nH]1)N1CCC(O)(Cn2ccnn2)C1","COc1ccc(S(=O)(=O)N2CCOCC2C)cc1CC(=O)O","COc1ccccc1C(=O)N1CCOCC1c1c(C)nn(C)c1C","CCn1nccc1C1OCCC1CNCc1cccc2c1OCO2","CCCn1nc(C(=O)N(C)Cc2ccc3c(c2)OCO3)ccc1=O","CC(C)n1cc2cc(NC(=O)C3CCC(C(=O)O)CC3)ccc2n1","C=CCC1(C(=O)N2CCOC(C)(c3ccccc3)C2)CCOCC1","Cc1ccc(C(=O)N2CCCC(Oc3ncccc3F)C2)nc1C","CCOCC1CCN(Cc2ccc(CO)c3c2OC(F)(F)O3)C1","CCOCC1CCN(Cc2ccc(CO)c3c2OC(F)(F)O3)C1","CCOCC1CCN(Cc2ccc(CO)c3c2OC(F)(F)O3)C1","CCOCC1CCN(Cc2ccc(CO)c3c2OC(F)(F)O3)C1","CCOCC1CCN(Cc2ccc(CO)c3c2OC(F)(F)O3)C1","CCOCC1CCN(Cc2ccc(CO)c3c2OC(F)(F)O3)C1","CCOCC1CCN(Cc2ccc(CO)c3c2OC(F)(F)O3)C1","CCOCC1CCN(Cc2ccc(CO)c3c2OC(F)(F)O3)C1"
m_34c00a,"O=C1CCN(S(=O)(=O)N2CCCC2c2ccco2)CCN1","O=C(c1cccc2c1OCO2)N1CCCCC1Cn1cccn1","COc1ccc(CCC(=O)N2CCCC2Cn2ccnc2)cc1","CC(C)N(CCS(C)(=O)=O)C(=O)c1ccc(C(=O)O)cc1","CCc1nnc(C)cc1C(=O)NC(Cc1ccccc1)C(=O)O","COc1ccc(CC(=O)N2CCCC(c3cc(C)[nH]n3)C2)cc1","CC(=O)N1CCc2c(ncn(CCOc3ccccc3)c2=O)C1","CCc1ccc(C(=O)N2CCC(Cn3cccn3)CC2)c(O)c1","FC(F)Oc1cccc(C2CN(CC3CCOC3)CCO2)c1","COC(C(=O)N1CCC(n2cncc2C)CC1)c1ccccc1","Cc1noc(C23CCCC2CN(c2ncc(C#N)cc2F)C3)n1","COc1ccc(C)cc1NC(=O)Cc1ccc2c(c1)OCCO2","COc1cc(C)c(S(=O)(=O)Nc2nnc(C)s2)cc1C","CC(C(=O)NCc1ccccn1)N1C(=O)C2CC=CCC2C1=O","CC(C)C(CNC(=O)N1CCC(C#N)CC1)Cc1ccccc1","COc1cc(C)c(S(=O)(=O)CC(=O)NC2CC2)cc1OC","Cc1ccccc1OCc1noc(C23CCCCC2NCC3)n1","NC(=O)C1(NC(=O)Cn2cc(-c3ccccc3)nn2)CCCC1","Cc1ccc(CNC(=O)Cn2nc(C(C)(C)C)ccc2=O)cc1","COc1ccc2ccccc2c1CNC(C)c1ncnn1C","CC(CNC(=O)COc1ccc2c(c1)OCO2)c1ccccc1","O=C1CCN(S(=O)(=O)N2CCCC2c2ccco2)CCN1","O=C1CCN(S(=O)(=O)N2CCCC2c2ccco2)CCN1","O=C1CCN(S(=O)(=O)N2CCCC2c2ccco2)CCN1","O=C1CCN(S(=O)(=O)N2CCCC2c2ccco2)CCN1"
m_34c315,"O=C(CCc1nnc[nH]1)N1CCCC(c2nc3ccccc3s2)C1","CC(C)C1(CNC(=O)Nc2cc(=O)n(C)cc2Br)CC1","O=C1CCc2cc(C(=O)N3CCC(n4ccnn4)CC3)c(F)cc2N1","CN(C(=O)c1cc(C2CC2)n(C)n1)c1ccc(N2CCOCC2)nc1","Cc1c(-c2ccccc2)[nH]c(SCc2n[nH]c(C(C)C)n2)nc1=O","CCn1c(C)nnc1CNC1C(C)CN(Cc2ccccc2)CC1C","O=C(Nc1cccc(C[S+]([O-])Cc2ccccc2)c1)C1CCCC1","Cc1cccc(C2CCCCN2C(=O)NC(C)Cn2cncn2)c1C","CCc1nnc(CSc2nc(=O)c(C)c(-c3ccccc3)[nH]2)n1C","CCn1nc(C)c(NS(=O)(=O)c2ccc(OC)c(F)c2C)c1C","CN1CC(C(=O)Nc2cccc(CSc3ccccn3)c2)CC1=O","CCc1nc2n(n1)CC(NCC(O)COc1ccc(C#N)cc1)CC2","Cc1noc(C)c1CCN1C(=O)NC(C)(CCc2ccccc2)C1=O","O=C(NCC1CCCC1)N1CCC(Nc2ccc(F)cc2)CC1","O=C(NCC[S+]([O-])Cc1ccccc1)C1(c2ccccc2)CCC1","CCN(C(=O)N1CCC(c2cc(-c3ccncc3)[nH]n2)CC1)C(C)C","Cc1ccc(-c2nc(C(=O)Nc3nc4c(s3)CCC4)cs2)cc1","CCn1nc(C)cc1-c1nc(CC(=O)Nc2ccccc2OC)no1","Cc1cc(N2CCCC(O)(Cn3ccnn3)C2)c2cc(F)ccc2n1","CCn1cnnc1C1CCCN(CC(=O)NCc2ccc(C)cc2)C1","Cc1c(NC(=O)c2ccc(O)nc2)cccc1C(=O)N1CCOCC1","Cc1n[nH]nc1C(=O)NC1CCN(c2ccc(C(C)(C)C)cc2)CC1","Cc1cc(CN2CC(C(=O)N3CCCCC3)Oc3ccccc32)no1","O=C1CCCN1CCc1nc(-c2ccc(N3CCCCC3)nc2)no1","O=C(c1cccc2[nH]cnc12)N1CC(O)CC1c1ccc(F)c(F)c1"
m_36d3ce,"CCCCS(=O)(=O)N1CCc2nc(N(C)C)sc2C1","CC1CS(=O)(=O)CCN1C(=O)NCCc1nccs1","CCc1cc(C)c(C(=O)NCC(CC)(CC)C(=O)O)o1","CC1(NC(=O)Nc2cncc(Cl)c2)CCC(F)(F)CC1","Cc1ccnc(CNC(=O)c2cncc(-c3ccccc3)c2)c1","CCc1cnc(NC(=O)NC2c3ccccc3CC2O)s1","O=C(Cc1ccccc1Cl)NC1(C(=O)O)CCCC1","CC(C)(C)c1ccc(S(=O)(=O)NC2CCCOC2)s1","CC1OCCC1S(=O)(=O)C(C)C(=O)N1CCCCCC1","C=CCN(CC(=O)O)S(=O)(=O)c1cc(Cl)ccc1C","COc1cccc(Cl)c1CNc1ccc2nc(C)nn2n1","Cc1nc(C(=O)NC2C3CCc4ccccc4C32)ccc1C#N","Cc1cnc(C(C)NC(=O)c2cc(-c3ccco3)on2)s1","CNc1snc(C)c1C(=O)NC1CC1c1cccc(F)c1","Cc1nc(C)c(CNS(=O)(=O)N2CCC(C)CC2)s1","C=C(C)CN1CCC(NC(=O)NCCS(C)(=O)=O)CC1","CN1CCC(NC(=O)c2ccc(Cl)c3ncccc23)CC1","O=C(O)C1CCN(C(=O)C2C3Cc4c(Cl)cccc4C32)C1","Nc1ncnc(NC2CCN(c3ccccc3)C2=O)c1Cl","CCCCS(=O)(=O)N1CCc2nc(N(C)C)sc2C1","CCCCS(=O)(=O)N1CCc2nc(N(C)C)sc2C1","CCCCS(=O)(=O)N1CCc2nc(N(C)C)sc2C1","CCCCS(=O)(=O)N1CCc2nc(N(C)C)sc2C1","CCCCS(=O)(=O)N1CCc2nc(N(C)C)sc2C1","CCCCS(=O)(=O)N1CCc2nc(N(C)C)sc2C1"
m_370436,"Cc1ccc(Cn2nccc2NC(=O)c2cccnc2)cc1","Cc1ccccc1CN(C)C(=O)NCC#Cc1ccccc1","Cc1cc(C)n(S(=O)(=O)c2ccc(C(C)(C)C)cc2)n1","COc1ccc2c(c1)OCC(C(=O)NCCNC(C)=O)C2","CSC1(CNC(=O)NC2COc3ccccc3C2)CC1","O=c1[nH]c(CCc2ccc3c(c2)CCO3)nc2ccccc12","O=C(CN1C(=O)C2CCCCC2C1=O)Nc1nncs1","Cc1cc(NC2CCSCC2)ccc1C(=O)NC(C)C","N#Cc1ccc(CCC(=O)N2CCOc3ccccc32)cc1","CCOc1ccc(C2CC2NC(=O)NCC(O)CC)cc1","CC(C)c1ccoc1C(=O)N1CCCC(O)(CC(N)=O)C1","CC(=O)NCC1CC2CCC(C1)N2C(=O)C12CC(CO1)C2","O=C(Cc1c[nH]c2ccccc12)Nc1ccc(C(=O)O)cc1","CNC(=O)CCCC(=O)NC(C)c1cc(C)c(F)c(C)c1","CC(C)c1ccc(NC(=O)Cc2c[nH]c3ccccc23)cc1","COCc1cccc(CNC(=O)Nc2nnc(C)s2)c1","Cc1ccc(NC(=O)C[S+]([O-])Cc2cc(C)on2)cc1","COc1ccc(CN(C)C(=O)C2CC3CNCC32)cc1F","Cc1ccc(Cn2nccc2NC(=O)c2cccnc2)cc1","Cc1ccc(Cn2nccc2NC(=O)c2cccnc2)cc1","Cc1ccc(Cn2nccc2NC(=O)c2cccnc2)cc1","Cc1ccc(Cn2nccc2NC(=O)c2cccnc2)cc1","Cc1ccc(Cn2nccc2NC(=O)c2cccnc2)cc1","Cc1ccc(Cn2nccc2NC(=O)c2cccnc2)cc1","Cc1ccc(Cn2nccc2NC(=O)c2cccnc2)cc1"
m_3883ef,"CC1(C(=O)O)CCN(C(=O)c2cnc(-c3ccccc3Cl)s2)C1","CC(C)(C)N1CC(NC(=O)N2CCC(Cn3cncn3)CC2)CC1=O","CC1(C(=O)O)CCN(C(=O)c2[nH]c3ccccc3c2Br)C1","CCN(CCc1nccs1)Cc1nc2sc(C)c(C)c2c(=O)[nH]1","CCc1nc2n(n1)CCCC2NC(=O)NC(CC)c1ncc(C)s1","CC1(C(=O)O)CCN(C(=O)c2cc3ccc(Br)cc3[nH]2)C1","CCCN(CCN1CCN(CC)CC1)C(=O)c1cc(CC)[nH]c(=O)c1","CC1CN(C(=O)Nc2cn(C)nc2C(C)C)CC(c2ccsc2)O1","CC(=O)NCCc1noc(Cc2nc(-c3ccccc3)oc2C)n1","CC(C(=O)NCCc1cccs1)N1CCOC(Cn2cccn2)C1","CC(NC(=O)N1CCCC1Cc1ccnn1C)c1cccc(F)c1F","CC(CCn1cncn1)NC(c1nc(C(C)C)no1)C1CCOCC1","CN(C)C(=O)C1CCCN(CC(=O)Nc2ccc(C#N)c(Cl)c2)C1","CCOC(=O)c1ccc(F)c(C)c1NC(=O)C1CCN(C2CC2)CC1","CCOc1ccnc(N2CCCN(CC(O)C3CCCCC3)CC2)n1","Cc1cc(C)n(C2CCCN(C3CCCCN(CC(=O)O)C3=O)C2)n1","O=C(CCOc1ccccc1F)N1CCCC(O)(Cn2ccnn2)C1","O=C(CN1C(C(=O)O)CC2CCCCC21)NCCc1ccc(F)cc1","CCn1ccnc(N2CCC(CCN3CC(C)OC(C)C3)CC2)c1=O","CNC(=O)Cn1cc(NC(=O)Cn2cnc3cc(F)c(F)cc32)cn1","COC(=O)C1CCC(C(=O)NC2CCCN(c3ccnn3C)C2)CC1","COCCN1C(C)CN(c2nc(C)c(S(N)(=O)=O)s2)CC1C","CC1(C(=O)O)CCN(C(=O)c2cnc(-c3ccccc3Cl)s2)C1","CC1(C(=O)O)CCN(C(=O)c2cnc(-c3ccccc3Cl)s2)C1","CC1(C(=O)O)CCN(C(=O)c2cnc(-c3ccccc3Cl)s2)C1"
m_38941f,"Cc1c(C(=O)NC2(C(=O)O)CCSC2)oc2ccc(Cl)cc12","Cc1cc(CNC(=O)N(C)C2CCc3ccccc32)nc(N(C)C)n1","Cn1cnc2[nH]c(=O)cc(C(=O)NCc3cnccc3C(C)(C)C)c21","O=C(c1ccc(-n2cnc3ccccc32)cc1)N1CC(F)CC1CO","Cc1cc(CN2CCN(C(=O)C3(c4ccccc4)CCC3)CC2)no1","Cn1nccc1C1OCCCC1C(=O)NCc1nc2ccccc2[nH]1","COCc1cc(NCC2CCOC2c2ccccc2)n2ncnc2n1","CN(CC1CCCN(C)C1c1cncn1C)c1nc2ccccc2o1","Cc1cccc(C)c1NC(=O)CN1CCN(c2ncc[nH]c2=O)CC1","CCC1CN(c2ccccc2)CCN1C(=O)c1ncc(C)cc1OC","CN1CCN(Cc2cccc(NCc3cccc(C(=O)O)c3)c2)CC1","O=C(Nc1nncn1C1CC1)C1CCC(=O)N(Cc2ccccc2)C1","COc1ccc(C(=O)O)cc1S(=O)(=O)Nc1c(C)nn(C)c1C","O=C(Nc1cnn(CC(F)(F)F)c1)c1cccc(C2CCOC2)c1","CNC(=O)c1ccc(CN(C)CCn2c(=O)oc3ccccc32)cc1","Cn1ccnc1CN1CCN(Cc2nc(-c3cccnc3)no2)CC1","COc1cc(NC(=O)C2(S(C)(=O)=O)CCCC2)ccc1C(=O)O","OCC1CCCCN1c1cc(N2CCNc3ccccc3C2)ncn1","COc1cc(OC)cc(C(=O)N(CCC(=O)O)C2CCOCC2)c1","COc1ccc(CNC(=O)C(C)OCC2CCCO2)cc1C(=O)O","CC1(C)CC(NC(=O)NCc2nc(C(F)(F)F)cs2)CCO1","Cc1nnc(CC2CCC(NC(=O)c3c(F)cccc3Cl)C2)o1","Cc1c(C(=O)NCc2ccccc2-c2ncc[nH]2)cnn1CC(C)C","CCC(O)CN(c1ccccc1)S(=O)(=O)c1c[nH]c(C(C)C)n1","CS(=O)(=O)CC1(CC(=O)N2CCc3ccccc3C2CO)CC1"
m_3a5731,"Cc1nn(C2CCOCC2)cc1NC(=O)CCCC1CCCCC1","OC(COc1cccc2[nH]ccc12)Cn1nnc(-c2ccccc2)n1","Cc1csc(NC(=O)c2ccc(NC(=O)CC(C)C)c(F)c2)n1","COc1ccc(C2CCCN2C(=O)Cc2n[nH]c3ccccc23)cc1","O=C(NCC1CC1)C1CCCN(c2nnc(-c3ccon3)s2)C1","O=S(=O)(CC1CCCCC1)NCc1ccc(-n2cccn2)cc1","CCC(C)n1cnc(S(=O)(=O)N2CC[S+]([O-])C(C)(C)C2)c1","CC(C)(C)c1nnc(NS(=O)(=O)c2c(F)cccc2F)s1","CC(C)CNC(=O)c1ccccc1NC(=O)CN1CCC(O)CC1","O=C1CCc2cc(-c3csc(N4CCOCC4)n3)c(F)cc2N1","CN(C)C(=O)Cc1nc(-c2cc3c(cc2F)NC(=O)CC3)cs1","CN1CCOC(CN(CC2CC2)C(=O)c2cnc(N(C)C)cn2)C1","O=C(NCCC(=O)N1CCCCC1)NCc1cn2c(n1)CCCC2","COc1ccc(-c2nn(-c3ccccc3)cc2C(=O)N2CCC2)cc1","COc1cccc(OC)c1CC(=O)N1CCCC(OCC2CC2)C1","CC(=O)NCC(=O)NCC(=O)Nc1cc(CC2CCCCC2)n[nH]1","CNC(=O)c1cc(OC2CCN(C(=O)COCC3CC3)C2)ccn1","O=C(NC(Cc1ccccc1)C(=O)O)c1cnn(-c2ccccc2)c1","CC(C(=O)NC(C)(C)C)[S+]([O-])Cc1ccc(-n2cccn2)cc1","CNC(=O)Cn1ccc2ccc(NC(=O)c3ccc(C)cc3C)cc21","O=C(Nc1ccc2[nH]ccc2c1)c1cccc(OCC(F)(F)F)n1","O=C(Cn1c(=O)[nH]c2ccccc2c1=O)N1CCc2ccccc2C1","O=C(Cc1cnn(-c2ccccc2)c1)NCc1cccc(C(=O)O)c1","Cn1ncc2c(NC3CCCN(c4ccccc4C#N)C3)ncnc21","Cc1nn(CC(=O)NC(Cc2ccccc2)C(=O)O)c(C)c1Cl"
m_3aa487,"COc1cccc(F)c1C(=O)NC1CC(Cn2ccnc2)CC1O","Cn1c(=O)c2c(ncn2Cc2nc(C(C)(C)C)cs2)n(C)c1=O","COC(=O)c1cccc2c1OCCN2C(=O)c1cncc(F)c1","COc1ccc(CC(=O)NC2CCOC2c2ccnn2C)cc1F","COC(=O)c1cc(NS(=O)(=O)c2ccc3c(c2)CCC3)n(C)n1","Cn1ccnc1C1OCCC1CNc1c(C#N)cnc2ccccc12","Cc1n[nH]c(C)c1CC(=O)N1CCC(O)C1c1ccc(Cl)cc1","CCn1cc(OC2COCC2NC(=O)Cc2c(C)n[nH]c2C)cn1","Cc1ccc(C(=O)NC2CCOC(c3ccnn3C)C2)c(Cl)c1","O=C(c1c(O)cccc1F)N1CCOC(c2ccccc2Cl)C1","Cc1n[nH]c(C)c1CC(=O)N1CCC(c2cccc(F)c2F)CC1","CCC(C(=O)Nc1ncn(CC(=O)N(C)C)n1)c1ccc(F)cc1","Cc1n[nH]c(C)c1CC(C)C(=O)NC1CC1c1ccc(F)cc1F","O=C(COc1ccc(F)cc1)N1CCN(c2ncccc2F)CC1","COCc1ccc(C2CCCN2C(C)c2cc(C)c(C(=O)O)o2)o1","COc1cnc(C(=O)N2CCCCC2C2CC(C)CCC2O)nc1","COCc1nc(C)cc(N2CCC(O)C2c2ccc(Cl)cc2)n1","Cc1nnnn1C(Cc1cccc(F)c1)C(=O)NCC1CCOC1","Cn1nncc1CC(=O)NC1CCN(c2ccccc2Cl)C1=O","Cc1cc(C)n(CCSc2nnc(-c3ccc(Cl)cc3)[nH]2)n1","CC(C)N(C)S(=O)(=O)c1ccc(Cl)c(C(=O)NCCN)c1","CCn1cc(C2OCCCC2NC(=O)C2CC23CCOCC3)cn1","CC(C)Cn1cc(NC(=O)C2COc3ccc(Cl)cc3C2)cn1","O=C(NC(CCO)C1CCCCC1)C(F)(F)C1(O)CCCCC1","CCc1ccccc1OCC(=O)N1CCCC1C1COCCC1O"
m_3ae355,"CC(Oc1ccccc1)C(=O)Nc1ccc(N2CCOCC2)cn1","CCN(C)c1ccc(CNCc2ccc3c(c2)OCCCO3)cn1","Cc1n[nH]cc1CNCCC(=O)N1CCN(c2ccccc2)CC1","Cc1nn(-c2ccc(F)cc2)c(C)c1C(=O)NC(C)c1ccco1","O=C(Nc1ccnn1CC1CCOC1)C1COc2ccccc2O1","COC1CN(CCOc2ccc(C#N)cc2)CC1c1cn(C)nn1","Cn1cc(C(=O)Nc2ccc(N3CCOCC3)cn2)c(C2CC2)n1","COCc1ccc(CNc2cccnc2N2CCC(O)CC2)cc1","CCOc1ccccc1CNC(=O)N(C)C(CC)c1ccncc1","CCc1ccc(C2CCCCN2C(=O)C2CCCc3[nH]ncc32)o1","O=C(CC1CCCC1)NC1CCC(C(=O)Nc2ccncc2)CC1","CCc1nnc(C23CCCC2CN(C(=O)c2nccnc2C)C3)o1","COc1cc(C)c(S(=O)(=O)N2CCCC2C(=O)O)cc1OC","CC(C)(C(=O)NCc1cc2c(s1)CCCCC2)S(C)(=O)=O","Cc1cc(CNC(=O)C2CNCC2c2cnn(C)c2C)cc(C)n1","CC(C)c1nn(C)cc1C(=O)Nc1ccc(N2CCCCC2)cn1","CCCc1cc(NC2CCOC2c2nccn2C)n2ncnc2n1","Cn1cc(C(=O)NCC2CCC(F)(F)C2)c(C2CCOCC2)n1","CN(C)c1ccc(S(=O)(=O)N2CCCCC2CC(=O)O)cn1","CCn1nccc1C1CCN(S(=O)(=O)C2(COC)CC2)CC1","CCc1ccccc1NCCn1cnc2c1c(=O)n(C)c(=O)n2C","O=C(NCc1ccnc(OCC(F)(F)F)c1)c1cccnc1O","O=C(NC1CCN(c2ccccc2)CC1)C1CCN(C2CC2)CC1","Cc1cccc(C)c1C(=O)NC1CCc2c(nc(C)n2CCO)C1","O=S(=O)(CCC1CCCOC1)N1CCCC(c2ccn[nH]2)C1"
m_3aecdc,"CN(C)Cc1cc(CNC(=O)N2CC(F)CC2CO)ccc1F","CNC(=O)CC1CN(c2ccc(S(=O)(=O)NC)cc2)CC1O","O=C(O)C1CCN(S(=O)(=O)c2cc(C(F)(F)F)ccc2Cl)CC1","Cn1cc(C(=O)NCC2CCC(F)(F)C2)c(C2CCOCC2)n1","O=C(NC1CN(C(=O)c2c[nH]cc2-c2ccc(F)cc2)C1)C1CC1","Cn1nc(C2CC(O)C(CNc3ccc(Cl)cn3)C2)n(C)c1=O","O=C(O)C1CC2CCCCC2N1C(=O)CCc1nc(-c2ncccn2)no1","Cc1cc(Br)cnc1N1CCCC(O)(CC(N)=O)C1","CC(=O)N1CCC(NC(=O)c2cnn(-c3ccncc3)c2)CC1C","Cc1cc(N2CC(C(=O)Nc3ccncc3)CC2=O)ccc1Br","N#Cc1ccc(N2CCCC(O)(CC(N)=O)C2)c(C(F)(F)F)c1","CCOC(=O)c1c(N2CCN(C(=O)OCC)CC2)nc2ccccc2c1C","O=c1[nH]c2ccccc2n1C1CCN(S(=O)(=O)Cc2ccccc2)CC1","O=C(CCC1CCCC1)N1CCN(S(=O)(=O)N2CCCCCC2)CC1","N#Cc1cc(Cl)ccc1-n1ccc(NC(=O)N2CCC3CCC(O)C32)n1","C=C(C)C1OCCC1CNC(=O)N(C)C1CCCN(c2ccccc2)C1=O","CC(C)n1cc(C2OCCC2C(=O)Nc2ccc(OC3COC3)cc2)cn1","CC1CC(c2ccccc2)C(C)N1C(=O)Cc1ccccc1S(C)(=O)=O","Cc1ccc(C)c(OC2CCN(C(=O)NC3CCN(C4CC4)CC3)CC2)c1","Cc1ccc(OC2CCN(CC(=O)Nc3nc4c(s3)CCC4)CC2)cc1","CC(C)(C)c1ccc(C(=O)NC2CCN(C(=O)c3ccncc3)CC2)s1","CC(NC(=O)N1CCCC(Cn2ccnn2)C1)c1ccc2c(c1)OCCO2","COC(=O)Cc1ccc(OCC(=O)Nc2ccc3c(c2)OCCCO3)cc1","CCC(NC(=O)C(c1ccccc1)N1CCCCC1=O)c1nc(C)cs1","O=C1CC(NC(=O)C2(c3ccccc3)CCC2)CN1CCN1CCOCC1"
m_3ba5ce,"Cc1ccc(F)cc1C(=O)N1CCCC(n2cccn2)C1","COC1CC(c2ncc[nH]2)N(CCOc2ccccc2)C1","Cc1cc(C2CCCN(C(=O)CCn3ccnc3)C2)n[nH]1","CC(CNC(=O)c1ccnc(N(C)C)c1)Cn1ccnc1","CC(C)c1ccc(-c2nnc(NC(=O)C3CC3)s2)cc1","Cn1ccc(NC(=O)C2(c3cccc(F)c3)CCCC2)n1","COc1c(C)ncnc1N1CCC(Cn2cccn2)CC1","CC(C)C(C(=O)O)N1C(=O)C2C3C=CC(C4CC34)C2C1=O","CCc1cc2c(NCc3[nH]nc(C)c3C)ncnc2s1","Cn1nc(C2CCC2)cc1NC(=O)Cc1cccc(F)c1","CCC(O)(CC)CNS(=O)(=O)c1c[nH]c(C(C)C)n1","COCCC(=O)Nc1nc2ccccc2n1C1CCCC1","CCc1nn(C)cc1C(=O)NCC1CCn2ccnc2C1","O=C(CC1CCCCO1)Nc1cncnc1-n1cccn1","CCCN(CC(=O)O)S(=O)(=O)c1ccc(F)cc1C","N#CCCn1ccc(NC(=O)N2CCCC2C2CCC2)n1","COc1ccc(OC(F)F)c(CNC2CCC(O)C2)c1","O=C(Cc1cccc(C(=O)O)c1)NCC12CCC(CC1)C2","COC(=O)c1cccc(NC(=O)c2ccc(=O)n(C)n2)c1","CCCc1[nH]ncc1C(=O)NCC1CCc2nccn2C1","Cc1ccc(-n2nc(C)cc2NC(=O)C2CCOC2)nn1","CC(C(=O)N1CCC(C(=O)O)C1)c1ccc(Cl)s1","c1csc(C(Nc2ncnc3sccc23)C2CC2)c1","CCCn1nccc1C(=O)Nc1ccc(CC(=O)O)cc1","CC(C(=O)Nc1cnc(C(C)(C)C)nc1)S(C)(=O)=O"
m_3ce578,"Cc1cn(-c2ccccc2Cl)nc1C(=O)Nc1ccc2c(c1)CCCC(=O)N2","O=C(O)c1cc(S(=O)(=O)Nc2ccccc2-c2cc(F)c(F)c(F)c2)c[nH]1","CNC(=O)C1CCS(=O)(=O)C12CN(C(=O)NCC(C)(C)c1ccncc1)C2","Cc1nnc(-c2ccc(C(=O)Nc3nc(-c4ccc(C)s4)c(C)s3)cc2)o1","CC(=O)Nc1ccc(C)c(C(=O)Nc2c(C)c(C)nn2-c2ccc(Cl)cc2)c1","COc1ccc(C(=O)Nc2cc(C(=O)NCC3CC3)ccc2C)c(OC(C)C)c1","Cn1cc(C(=O)NC2CCN(Cc3nc(-c4ccsc4)no3)CC2)cn1","Cc1c(C(=O)Nc2cccc(C(=O)NC(C)(C)C)c2)cnn1-c1ccc(=O)[nH]n1","CN1C(=O)CC(C(=O)NCCc2ccc(C(=O)O)cc2)C1c1cccs1","Cc1ccc(CN2C(=O)CCC2C(=O)NCc2cccc(OCC(=O)O)c2)cc1","Cc1cccc(C)c1NC(=O)CN(C)c1cnn(-c2ccccc2)c(=O)c1Cl","Cc1ccccc1-n1ncc(C(=O)Nc2ccc3ncccc3c2)c1C(F)(F)F","Cc1c(C(=O)NCc2ccc(C(=O)O)cc2)nnn1-c1ccc2c(c1)OCCO2","Cc1nc(COc2ccc(Cl)cc2)sc1C(=O)N1CCC(C)(C(=O)O)C1","Cc1c(C(=O)NCc2cccc(C(=O)O)c2)nnn1-c1ccc2c(c1)OCCO2","CN1CCC2OCCN(Cc3nnnn3-c3ccccc3Br)C2C1","COC1(c2nc(C3CCOCC3)no2)CCN(Cc2ccncc2Cl)CC1","Cc1ccc(Oc2ccc(C(=O)N3CCSCC3c3cnn(C)c3)cc2)nc1","COC(=O)C12CCC(=O)N1c1ccccc1C(=O)N2c1ccc2c(c1)OCCO2","CCCc1cc(C(=O)Nc2ccc(F)c(S(=O)(=O)N3CCOCC3)c2)[nH]n1","O=C1CN(C(=O)NC2CCN(c3ccc(F)c(Cl)c3)C2=O)CN1CC1CC1","O=C(Nc1ccnn1CC1CCOC1)N1CCc2cc(Cl)cc(Cl)c2C1","COC(=O)C(NC(=O)CC(C)c1c[nH]c2ccccc12)c1ccc2c(c1)CCO2","CC(C)C(NC(=O)Cn1cnc(-c2ccccc2)n1)c1ccc2c(c1)OCCO2","Cc1nn(C(C)C)cc1C(=O)NC(C)C(C)NC(=O)C1CCCCC1"
m_3d62dd,"Cc1cccnc1C(NCC(=O)N1CC(C)OC(C)C1)C(C)C","C1=CC2(CCCN(c3ncnc4nc[nH]c34)C2)Oc2ccccc21","CCCC1CN(C(=O)Nc2cc(-c3ccoc3C)on2)CCO1","FC(F)(F)c1cccc2c1CN(c1ncnc3[nH]ncc13)CC2","Cc1cccc2nc(N3CCN(CCC(=O)O)CC3C)sc12","CN(Cc1ccccc1N1CCOCC1)C(=O)C1CC(O)CN1","CCc1nc(C(C)C)ccc1C(=O)N(C)CCN1CCOCC1","CCCN(CC(=O)O)C(=O)c1cn(C)nc1-c1cnn(CC)c1","COCc1n[nH]c(C2CCCCN2Cc2ncnn2C(C)C)n1","O=C1CN(C(=O)CC2CC2Cc2ccccc2)c2ccncc2N1","COCc1nc(C)cc(N2CCN(c3nc(C)cs3)CC2)n1","CCOC(CC)C(=O)NCc1ccc(-n2ccnc2C)c(F)c1","Cn1nccc1N1CCCC(NC(=O)C2(C)CCC(=O)NC2)C1","Cc1cc(O)nc(C(=O)N(CC2CC2)CC2CN(C)CCO2)c1","Cc1cc(F)ccc1-n1cc(C(=O)NCC2CNCCO2)nn1","CCC1CN(C(=O)Cn2cnc3ccc(F)cc3c2=O)CCO1","O=C(O)C1COCCN1S(=O)(=O)c1cccc2ccccc12","Cc1ccc(C(=O)NC2CC(N(CC(=O)O)CC3CC3)C2)n1C","Cc1cc(CNC(C(N)=O)C(C)(C)C)nc(N2CCCCC2)n1","CC(C)COc1ccc(CC(=O)N2CCOC(C(=O)O)C2)cc1","Cn1nccc1C1CCN(Cc2cc(-c3ccccc3)[nH]n2)CC1","CS(=O)(=O)CCn1cnc2c(nnn2-c2ccccc2)c1=O","CC(=O)N1CCOC2CCN(C(=O)c3cccn3C(C)C)CC21","CCC(Oc1ccccc1F)C(=O)N1CCC(O)(CO)C1","Cc1nc(S(=O)(=O)N(c2ccccc2)C2CCCC2)cn1C"
m_3db789,"O=C(Nc1ccc(Cl)cn1)c1ccccc1NC(=O)C1CCOC1","Cc1c(Cl)cccc1C(=O)N1CC(C(=O)O)C(c2ccccc2)C1","CCCC(=O)N1CCCCC1C(=O)NCc1nc(-c2ccco2)n[nH]1","Cc1ccc(-n2nc(C)cc2NC(=O)Cc2cc(F)ccc2F)nn1","CCn1cnnc1CNC(=O)NCc1ccc(OC2CCCC2)cc1","Cc1nn(-c2ccccc2)c(C)c1NC(=O)c1ccc(Cl)cc1F","CS(=O)(=O)CC1CCCN(c2nc(C3CCCCC3)ns2)C1","O=C(NCc1ccsc1Br)NC1CC12CCNCC2","COc1cc(NC(=O)Cn2nc(C(F)(F)F)c3c2CCC3)nn1C","CC1COCCC1C(=O)N1CCCc2cc(OC(F)(F)F)ccc21","O=C(NCCc1cnn(-c2ccccc2)c1)c1cc(Cl)ccc1F","CC(=O)Nc1cccc2c1CCN(C(=O)C(C)N1CCCCCC1)C2","Cc1cc(CC(=O)N2CC(COc3ccccc3)OC(C)(C)C2)n[nH]1","Cc1nc(-c2cccc(NC(=O)c3cccc4cccnc34)c2)oc1C","O=C(NCc1ccsc1Br)N1CCC2CCC(C1)N2","Cc1cccc(N2CCN(CCNC(=O)NCc3ccon3)CC2)c1","Cn1cc(CN2CC(c3ccccc3)OCC2(C)C)c(=O)n(C)c1=O","CC1CCCCN1C(=O)NCc1cccnc1Oc1cccc(F)c1","CCc1cnc(NC(=O)C(c2ccccc2)N2CCC(O)CC2)s1","Cc1cc(NC(=O)NCCCn2ccnn2)nn1-c1cccc(F)c1","O=C(NCC1CCC(F)(F)CC1)N1CCCN(C(=O)C2CC2)CC1","CCCN(CC(=O)Nc1cc(Cl)ccc1Cl)C1CCNC1=O","CC(=O)NCCNC(=O)CCC(=O)N1CC=C(c2ccccc2)CC1","CC(CNC(=O)NCc1ccc(-c2ccn[nH]2)cc1)N1CCOCC1","Cc1c(Cl)cnc(NCc2cc(OC3CCNC3)ccn2)c1C#N"
m_3dc915,"Cc1cnn(-c2ccc(C(=O)N3CCCC(n4cccn4)C3)cc2)c1","Cc1cnn(-c2ccc(C(=O)N3CCCC3Cn3cccn3)cc2)c1","Cc1csc(C2COCCN2C(=O)NCCc2ccnn2C)n1","O=C(c1cccc(Cn2ccnc2)c1)N1CCCC(n2cccn2)C1","COCC(=O)NCCS(=O)(=O)c1ccc(C(C)(C)C)cc1","Cc1ccc(-n2cc(NC(=O)c3occ4c3CCOC4)cn2)c(C)c1","O=C(NC1CCc2ccc(O)cc21)c1c[nH]nc1-c1ccccc1F","O=C(c1ccon1)N1CCN(c2ccnc(-c3ccccc3)n2)CC1","CCCOc1ccc(S(=O)(=O)N2CCOCC2)c2ccccc12","Cc1nn(-c2ccccc2)nc1C(=O)N1CCc2nnc(N)cc2C1","Cn1ccnc1C1CCN(C(=O)Cc2ccc(-n3cccn3)cc2)C1","CCc1ccc(CNC2CCN(c3ccccc3Cl)C2=O)o1","Cc1cnn(-c2ccc(C(=O)N3CCCC(n4cccn4)C3)cc2)c1","Cc1cnn(-c2ccc(C(=O)N3CCCC(n4cccn4)C3)cc2)c1","Cc1cnn(-c2ccc(C(=O)N3CCCC(n4cccn4)C3)cc2)c1","Cc1cnn(-c2ccc(C(=O)N3CCCC(n4cccn4)C3)cc2)c1","Cc1cnn(-c2ccc(C(=O)N3CCCC(n4cccn4)C3)cc2)c1","Cc1cnn(-c2ccc(C(=O)N3CCCC(n4cccn4)C3)cc2)c1","Cc1cnn(-c2ccc(C(=O)N3CCCC(n4cccn4)C3)cc2)c1","Cc1cnn(-c2ccc(C(=O)N3CCCC(n4cccn4)C3)cc2)c1","Cc1cnn(-c2ccc(C(=O)N3CCCC(n4cccn4)C3)cc2)c1","Cc1cnn(-c2ccc(C(=O)N3CCCC(n4cccn4)C3)cc2)c1","Cc1cnn(-c2ccc(C(=O)N3CCCC(n4cccn4)C3)cc2)c1","Cc1cnn(-c2ccc(C(=O)N3CCCC(n4cccn4)C3)cc2)c1","Cc1cnn(-c2ccc(C(=O)N3CCCC(n4cccn4)C3)cc2)c1"
m_3f6bab,"CNC(=O)CSc1nc2ccccc2c2nc3ccccc3n12","CC(C)N(CCO)C(=O)Nc1nnc(C=Cc2ccco2)s1","CCCNC(=O)c1cccc(C(=O)Nc2cccc3cn[nH]c23)c1","COCc1ccc(C(=O)N2CC(OC)CC2CN2CCCC2)o1","CCN(C)Cc1cccc(CNc2nc3ccccc3c(=O)[nH]2)c1","Cc1ccc2nc3c(c(C(=O)Nc4nncs4)c2c1)CCCC3","COCc1nc(C)cc(N2CCCC(O)(CC(=O)N(C)C)C2)n1","CC(C)NC(=O)CN(C)c1nnc(Cc2ccc(F)cc2)s1","CC(CNC(=O)Cc1coc(-c2ccc(Cl)cc2)n1)C(=O)O","CC(NC(=O)N1CCn2c(C(C)C)nnc2C1C)C(=O)N(C)C","CC(C)(C)C1CN(c2cc(N3CCSCC3)ncn2)CCO1","C=CCn1c(SC2CC(C)OC2=O)nc2ccsc2c1=O","COc1ccc(CC(=O)N2CCC(N3CCOCC3)C2)cc1F","CC(Sc1nnc(C2CC2)n1C1CC1)C(=O)N1CCOCC1","CN1C(=O)CCC(NC(=O)NC2CC(C)(C)NC(C)(C)C2)C1=O","O=C(Nc1cncnc1N1CCCC1)c1cc(F)c(F)cc1F","COC(=O)CCNC(=O)c1csc(-c2ccccc2OC)n1","CC(CN1CCOCC1)N1CCOc2c(cccc2C(=O)O)C1","CCNC(=O)CN1CCN(S(=O)(=O)N2CCOCC2)CC1","C1CC(CN2CCOCC2)CN(Cc2n[nH]c3c2COCC3)C1","Cn1ccnc(NCC2(CN3CCOCC3)CCCCC2)c1=O","CC(C)(C)c1cc(N2CCN(CCO)CC2)nc(C(C)(C)C)n1","CC(C)N1C(=O)CC(Nc2ncnc3cc(F)c(F)cc23)C1=O","Cc1nc(C2CCCCN2C(=O)c2cc(Cl)ccc2F)n[nH]1","Cn1nnc(CNc2ccc(Cl)cc2C(=O)N2CCCC2)n1"
m_3f8028,"CC1c2cccn2CCN1C(=O)c1cccnc1O","O=C(O)CN(C(=O)C1CCCO1)C1CCOCC1","CCc1cc(NC(=O)c2ccnnc2C)ccc1C","O=C(O)C1CC2OCCC2N1C(=O)C1CCCO1","Cc1ccc2c(c1)N(Cc1cncnc1)CC(C)O2","COCCC(=O)Nc1cnn(C(C)(C)C(=O)O)c1","CN(C)CC1CN(CCN2CCCC2=O)CCO1","CC1CCCN1c1cc(C(N)=O)c2ccccc2n1","CCc1ncnc(N2CCOCC2CCO)c1F","C#Cc1ccc(C(=O)N2C3CCC2CC(O)C3)cc1","CCOC(=O)C1CCCN(C2CC(OCC)C2)C1","COC1(CC(=O)NCC2(CO)CCCC2)CCC1","O=C(NC1CCCCCC1C(=O)O)C1CCCO1","CC(NC(=O)c1cc(=O)[nH]c(C2CC2)n1)C(F)F","COc1ccnc(NCC2(c3ccccc3)CC2)n1","CC1CC(CO)CCN1C(=O)CCC1CCCO1","CCc1c(N)cnn1-c1ccc(C(F)(F)F)cc1","Cc1ccc(NC(=O)c2cccc(C)c2O)c(C)c1","Cc1cc(C(=O)N2CCCCc3ccccc32)[nH]n1","CC(N(C)C(=O)c1ccc2[nH]cnc2c1)C1(C)CC1","CC1(C(=O)N2CCC(O)(C(=O)O)CC2)CCCC1","CC(=O)N1CCCN(C(=O)C(N)CC(C)C)CC1","c1ccc(C(CC2CCC2)NCc2ncc[nH]2)cc1","Cc1cc(NC(=O)NC2CC2C)cnc1C(F)F","Cc1cccc(C(C)C)c1NC(=O)c1cnccn1"
m_3ff7be,"CC(C)(CNC1CCCS(=O)(=O)C1)c1ccc(C(F)(F)F)cc1","COc1ccc(CNC(=O)CCCc2nc3ccccc3c(=O)[nH]2)cc1","Cc1c(C2CNCC2C(=O)NCCN2CCOC(C)(C)C2)cnn1C","CC(C)(CNC(=O)N(Cc1ccccc1F)C1CC1)N1CCOCC1","Cc1cc(S(=O)(=O)N2CCCN(c3ccccn3)CC2)ccc1F","Cc1occc1C(=O)NC1CCN(CC(=O)NCC2CCCO2)CC1","Cc1nnc(-c2ccc(C(=O)Nc3ncnc4oc(C)c(C)c34)cc2)o1","Cc1noc(C)c1S(=O)(=O)N(C)Cc1ncc(Cl)cc1Cl","CC(C)(CNC(=O)c1cccc(S(C)(=O)=O)c1)c1ccccc1F","CN(C)C(=O)N1CCN(c2nnc(Cc3ccc(F)cc3)s2)CC1","Cc1noc(C)c1C(=O)NC(Cc1ccccc1)C(=O)NC1CC1","CN1CCC2CCN(S(=O)(=O)CCc3noc4ccccc34)C2C1","COc1cccc(CC(=O)N2CCC(c3c[nH]c4ncccc34)CC2)c1","Cc1nn(C)c(C)c1OCC(=O)NC1COCC1Oc1cnn(C)c1","Cc1onc(-c2ccccn2)c1C(=O)NC1CCN(c2ccccn2)C1","Cc1cc(C(=O)N2CCCc3ccc(S(=O)(=O)N(C)C)cc32)on1","CN(C)c1ncccc1OC1CCN(C(=O)Cn2cc(Cl)cn2)C1","Cc1cccc(-c2noc(CC3CCN(Cc4ccccn4)CC3)n2)n1","COc1ccc2c(c1)CC(C)N(C(=O)Cc1c[nH]c3ncccc13)C2C","COc1ccc(-n2nc(C(=O)Nc3cnc(C4CC4)nc3)cc2C)cc1","CONC(=O)CCC(C)=CCc1c(O)c2c(c(C)c1OC)COC2=O","O=C(COCC1CC1)Nc1cccc(C[S+]([O-])C2CCCCC2)c1","COCCN1C(=O)NC2CN(C(=O)c3cnn(C(C)C)c3C)CCC21","COCc1n[nH]c(C2CN(CC(=O)N3CCOCC3)CC2C2CC2)n1","O=C(O)C1CCC(NS(=O)(=O)c2ccc(Cl)cc2Cl)CC1"
m_402004,"O=C(N1CCC(OCC2CCOC2)CC1)C(F)(F)C1(O)CCC1","CCc1noc(C2CC(O)CN2c2ncc(Cl)c(C)c2C#N)n1","C=C1CCN(C(=O)c2ccc(S(=O)(=O)C(F)(F)F)cc2)CC1","COc1ccccc1-c1nc(CN2CCCOC(CN)C2)cs1","CC(=O)NCC(=O)NCC(=O)Nc1cc(CC2CCCCC2)n[nH]1","COCc1nc(C)cc(N2CCC(O)C2c2ccc(Cl)cc2)n1","CCC(C)c1nc(C)c(CC(=O)NC2CCC(C(=O)O)C2)c(C)n1","FC(F)CN1CCC(c2nc(-c3ccn4cncc4c3)no2)CC1","Cc1nn(C2CCOCC2)cc1NC(=O)CCCC1CCCCC1","CC(C)(O)CN1CCN(C(=O)C2CCC(n3cccc3)CC2)CC1","CC1CN(c2ccncc2)CCN1C(=O)c1cc(F)cc(Cl)c1","O=C(O)c1ccccc1OCCN1CCC(C2CCCCO2)CC1","Cn1nccc1C1CCCCN1c1ncnc2c1oc1ccccc12","CN1CCN(CCNC(=O)C2CCc3cnn(C)c3C2)CC1(C)C","O=C(Nc1cc2c(cc1Cl)OCCCO2)c1ccoc1C1CC1","CC(Cc1ccc(NC(=O)c2ccc(Cl)cc2F)cc1)C(=O)O","CC(C)(Cc1ccc(O)cc1)C(=O)N1CCOC2(CCCOC2)C1","COC1CC(CN(C)S(=O)(=O)c2cncc(Cl)c2)N(C)C1","COCCn1c(S(=O)(=O)Cc2cccc(C#N)c2)nc(C)c1C","Cc1nn(-c2ccc(Cl)cc2)cc1C(=O)NC1(C)CCOCC1","NC(=O)c1cc2n(n1)CC1(CCN(Cc3ccns3)CC1)OC2","CCc1ccccc1OCC(=O)N1CCCC1C1COCCC1O","Cc1cc(F)cc2c(=O)c(C(=O)NCC(=O)NC(C)(C)C)c[nH]c12","CCc1nncn1CCNC(=O)NC1CCCC(C(F)(F)F)C1","Cn1cc(NC(=O)NCC2CC(F)CN2Cc2cncnc2)cn1"
m_417c79,"CC(C)(CNS(=O)(=O)c1cccc2cnccc12)N1CCOCC1","COc1cc(C(=O)N2CCOCC2C(=O)O)ccc1OC1CCCC1","Cc1cc(N2CCCC(NC(=O)c3cnc4ccccc4c3)C2)n(C)n1","COCCN1C(=O)NC2CN(C(=O)c3cnn(C(C)C)c3C)CCC21","CC(=O)Nc1ccc(NC(=O)Nc2nn(-c3ccccc3)cc2C)cc1","O=C(c1cc(N2CCOCC2)ccn1)N1Cc2ccccc2C2(CC2)C1","CN1CCC(NC(=O)C2CCCC(=O)N2C)C1c1ccc(Cl)cc1","Cn1nnc(CSc2nnc(-c3ccccc3)n2-c2ccccc2)n1","CC(O)C(C)(CNC(=O)C1CCOCC1)Cc1ccccc1","CN1C(=O)CCC(CNc2ccc3ccccc3n2)C1c1cnn(C)c1","O=C(O)CN(C(=O)C1C2Cc3c(Cl)cccc3C21)C1CCOCC1","COCc1cc(C(=O)NCC2OCCN(C)C2c2cncn2C)no1","CCN1CCCC(NC(=O)CSCC(=O)Nc2ccc(C)cc2)C1","O=C(N1CCCCC1)N1CCN(CC[S+]([O-])c2ccccc2)CC1","Cc1cnn(C2C(O)CC2NC(=O)c2ccccc2OC2CC2)c1","COc1cc(F)ccc1N1CCN(C(=O)C2CCCN2C(C)=O)CC1","CNC(=O)C1(COC)CCCN1C(=O)c1ccc2ccccc2n1","Cc1nc(CCC(=O)N2CCN(c3ccc(Cl)cc3)CC2)cs1","CN(Cc1ccccc1F)C(=O)CN1CCOC(c2nccs2)C1","Cc1nc(C)n(CC2CCCN(CC(O)CN3CCC(C)CC3)C2)n1","CC(C)(CNS(=O)(=O)c1cccc2cnccc12)N1CCOCC1","CC(C)(CNS(=O)(=O)c1cccc2cnccc12)N1CCOCC1","CC(C)(CNS(=O)(=O)c1cccc2cnccc12)N1CCOCC1","CC(C)(CNS(=O)(=O)c1cccc2cnccc12)N1CCOCC1","CC(C)(CNS(=O)(=O)c1cccc2cnccc12)N1CCOCC1"
m_43683b,"CCn1nncc1C(=O)NCC1(O)Cc2ccccc2C1","COCC(=O)Nc1ccccc1NC(=O)c1ccccc1","Cc1ccc(C2CCCCN2C(=O)Nc2cn[nH]c2)cc1","Cc1ncncc1C(=O)NCCNC(=O)c1ccccc1","CC(C)CC(NC(=O)Nc1cccnn1)c1ccccc1","Cc1ccc(S(=O)(=O)N2CCOC(CN)C2)c(C)c1","O=C(Nc1nncn1C1CC1)C1CCOc2ccccc21","Cc1oc(-c2ccccc2)nc1CCNC(=O)C1CCC1","Cc1ccc(C2CCCN2C(=O)Cc2nc[nH]n2)cc1C","CC(C)c1ccc(C(C)NC(=O)Nc2cccnn2)cc1","CCn1nncc1C(=O)NCC1(O)Cc2ccccc2C1","CCn1nncc1C(=O)NCC1(O)Cc2ccccc2C1","CCn1nncc1C(=O)NCC1(O)Cc2ccccc2C1","CCn1nncc1C(=O)NCC1(O)Cc2ccccc2C1","CCn1nncc1C(=O)NCC1(O)Cc2ccccc2C1","CCn1nncc1C(=O)NCC1(O)Cc2ccccc2C1","CCn1nncc1C(=O)NCC1(O)Cc2ccccc2C1","CCn1nncc1C(=O)NCC1(O)Cc2ccccc2C1","CCn1nncc1C(=O)NCC1(O)Cc2ccccc2C1","CCn1nncc1C(=O)NCC1(O)Cc2ccccc2C1","CCn1nncc1C(=O)NCC1(O)Cc2ccccc2C1","CCn1nncc1C(=O)NCC1(O)Cc2ccccc2C1","CCn1nncc1C(=O)NCC1(O)Cc2ccccc2C1","CCn1nncc1C(=O)NCC1(O)Cc2ccccc2C1","CCn1nncc1C(=O)NCC1(O)Cc2ccccc2C1"
m_436a8d,"Cc1nn(-c2ccc(Cl)cc2)cc1C(=O)NC1(C)CCOCC1","Cc1cc(C(=O)N2CC(O)CCC2C)nn1-c1cccc(Cl)c1","CC1CN(CCNC(=O)NCC2CCS(=O)(=O)C2)CC(C)O1","CC1CN(c2cc(Cl)ccc2C#N)CC1C(=O)N1CCOCC1","O=C(Cc1nc(-c2ccc([N+](=O)[O-])cc2)cs1)N1CCOCC1","CN(C)C(=O)Cc1nc(-c2cc3c(cc2F)NC(=O)CC3)cs1","COC1CC(c2nc(C3CC3)n[nH]2)N(CC(=O)N2CCOCC2)C1","CC(C)c1c(NCc2nncs2)cnn1-c1ccccc1Cl","CNCC1CCN(C(=O)c2conc2-c2ccc(Cl)cc2)CC1","CC(=O)Nc1cccc(OCCNC(=O)NC2CCC(O)CC2)c1","COCc1nc(C)cc(N2CCC(O)C2c2ccc(Cl)cc2)n1","COCc1n[nH]c(C2CCCCN2C(=O)c2ccncc2Cl)n1","CNC1CCN(C(=O)c2csc(Cc3ccccc3F)n2)CC1","CCc1noc(C2CC(O)CN2c2ncc(Cl)c(C)c2C#N)n1","CN(C(=O)c1cc(N2CCCC2=O)ccc1F)C1CCC(N)CC1","Cc1cn(-c2ccc(Cl)cc2)nc1NC(=O)N1CC(N(C)C)C1","N#Cc1cc(Cl)ccc1CN1CCC(CN2CCOCC2)CC1","CC(N)C1CCCN(C(=O)c2conc2-c2ccc(Cl)cc2)C1","O=C1CCc2cc(-c3csc(N4CCOCC4)n3)c(F)cc2N1","Cc1nn(-c2ccc(Cl)cc2)cc1C(=O)NC1(C)CCOCC1","Cc1nn(-c2ccc(Cl)cc2)cc1C(=O)NC1(C)CCOCC1","Cc1nn(-c2ccc(Cl)cc2)cc1C(=O)NC1(C)CCOCC1","Cc1nn(-c2ccc(Cl)cc2)cc1C(=O)NC1(C)CCOCC1","Cc1nn(-c2ccc(Cl)cc2)cc1C(=O)NC1(C)CCOCC1","Cc1nn(-c2ccc(Cl)cc2)cc1C(=O)NC1(C)CCOCC1"
m_436c77,"Cc1c(Cl)cccc1N1CCCN(C(=O)CC2CCC(=O)N2)CC1","COc1cc(F)ccc1N1CCN(C(=O)C2CCCN2C(C)=O)CC1","CCc1nc(C2CCCN(C(=O)Cc3cccc4ccccc34)C2)no1","CN1CCOC2CCN(C(=O)NC(C3CCCC3)C(F)(F)F)CC21","Cc1nn(C)c(C)c1OCC(=O)NC1COCC1Oc1cnn(C)c1","CN(Cc1ccccc1F)C(=O)CN1CCOC(c2nccs2)C1","O=C(CCn1cnccc1=O)NC1CCCc2c(F)cc(Cl)cc21","Cc1noc(C)c1C(=O)NC(Cc1ccccc1)C(=O)NC1CC1","Cc1cc(-c2noc(C3CCC(=O)NC3)n2)cc(C)c1Br","COc1cc(CCNC(=O)N2CCC(CN3CCCC3)C2)ccc1F","CC(C)CC(NC(=O)C1CCN(CC(C)C)C1)C(=O)Nc1cc[nH]n1","COCc1cc(C(=O)NCC2OCCN(C)C2c2cncn2C)no1","Cc1cc(NC(=O)C2CC2)sc1C(=O)NCCN(C(C)C)C1CC1","NC1CCCC(C(=O)NC2CCCN(c3ccccc3Cl)C2=O)C1","Cn1nnc(CSc2nnc(-c3ccccc3)n2-c2ccccc2)n1","COCCn1cc(NC(=O)NCCN2CCc3sccc3C2)cn1","CCN1CCN(CC(=O)NCC(C)(C)c2ccccc2F)C(=O)C1=O","Cc1nc(CN2CCN(C(=O)COc3ccc(Cl)cc3)CC2)n[nH]1","O=C1CCCCC(C(=O)N2CCCN(c3ccccc3Cl)CC2)N1","CC(C(=O)NCCc1cccs1)N1CCOC(Cn2cncn2)C1","CCN1CCCC(NC(=O)CSCC(=O)Nc2ccc(C)cc2)C1","Cc1nc(CCCC(=O)NC2(C(=O)NCC3CC3)CCCC2)cs1","Cc1nc(CCC(=O)N2CCN(c3ccc(Cl)cc3)CC2)cs1","CCN1CCC2CCC(C1)N2CC(=O)NCCOc1cccc(F)c1","Cc1cc(C2CCN(C(=O)C3CCc4cc(F)ccc43)CC2)[nH]n1"
m_43e809,"O=C(NC1CCCOc2cc(F)ccc21)c1ccn(CC(F)F)n1","CCn1cc(C2OCCC2NS(=O)(=O)c2cn(C)c(C)n2)cn1","O=C(NCc1nnc2n1CCC2)N1CCCC(c2ccccc2)CC1","Cc1ccc2nc(NC(=O)CNC(=O)Cc3ccccc3)sc2c1","Cn1cc(C2(C)CN(C(=O)NCc3cccc(C#N)c3)CCO2)cn1","Cc1nc(C2CCCN2C(=O)c2cc3c(s2)CCCC3)no1","COc1cccc(C(=O)N2CCC3(C2)OCc2ccccc23)c1OC","Cc1nc(C(C)C)ncc1C(=O)NC1CC(C(=O)O)c2ccccc21","CCc1cc2c(NCc3nccc(C(F)(F)F)n3)ncnc2s1","COc1cccc(CNC(=O)N2CCCCC2c2ccc(C)cc2)n1","COc1ccc(N2CC(C(=O)Nc3nncn3C3CC3)CC2=O)cc1","Cc1c(F)cccc1S(=O)(=O)N1CCOC(c2cnn(C)c2)C1","CCn1nc(C)c(S(=O)(=O)NC(C)c2c(C)nn(C)c2C)c1C","Cn1nccc1C1OCCC1CNC(=O)Cn1cnc2ccccc21","CCCc1csc(NC(=O)NC2c3ccccc3CC2O)n1","Cc1ccc(S(=O)(=O)NC2CCOC2c2cnn(C)c2)c(F)c1","Cn1cnc(CNC(=O)C2C3CCC2(c2ccnn2C2CCC2)C3)c1","CC(NC(=O)Cn1nnc2ccccc21)c1nnc2n1CCCCC2","O=C(Cc1coc(-c2ccc(F)cc2)n1)Nc1ccc([N+](=O)[O-])cc1","Cc1noc(C2CCN(CCC(=O)Nc3ccccc3C#N)CC2)n1","OC(COC1CCOCC1)CN1CCOC(c2ccc(F)cc2)C1","Cn1cc(C2OCCC2CNS(=O)(=O)c2ccccc2F)cn1","CCc1ncc(NC(=O)Cn2nc(C(F)(F)F)c3c2CCC3)cn1","Cn1nc(-c2ccco2)cc1NC(=O)NCc1cccc(C(N)=O)c1","Cc1ccn(-c2ccc(N3CCOC(c4cccc(F)c4)C3)nn2)n1"
m_444a56,"c1ccc(C(CC2CCC2)NCc2nnc3n2CCC3)cc1","O=C(Cc1ccon1)N1CC2CCCCC21c1ccccc1","CCN1CCN(C(=O)c2cc(C#N)c[nH]2)CC1c1ncc[nH]1","O=S(=O)(N1CCOCC1)N1CCCC1c1ccccc1","CCn1c(CNCc2ccc(OC)nc2)nc2ccccc21","Cc1ccc(NC(=O)CCCc2ccccc2)cc1C(N)=O","COc1ccc(C)cc1C(=O)N(Cc1ccccn1)C1CC1","Cc1ccc(CN(C)C(=O)NCCc2ccccc2)c(C)c1","O=C(CCc1nnc[nH]1)NC1(Cc2ccccc2)CCCC1","Cc1ccc(CNC2CCN(c3ncccn3)CC2)c(C)c1","CCc1nnc2n1CCN(C(=O)C1CCc3ccccc31)C2","CCc1c(NCc2cc(C)on2)cnn1-c1ccccc1C","c1ccc(C(CC2CCC2)NCc2nnc3n2CCC3)cc1","c1ccc(C(CC2CCC2)NCc2nnc3n2CCC3)cc1","c1ccc(C(CC2CCC2)NCc2nnc3n2CCC3)cc1","c1ccc(C(CC2CCC2)NCc2nnc3n2CCC3)cc1","c1ccc(C(CC2CCC2)NCc2nnc3n2CCC3)cc1","c1ccc(C(CC2CCC2)NCc2nnc3n2CCC3)cc1","c1ccc(C(CC2CCC2)NCc2nnc3n2CCC3)cc1","c1ccc(C(CC2CCC2)NCc2nnc3n2CCC3)cc1","c1ccc(C(CC2CCC2)NCc2nnc3n2CCC3)cc1","c1ccc(C(CC2CCC2)NCc2nnc3n2CCC3)cc1","c1ccc(C(CC2CCC2)NCc2nnc3n2CCC3)cc1","c1ccc(C(CC2CCC2)NCc2nnc3n2CCC3)cc1","c1ccc(C(CC2CCC2)NCc2nnc3n2CCC3)cc1"
m_44cb82,"Cc1nnc(C2CN(C(=O)C3(Cc4ccccc4)CCC3)CCO2)o1","Cc1nn(Cc2ccccc2)c(C)c1C(=O)N1CC(O)CC(C)(C)C1","CCn1cnnc1C1CCN(C(=O)CN(C)Cc2ccccc2)CC1","Cc1noc(C2CC2)c1NC(=O)NC(c1ccccc1)C1CCCO1","CNC(=O)C1CC(=O)N(C2CN(C(=O)c3cc4ccccc4o3)C2)C1","O=C(CNC(=O)NC1CC1c1cccc(F)c1)NCc1ccccc1","O=C(Cn1cnc(NC(=O)CC2CCCC2)n1)NCc1ccccc1","CC(NC(=O)NC1CCCNC1=O)c1cnn(Cc2ccccc2)c1","COC1CC(c2ncn[nH]2)N(CC(=O)N2CCc3ccccc3C2)C1","O=C(NC1CCOCC1)NC1CCN(c2ccc(F)c(Cl)c2)C1","CCNC(=O)N1CCC(Nc2ccc(C)c(OCC(F)F)c2)CC1","CCn1cnnc1C1CCCN(C(=O)CN(C)Cc2ccccc2)C1","CCn1c(C)nnc1CNC1C(C)CN(Cc2ccccc2)CC1C","Cc1ccccc1C(=O)Nc1cc(F)ccc1Sc1nccn1C","CN(Cc1ccco1)C(=O)NCC1CCN(Cc2ccccc2)CC1","O=C(NC1CCN(c2ncccc2Cl)C1)c1cccc2c1CCC2","CCC(Cc1ccc(C(F)(F)F)cc1)C(=O)NCC1CCCOC1","Cc1noc(C)c1CCN1C(=O)NC(C)(CCc2ccccc2)C1=O","Cc1c(C(=O)N2CCOC(CC(=O)O)C2)cnn1Cc1ccccc1","O=C(Nc1cccc(C(F)(F)F)c1)c1cnc2n(c1=O)CCS2","COC1COCCC1CNC(=O)N1CC(C)C(N2CCOCC2)C1","CN1CCOC2CN(C(=O)c3cccc(Nc4cnn(C)c4)c3)CC21","O=C(Cn1c(=O)[nH]c2ccccc21)N1CCc2c(F)ccc(F)c2C1","CCn1ccnc1C1OCCCC1C(=O)N1CC=C(C)CC1","CC(C)c1nnc(C2CN(C(=O)c3cc4ccccc4o3)CCO2)o1"
m_451ad6,"CCc1ccc(C(=O)N2CCC(N3CCNC3=O)CC2)s1","CCc1ccc(C(=O)N2CCCC(N3CCNC3=O)C2)s1","CCc1ccsc1C(=O)NC1(c2ncon2)CCOCC1","COc1cc(=O)[nH]cc1C(=O)NCC(C)N1CCCCC1=O","CN1CCC2OCCN(C(=O)c3ncn(C(C)(C)C)n3)C2C1","O=C(O)C1CC2CCCCC2N1CCOc1ccccc1F","Cc1nc(C(=O)N2CCCN(C3CCCC3)CC2)c(C)s1","c1csc(N2CCCN(c3nc(C4CC4)ns3)CC2)n1","CCc1ncnc(N2CC(C)OC(c3ccsc3)C2)c1F","CNC(=O)C12CCOCC1CN(C(=O)c1ccncc1F)C2","COCc1nc(C)cc(NCC(C(=O)O)C2CCOCC2)n1","CCCC1C(C)CCCN1C(=O)Cn1ccc(=O)n(C)c1=O","COc1nn(C)cc1NC(=O)NCC1CCCCN1C1CC1","Cc1nc2n(n1)CCN(C(=O)CN1CCCCC(O)C1=O)C2","CCc1ccc(C(=O)N2CCC(N3CCNC3=O)CC2)s1","CCc1ccc(C(=O)N2CCC(N3CCNC3=O)CC2)s1","CCc1ccc(C(=O)N2CCC(N3CCNC3=O)CC2)s1","CCc1ccc(C(=O)N2CCC(N3CCNC3=O)CC2)s1","CCc1ccc(C(=O)N2CCC(N3CCNC3=O)CC2)s1","CCc1ccc(C(=O)N2CCC(N3CCNC3=O)CC2)s1","CCc1ccc(C(=O)N2CCC(N3CCNC3=O)CC2)s1","CCc1ccc(C(=O)N2CCC(N3CCNC3=O)CC2)s1","CCc1ccc(C(=O)N2CCC(N3CCNC3=O)CC2)s1","CCc1ccc(C(=O)N2CCC(N3CCNC3=O)CC2)s1","CCc1ccc(C(=O)N2CCC(N3CCNC3=O)CC2)s1"
m_45d613,"Cc1ccc(C(=O)N2CC(C(=O)O)C2)c(Sc2ccccc2)c1","Fc1ccc2ncnc(Nc3ccc(N4CCOCC4)nc3)c2c1","CC1(C)CC(NC(=O)c2ccc(C(C)(F)F)nc2)CC(C)(C)N1","CCC(C)NC(=O)c1ccc(Nc2ncnc3onc(C)c23)cc1","CCc1nn(C)cc1C=Cc1cc(C(=O)O)c2ccc(F)cc2n1","COCC1(C(N)=O)CCCN1Cc1cccc2[nH]ccc12","Brc1cnc(Sc2nnc3n2CCCCC3)nc1","CNS(=O)(=O)c1ccccc1N1CCN(C(C)C(=O)O)CC1","CNCC1CCCN(C(=O)Cc2c(C)nc3ccccc3c2C)C1","CC(=O)N1CC(C(=O)Nc2c(C(C)C)c(C)nc3ccccc23)C1","Cn1c(NCC2CCCCC2(F)F)nc2c1c(=O)[nH]c(=O)n2C","Cc1nc(N2CCCC(CC(N)=O)CC2)ccc1Br","CC(C)(CC(=O)Nc1cc2c(cc1F)NC(=O)CC2)C(=O)O","CNC(=O)C12CCOCC1CN(c1nc3ccccn3c1C#N)C2","CCNS(=O)(=O)C1CCN(C(=O)NCC2(C(F)F)CC2)C1","CCOCC(=O)Nc1cc(Cl)ccc1Sc1nccn1C","Cn1cnnc1CC1(O)CCCN(Cc2cccc3[nH]ccc23)C1","CC(C)CC(=O)N1CCCC(c2ncc(Br)cn2)C1","Cn1ncc2c(=O)[nH]c(N3CCOCC3Cc3ccccc3)nc21","Cc1csc(CNC(=O)c2cccc(Nc3ncccn3)c2)n1","Cc1nc(C2CN(c3ncc(Br)cn3)CCO2)no1","CC(NC(=O)NCC(O)C1CC1)c1ccc(-c2ccncc2)cc1","O=C(O)C1COCCN1C(=O)c1ccc(Oc2ccccc2)cc1","CCN(Cc1ccc(CN(C)C)cc1)c1ncnc2onc(C)c12","OCCN1CCN(c2nc(-c3ccncc3)nc3c2CCC3)CC1"
m_466863,"CCOC(=O)c1oc2ccc(S(=O)(=O)NC3CCNC3)cc2c1C","CCc1nc2n(n1)CC(NS(=O)(=O)c1ccc(C)c(Cl)c1)CC2","Cc1nccnc1N1CCN(Cc2ccc(OC(F)F)c(F)c2)CC1","CC(Oc1cccc(C(C)(C)C)c1)C(=O)NCc1nnc2ccccn12","NC(=O)CC(NC(=O)c1ccnc(S(N)(=O)=O)c1)C1CCCCC1","CCc1cc(NC2CCCN(c3ccccc3F)C2=O)n2ncnc2n1","O=C1NCc2ccc(NC(=O)C3(c4cccc(F)c4)CCCCC3)cc21","CN1C(=O)CCc2cc(NS(=O)(=O)c3cc(F)cc(F)c3)ccc21","COc1cccc2c1N(C(=O)c1cnc(-c3ncccn3)s1)CCC2","Cc1cc(C(=O)N2CCCC(n3ccnc3)C2)c2cnn(C(C)C)c2n1","O=C(NCC(=O)N1CCCC(O)C1)c1ccc(Oc2ccccc2)cc1","CN(C1CCCCC1)S(=O)(=O)c1ccc(OCC(F)(F)F)nc1","CN(C)c1ccc(C2CCCN2C(=O)c2ccccc2OC2CC2)nn1","c1cc(CN2CC(c3nc(C4CC4)n[nH]3)C(C3CC3)C2)n(CC2CC2)n1","O=C(O)c1ccccc1C1CCN(C(=O)NCc2cccc(O)c2)CC1","CN(CC1COc2ccccc2O1)C(=O)c1ccc(C(F)(F)F)nc1","COC1(c2nc(-c3ccccn3)no2)CCN(Cc2ncccn2)CC1","CCOC(=O)c1oc2ccc(S(=O)(=O)NC3CCNC3)cc2c1C","CCOC(=O)c1oc2ccc(S(=O)(=O)NC3CCNC3)cc2c1C","CCOC(=O)c1oc2ccc(S(=O)(=O)NC3CCNC3)cc2c1C","CCOC(=O)c1oc2ccc(S(=O)(=O)NC3CCNC3)cc2c1C","CCOC(=O)c1oc2ccc(S(=O)(=O)NC3CCNC3)cc2c1C","CCOC(=O)c1oc2ccc(S(=O)(=O)NC3CCNC3)cc2c1C","CCOC(=O)c1oc2ccc(S(=O)(=O)NC3CCNC3)cc2c1C","CCOC(=O)c1oc2ccc(S(=O)(=O)NC3CCNC3)cc2c1C"
m_4690d3,"CCC1CN(C)c2ccccc2CN1CCS(N)(=O)=O","Cc1ccc(C(=O)N(C)CC2CCn3ccnc3C2)c(C)c1","Cc1cccc(CC(=O)N(C)CC2CCn3ccnc3C2)c1","COCc1cccc(CNc2ncnc3c(F)cccc23)c1","CCOCc1ccccc1CNc1ccc2nc(C)nn2n1","Cc1ccc(C(=O)NC2CCCN(c3ncccn3)C2)cn1","COc1ccc(-c2nc(-c3ccccn3)no2)c(C)c1OC","CCS(=O)(=O)CC(C)Nc1nccc(C(F)(F)F)n1","CN(C)c1ccc(S(=O)(=O)N2CC(O)C3(CC3)C2)cn1","CCC1c2ccccc2CCN1C(=O)CCc1cnn(C)c1","Cc1nc(C2CCCCN2Cc2ccc(C#N)c(F)c2)n[nH]1","CN1CCN(C(=O)c2ccc(=O)n(C)c2)Cc2ccccc21","Cc1noc(C2CC2)c1NC(=O)N1CCCC(F)(F)CC1","CCc1cc(N2CCC(C)(C)S(=O)(=O)CC2)nc(C)n1","Cc1nc(N2CC(S(C)(=O)=O)C2)c2c(C)csc2n1","O=C(C1CCc2cn[nH]c2C1)N1CCC(c2c[nH]cn2)CC1","Oc1ccc(-c2csc(CCc3ccccc3)n2)c(O)c1","Cc1nc(C)c(CCC(=O)NCCc2ccccc2)c(=O)[nH]1","CC(Nc1ncnc2ccsc12)C1(S(C)(=O)=O)CC1","NC(=O)c1cccc(CNC(=O)NCCc2ccccc2)c1","C=CCN(CC=C)S(=O)(=O)c1cc(OC)ccc1OC","C=CCN(CC=C)S(=O)(=O)c1ccc(OC)c(OC)c1","O=C(O)C1CCCN(S(=O)(=O)CCc2ccccc2)C1","COc1ccccc1C(C)Nc1nccc(C(F)(F)F)n1","COc1cc(C)c(S(=O)(=O)N2CCCC2)cc1C(C)C"
m_471696,"COc1ccc(C(CC(=O)O)NC(=O)c2cc(C(C)(C)C)on2)c(OC)c1","CN(Cc1cccnc1)C(=O)CNC(=O)NCc1ccc(F)cc1","Cn1ncc(NC(=O)N2CCOc3cccc(F)c3C2)c1C(F)F","CC(C)C(C)NC(=O)C1CCN(c2cncc(OCC3CCCC3)n2)CC1","CC(C)(C)c1ccc(NC(=O)CSCC(=O)Nc2ccc(F)cc2)cc1","CCN1CCN(c2ccc(F)cc2C(C)NC(=O)c2oc(C)nc2C)CC1","CS(=O)(=O)NCCC1CCCCN1C(=O)NCCN1C(=O)CCC1=O","Cc1cc(O)cc(=O)n1CCC(=O)N1CCN(C(=O)CN2CCCC2)CC1","Cc1nc(SCc2cc(=O)n(C)c(=O)n2C)c2c3c(sc2n1)CCC3","CN1CCN(CCC(=O)Nc2ccc(C#N)c(Cl)c2)C2(CCCCC2)C1","CCS(=O)(=O)N(C)C1CCN(C(=O)CCc2c(F)cccc2F)CC1","CCN(C1CCN(C(=O)CCc2c(F)cccc2F)CC1)S(C)(=O)=O","CC(C)c1cnc(NC(=O)NC(CN2CCOCC2)c2ccccc2)s1","CNC(=O)C1CC(=O)N(C2CN(C(=O)Cc3ccc(C)nc3)C2)C1","CCCOC1CCCN(C(=O)NCc2ccc(S(C)(=O)=O)s2)CC1","O=C(Cn1ncn2nccc2c1=O)NC1CCN(c2ccc(F)cc2F)C1","Cn1c(CN2CCOCC2c2nc(-c3cccs3)no2)nnc1C1CC1","CC1NCCCC1C(=O)N1CCN(S(=O)(=O)N2CCCCCC2)CC1","Cc1ccccc1NC(=O)c1cccc(S(=O)(=O)N2CCCCCC2)c1","Cn1c(CNc2ncnc3ccc(S(C)(=O)=O)cc23)nnc1C1CCC1","CN1CCCC2(CCN(S(=O)(=O)c3ccc(C(=O)O)cc3Cl)C2)C1","CC(=O)N(CC(=O)O)C1CCCN(C(=O)Cc2cn3ccccc3n2)CC1","CC1CC(CCNC(=O)NC2CCCC(S(C)(=O)=O)C2)CC(C)(C)C1","CC(=O)N(Cc1ccsc1)C1CC12CCN(CCOCC(F)F)CC2","O=C(CSc1nc2cc(Cl)ccc2o1)Nc1ccc(F)c(F)c1F"
m_47617a,"COc1ccc(CC2CCCCN2C(=O)c2cn(C3CCNCC3)nn2)cc1","O=C(NCC1CCN(S(=O)(=O)c2cccs2)C1)N1CC(CC2CC2)C1","CCCn1c(=O)n(CC(O)COc2ccc(NC(C)=O)cc2)c2ccccc21","CCc1ccc(C2COCCN2C(=O)c2cc(C)nc3onc(C(C)C)c23)o1","Cc1nc2ccc(NC(=O)NC3CC(c4cccc(F)c4)C3)cn2n1","CNC(=O)c1nc(C)c(C)c(N2CCC(NCc3cc(C4CCC4)[nH]n3)C2)n1","Cc1nc(N2CCN(C(C(N)=O)c3ccc(F)cc3)CC2)c2cnn(C)c2n1","CC1COc2ccccc2N1CC(=O)NC1CCN(C(=O)c2ccco2)CC1","COc1cc(CC2CN(C(=O)c3n[nH]c4c3CC(C)OC4C)C2)cc(OC)c1","Cc1cc(C(=O)Nc2ccc3sc(C(=O)O)cc3c2)n(C2CCOCC2)n1","CC1CCCCC1NC(=O)c1ccc(CS(=O)(=O)c2ccccc2)o1","CC1(C(=O)NCC23CCCC2CN(c2ccc4nnnn4n2)C3)CCCCC1","COc1ccccc1C(C)NC(=O)CN1CCN(c2cc(C3CC3)n[nH]2)CC1","COc1ccc(C(C)NC(=O)N2CCC(c3ccncc3)CC2)c(C)c1OC","O=C(c1cnc(-c2ccccc2Cl)s1)N(c1ccccn1)C1CCCC1","COc1c(C)c2c(c(O)c1CC=C(C)CCC(=O)Nc1cn[nH]c1)C(=O)OC2","O=C(NCc1cccc(CN2CCOCC2)c1)NC1CCc2c(F)cccc21","C=CCN(c1ccc(OC)cc1)S(=O)(=O)c1cccc(C(=O)OC)c1","COc1ccc(CC2CCCCN2C(=O)c2cn(C3CCNCC3)nn2)cc1","COc1ccc(CC2CCCCN2C(=O)c2cn(C3CCNCC3)nn2)cc1","COc1ccc(CC2CCCCN2C(=O)c2cn(C3CCNCC3)nn2)cc1","COc1ccc(CC2CCCCN2C(=O)c2cn(C3CCNCC3)nn2)cc1","COc1ccc(CC2CCCCN2C(=O)c2cn(C3CCNCC3)nn2)cc1","COc1ccc(CC2CCCCN2C(=O)c2cn(C3CCNCC3)nn2)cc1","COc1ccc(CC2CCCCN2C(=O)c2cn(C3CCNCC3)nn2)cc1"
m_478c2e,"COC1CN(C(=O)c2cc(C(C)C)oc2C)CC1c1cn(C)nn1","COC1CC(c2nncn2C)N(C(=O)c2cnn(CC(C)C)c2)C1","CCCOc1ccc(CNC(=O)N(C)Cc2c(C)noc2C)cn1","CN(C)C(CNC(=O)c1cc(C(C)(C)C)n[nH]1)c1cccc(F)c1","COC1CC(c2nncn2C)N(Cc2cn(C)nc2C(C)(C)C)C1","COC1CC(c2nncn2C)N(C(=O)c2cc(C(C)(C)C)n[nH]2)C1","COC(=O)C1(CNC(=O)c2cc(Cl)ccc2-n2cncn2)CC1","Cc1noc(C2C(C)OCCN2Cc2nnc(C3CCC3)n2C)n1","CCc1n[nH]c(C2CN(C(=O)c3sccc3C3CC3)CCO2)n1","Cc1nccn1CC(=O)NCC1OCCN(C)C1c1ccnn1C","Cc1noc(C23CCCC2CN(C(=O)c2cc(F)cnc2O)C3)n1","CC(Cc1cnn(C)c1)NC(=O)N1CCCC2(CCCCC2)CC1","CCc1nc(CNC(=O)C2(c3cc(F)cc(F)c3)CCCC2)n[nH]1","CCc1cc(N2CC(OC)CC2c2n[nH]c(=O)n2CC)nc(C)n1","O=C(Nc1ccccc1)c1ccc(NCc2ccccc2CO)nn1","CC(C)(C)c1nccc(N2CCC(OCCN3CCCCC3)C2)n1","COCCS(=O)(=O)NCC1OCCN(C)C1c1ccnn1C","COC1CC(CNC(=O)c2cscc2C)N(c2ccncn2)C1","N#Cc1cc(Cl)ccc1N1CCC(C2CCC(C(=O)O)O2)CC1","N#Cc1ccccc1-c1ccccc1C(=O)N1CC(C2CCOC2)C1","COC1CN(C(=O)c2cc(C(C)C)oc2C)CC1c1cn(C)nn1","COC1CN(C(=O)c2cc(C(C)C)oc2C)CC1c1cn(C)nn1","COC1CN(C(=O)c2cc(C(C)C)oc2C)CC1c1cn(C)nn1","COC1CN(C(=O)c2cc(C(C)C)oc2C)CC1c1cn(C)nn1","COC1CN(C(=O)c2cc(C(C)C)oc2C)CC1c1cn(C)nn1"
m_47ae67,"COc1c(C(=O)NC2CCN(Cc3ccc(F)cc3)CC2)c(C)nn1C","CCOC1CC(NC(=O)NCc2csc3ccccc23)C12CCCO2","Cn1cc(C2OCCCC2Nc2ncc(C(F)(F)F)cc2Cl)cn1","O=C1CCC(NC(=O)C2(c3cc(F)cc(F)c3)CCCC2)C2(CCC2)N1","O=C(CSCc1nc2sc3c(c2c(=O)[nH]1)CCC3)Nc1nnc[nH]1","O=C(CC1(N2CCOCC2)CCCC1)NCC1(c2cccc(F)c2)CC1","Cn1ccnc(NCC2CN(C(=O)Nc3ccncc3F)CCO2)c1=O","CC(C)C1CN(C(=O)c2cc(F)ccc2NS(C)(=O)=O)CCS1","CC(NC(=O)c1c(O)cc(F)cc1F)c1ccc(N2CCOC2=O)cc1","CCC(C)n1nc(NC(=O)N2CCOC(c3ccc(F)cc3)C2)cc1C","COCc1nn(C)cc1C(=O)N1CCCN(Cc2ccc(F)cc2)CC1","COc1ccc(C2CCN(C(=O)C3CC4(CCNCC4)C3)C2C)cc1F","COc1ccc(N2CC(C(=O)NC3(CC(=O)O)CCCC3)CC2=O)cc1","COc1c(C(=O)NC2CCN(Cc3ccc(F)cc3)CC2)c(C)nn1C","COc1c(C(=O)NC2CCN(Cc3ccc(F)cc3)CC2)c(C)nn1C","COc1c(C(=O)NC2CCN(Cc3ccc(F)cc3)CC2)c(C)nn1C","COc1c(C(=O)NC2CCN(Cc3ccc(F)cc3)CC2)c(C)nn1C","COc1c(C(=O)NC2CCN(Cc3ccc(F)cc3)CC2)c(C)nn1C","COc1c(C(=O)NC2CCN(Cc3ccc(F)cc3)CC2)c(C)nn1C","COc1c(C(=O)NC2CCN(Cc3ccc(F)cc3)CC2)c(C)nn1C","COc1c(C(=O)NC2CCN(Cc3ccc(F)cc3)CC2)c(C)nn1C","COc1c(C(=O)NC2CCN(Cc3ccc(F)cc3)CC2)c(C)nn1C","COc1c(C(=O)NC2CCN(Cc3ccc(F)cc3)CC2)c(C)nn1C","COc1c(C(=O)NC2CCN(Cc3ccc(F)cc3)CC2)c(C)nn1C","COc1c(C(=O)NC2CCN(Cc3ccc(F)cc3)CC2)c(C)nn1C"
m_47e099,"Cc1nc2ccccc2c(C)c1CC(=O)N1Cc2ccccc2CC1C(N)=O","Cc1ccc(Cl)cc1NC(=O)C(C)N1CCCN(Cc2nccn2C(C)C)CC1","CNC(=O)C1CCN(C(=O)CN2CCCC(CO)(c3ccccc3)C2)CC1","C#CCC(CC(F)(F)F)NC(=O)c1cccc(S(=O)(=O)N2CCNC(=O)C2)c1","CC(C)c1nc(CC(=O)N2CCCC(n3ncc(N(C)C(C)C)cc3=O)C2)cs1","CC(C)c1ncc(C(=O)N2CCCC(n3ncc(N4CCOCC4)cc3=O)C2)s1","O=C(c1snnc1C1CC1)N1CCN(c2ncc(C(F)(F)F)cc2Cl)CC1","CCC(CC)C(=O)N1CCC(NC(=O)NC23CCC(C(F)(F)F)(CC2)CC3)CC1","CCOc1ncccc1C(=O)Nc1ccc(OC)c(S(=O)(=O)N2CCCCC2)c1","O=C(NCc1ccccc1)C1CCN(c2nn3cc(-c4ccccc4)nc3s2)CC1","COCCc1nsc(N2CCOCC2c2c(C)nn(-c3ccccc3F)c2C)n1","Cn1c(SCC(=O)Nc2ccc(Oc3ccccc3)cc2)nnc1-c1ccncc1","Cc1nn(C)c(C)c1-c1cc(C(=O)NC2CC(c3cccc(C(F)(F)F)c3)C2)[nH]n1","CCN(C1CCN(c2ccccc2)C1=O)S(=O)(=O)c1cccc2cnccc12","O=C(Nc1nnc2n1CCCC2)C1CCCN1C(=O)c1ccc(Br)cc1","O=C(NCc1cc2cc(Br)ccc2[nH]1)C1CC(=O)N(C2CCCCC2)C1","CC1CN(CC(C)(C)O)CCN1C(=O)Nc1nnc(C(C)(C)c2ccccc2)s1","Cn1cc2c(n1)CCCC2NC(=O)C1CCN(c2ccc(Cl)cn2)CC1","O=C(NCCN1CCc2sccc2C1)Nc1cnn(CC(F)(F)F)c1","Cc1nc2ccccc2c(C)c1CC(=O)N1Cc2ccccc2CC1C(N)=O","Cc1nc2ccccc2c(C)c1CC(=O)N1Cc2ccccc2CC1C(N)=O","Cc1nc2ccccc2c(C)c1CC(=O)N1Cc2ccccc2CC1C(N)=O","Cc1nc2ccccc2c(C)c1CC(=O)N1Cc2ccccc2CC1C(N)=O","Cc1nc2ccccc2c(C)c1CC(=O)N1Cc2ccccc2CC1C(N)=O","Cc1nc2ccccc2c(C)c1CC(=O)N1Cc2ccccc2CC1C(N)=O"
m_48bfe1,"CN(C)C(=O)c1cc(NC(=O)NC2CC(C)(C)OC2(C)C)ccn1","CC(C)N(Cc1ccccn1)C(=O)c1cccc(Cn2ccnc2)c1","CC(NC(=O)c1cc(Cl)cn1C)c1ccc(OCC(=O)O)cc1","COC(=O)c1cccc(S(=O)(=O)NCc2ccc(C)nc2)c1C","CCC(NC(=O)c1ccc(S(=O)(=O)NC)nc1)c1ccccn1","O=C(c1cccc(NS(=O)(=O)c2cn[nH]c2)c1)N1CCCCC1","Cc1ccc(C(=O)N(CCC(=O)O)Cc2ccc(F)c(F)c2)cn1","O=C(Nc1cccnc1)c1ccc(NC(=O)c2cc[nH]c(=O)c2)cc1","CCc1ccccc1S(=O)(=O)NC(Cc1ccncc1)C(=O)O","Cc1cc(C)n(-c2cccc(NC(=O)CC(C)c3ccncc3)c2)n1","O=C(O)c1cccnc1CN1CCOC(c2ccc(F)c(F)c2)C1","Cc1nc(Nc2ccccc2)cc(N2CCC(c3nccn3C)C2)n1","CNC(=O)C12CCOCC1CN(C(=O)c1cnn3c1OCCC3)C2","Cc1cccn2cc(CC(=O)Nc3ccc4c(c3)CCC(=O)N4)nc12","Brc1cnn(C2(CNc3ccc4nnnn4n3)CC2)c1","Cc1n[nH]c(C)c1C1COCCN1Cc1cnc2ccc(C#N)cn12","CN(C)c1cccc(S(=O)(=O)N2CCCC(c3ncc[nH]3)C2)c1","Cc1ccc(C)c(C(=O)Nc2ccc(C(=O)NCCO)cc2)c1","CCN1CC(NC(=O)N(C)Cc2ncc(C)c(OC)c2C)CC1=O","CCNC(=O)c1cccc(CNC(=O)c2cc(Cl)ccc2F)c1","COc1ccc(C)cc1CCNC(=O)c1ccc(N(C)C)cc1","Cc1cn(CC(=O)NCCC(=O)Nc2ccncc2)c2ccccc12","O=C(NCCCn1ccnc1)c1ccc(OCc2ccccc2)nc1","O=C(NCC1CCN(CC2CC2)CC1)C1CC2CC(O)CC(C2)C1","O=C(Nc1ccc(Oc2ccc(Cl)cc2)nc1)C1COCCO1"
m_4b55af,"Cc1nnc(CC2CCC(NC(=O)c3ccc(C)n3C)C2)o1","O=C(c1cccnc1O)N1CCC(Oc2cccc(F)c2)C1","O=C(CC(F)(F)F)NCc1nc(-c2ccc(F)cc2)n[nH]1","CCn1ccnc1C1OCCC1NCc1cc(C#N)cs1","Cc1nc(C2CC2)oc1C(=O)N1CC2CCCC2C1C(=O)O","Cc1ccc(NC(=O)C2COCCN2C2CCCC2)cc1O","Cc1cc(NCC23CNCC2(C(F)(F)F)C3)nc(CO)n1","CCn1cnnc1C1CCN(C(=O)c2ccccc2F)CC1","N#CC1CCN(Cc2nc3ccc(Cl)cc3c(=O)[nH]2)CC1","CCn1cc(C2OCCC2NC(=O)c2nccnc2N)cn1","O=C(c1ccnc(OC2CCC2)c1)N1CCOC(C2CC2)C1","CCNS(=O)(=O)N1CCCC(c2cc(F)ccc2F)C1","O=C(CC1CCCCC1)NCc1nnc(C2CC2)n1C1CC1","CC1Cc2c(nn(C)c2C(=O)N(C)Cc2ccc[nH]2)C(C)O1","Cc1ccc2ncc(CN3CCCC(O)(CC(N)=O)C3)n2c1","CCOC(=O)c1ccc(F)c(C)c1NC(=O)C1CCN(C2CC2)CC1","CC(=O)Nc1ccc(NC(=O)C(C)(CC(=O)O)C2CCCCC2)cc1","O=C(O)COCC(=O)N1CCN(c2ccc(Cl)cc2Cl)CC1","Cc1c(C(C)NC(=O)N2CCCC2CO)oc2ccccc12","O=C(NC1CCN(c2ccccc2)CC1)C1(O)CCCCC1","CC1OCCN(Cc2ccc(Cl)cc2Br)C1C(N)=O","CN(C)c1cc(CNC(=O)NCc2ccccc2F)ccn1","Cn1nc(C2CCCCC2)cc1NC(=O)CN1CCCCC(O)C1=O","O=C1CCN(CC(O)COc2ccccc2F)c2ccc(F)cc2N1","CCNC(=O)c1ccc(NC(=O)CC2(C(=O)O)CCCCC2)c(C)c1"
m_4b86b5,"Cc1noc(CCNS(=O)(=O)c2ccc(C(C)(C)C)cc2)n1","COCCC1COCCN1Cc1nc2ccc(Cl)cc2n1C","COCC1(C(=O)N2CCOC(c3ccc(Cl)cc3)C2)CCC1","CC(C(=O)N1CCCN(c2ccc(C#N)cc2)CC1)n1cccn1","CCC(Oc1ccccc1F)C(=O)N1CCOC(CC(=O)O)C1","O=C(O)C1CCCN(S(=O)(=O)c2ccc3c(c2)CCCO3)C1","OC(CNc1ccnc2c(F)ccc(F)c12)CN1CCOCC1","CC(C)C1N(C(=O)c2cccc(Cn3ccnc3)c2)CC12CCC2","COC(=O)C1CCC(C(=O)Nc2nnc(C(F)(F)F)s2)O1","O=S1(=O)CCN(c2ncnc3ccsc23)CCC12CCC2","O=C(Cc1c[nH]c2ncccc12)N(CC1CCC1)CC(F)(F)F","CCCOc1ccc(C(=O)O)cc1NS(=O)(=O)c1c[nH]cn1","CN1C2(CCC2)COCC1(CO)CNC1CCN2CCCC2C1","CCCS(=O)(=O)CC(=O)N1CCCCC1Cc1ccccc1","CNC(=O)C1Cn2c(C)nnc2CN1C(=O)c1ccoc1Cl","CC(C)(CNC(=O)N1CCc2sccc2C1)N1CCOCC1","CCOC1CC(O)(CNC(=O)Cc2c(C)nn(C)c2C)C1(C)C","CC1COCCN1S(=O)(=O)c1ccc2c(cnn2C(C)C)c1","N#Cc1ccc(N2CCCN(CCO)CC2)c(Br)c1","CCCc1nc(CN2c3ccccc3CC2C(N)=O)cs1","C#CC(NC(=O)NCc1csc(CC)n1)C(C)C","CC1(C)C(NCCCN2CCCC(C(N)=O)C2)C2CCCOC21","COC1CC(c2ncc[nH]2)N(c2ncncc2Br)C1","O=S(=O)(NCC1CC1)c1cccnc1N1CC2CC2(CO)C1","Cc1c(F)cccc1NC(=O)Cn1c(C2CC2)nc2ccccc21"
m_4bb17c,"OC1(Cc2nc(C3CC3)no2)CCCN(CCn2cncn2)C1","Cc1cc(Cl)c(C(=O)N2CCCC2Cn2ccnn2)cc1C","CC(C)(NC(=O)CCc1ccc(C(=O)O)cc1)c1nccs1","CN(C)S(=O)(=O)N1CCN(C(=O)N2CCCCCC2)CC1","CC1CCC(C)N1C(C)C(=O)Nc1ccn(CC(F)(F)F)n1","Cc1cc(NCC2CC(c3nn(C)c(=O)n3C)CC2O)ncn1","Cc1ccc(CC(CNC(=O)c2scnc2C)C(=O)O)cc1","Cc1noc(CC2(O)CCCN(Cc3ncc(C4CC4)o3)C2)n1","CNC(=O)C12CCOCC1CN(C(=O)CCc1cncn1C)C2","CC(C)c1nsc(N2CCCC(CNS(C)(=O)=O)C2)n1","O=C(Cc1ccc(F)c(F)c1)N1CCN(c2cccnn2)CC1","CCC(CC)(CNC(=O)Cc1c[nH]c2ccc(F)cc12)C(=O)O","CC(=O)NCc1ccc(C(=O)N2CCCC2C2CCCCC2)o1","CC1C(N2CCOCC2)CCN1C(=O)c1cccc2c1OCO2","Cc1cc(CN2CCCC(O)(Cc3nc(C4CC4)no3)C2)on1","O=C(NCc1nnc2n1CCC2)C1Cc2cc(Cl)ccc2O1","CCN(C(=O)N1CCCN(C(=O)c2ccncc2)CC1)C(C)C","Cc1cc(NC(=O)N2CCCC(O)(C(F)(F)F)CC2)n(C)n1","CN(CC(O)C1CC1)C(=O)NCC1(c2ccc(F)cc2)CCC1","CC(C)(C)c1cc(C(=O)N2CCC(O)(Cn3ccnn3)C2)[nH]n1","O=S(=O)(c1ccc(Cl)cc1F)N1CCN2CCCC2C1","O=C1CC2(CCC2)C(=O)N1Cc1nc(C2CCCCC2)cs1","CC(=O)NCCc1ccc(S(=O)(=O)NC(C)C(=O)O)s1","CNc1cc(N2CCCC2CNc2ccc(Cl)cn2)ncn1","Cn1nc(CC2CCCCC2NC(=O)C=C2CCC2)n(C)c1=O"
m_4bc064,"CS(=O)(=O)c1ccc(CNc2ccccc2Cl)cc1","Cc1ccnc(Cn2nnc(C(C)(C)S(C)(=O)=O)n2)c1","Cc1cc(C)c2c(c1)N(C(=O)Cc1ccc(O)cc1)CCC2","CCN(Cc1ccccn1)C1CCN(c2ccccc2)C1=O","O=C(O)C1(C(=O)N2CCC(OCC3CCCO3)CC2)CC1","O=C(O)C1CCCN(S(=O)(=O)CC2CC(F)(F)C2)C1","O=C(O)c1ccc(S(=O)(=O)NC2CC3CCC2O3)cc1","O=C(Cc1ccccc1O)NC(Cc1ccccc1)C1CC1","CCS(=O)(=O)CC(C)Nc1nccc(C(F)(F)F)n1","Cc1cc(NCC2CCOc3ccccc32)n2ncnc2n1","O=C(NCc1ccncc1)C1CCN1C(=O)c1ccccc1","CCn1cc(NC(=O)NC2Cc3ccccc3C2)ccc1=O","CC(C)(CC1CCOCC1)C(=O)N1CCCC(C(=O)O)C1","O=C(O)C1CCN(C(=O)c2cc(Cl)c3c(c2)OCO3)C1","O=C(O)C1CCCN1C(=O)c1cnc(-c2ccccc2)nc1","CCOC1CC(NC(=O)c2ccsc2)(C(=O)O)C1(C)C","COc1cccc(-c2nc(C=Cc3ccncn3)cs2)c1","Cc1cc(NC(=O)C2(c3ccccc3)CC2)ccc1C(=O)O","Cc1ccc(NC(=O)c2c(C)nn3c(C)cc(C)nc23)nc1","COc1ccnc(N2CCN(c3ncccc3C#N)CC2)c1","C#CCC1(OC(=O)c2ccc(-n3cncn3)c(C)c2)CCC1","CS(=O)(=O)c1ccc(CNc2ccccc2Cl)cc1","CS(=O)(=O)c1ccc(CNc2ccccc2Cl)cc1","CS(=O)(=O)c1ccc(CNc2ccccc2Cl)cc1","CS(=O)(=O)c1ccc(CNc2ccccc2Cl)cc1"
m_4fb975,"Cn1cc2c(n1)CCCC2NC(=O)C1CCN(c2ccc(Cl)cn2)CC1","CS(=O)(=O)c1nc(C(=O)NC2(c3ccccc3F)CC2)c2ccccn12","COc1ccccc1C(C)CC(=O)N1CCN(CC2CCCCN2C)CC1","COc1cccc(C(C)C(=O)NC2(c3nc(C(C)C)no3)CCOCC2)c1","NC1CCN(S(=O)(=O)c2cc3c(cc2Br)CCC(=O)N3)C1","CC(=O)N(Cc1cncnc1)C1CCCN(C(=O)NCC2CCCC2)CC1","O=C(NC1CCCN(CC(F)(F)F)C1=O)c1cc2cc(Cl)ccc2[nH]1","CC1Cc2c(C(=O)N3CCC(Oc4ccc(F)cc4)CC3)n[nH]c2C(C)O1","COC1(CC(=O)Nc2ccc(C)c(NC(=O)CN3CCCCC3)c2)CCC1","Cc1oc(C(N)=O)cc1-c1csc(NC(=O)COc2ccccc2F)n1","CCc1c(C(=O)N2CCC(c3ccc(Cl)cc3)CC2)[nH]c(C)c1C(N)=O","Cc1ccc(C(C)C)c(OC(C)C(=O)N2CCOC(c3noc(C)n3)C2)c1","Cc1cnc(NC(=O)C2CCN(C(=O)CCOc3ccccc3)CC2)s1","Cc1ccc(CNC(=O)C2CCN(CCC(=O)N3CCOCC3)CC2)cc1","Cc1nc(C)c(CC(=O)NC(CCc2ccccc2)c2ccccc2)c(=O)[nH]1","O=C(C1COCCN1CC(F)(F)F)N1CCN(c2ccc(O)cc2)CC1","CCOc1cc(CNC(=O)C2CCn3ccnc3C2)ccc1OC","Cn1cc2c(n1)CCCC2NC(=O)C1CCN(c2ccc(Cl)cn2)CC1","Cn1cc2c(n1)CCCC2NC(=O)C1CCN(c2ccc(Cl)cn2)CC1","Cn1cc2c(n1)CCCC2NC(=O)C1CCN(c2ccc(Cl)cn2)CC1","Cn1cc2c(n1)CCCC2NC(=O)C1CCN(c2ccc(Cl)cn2)CC1","Cn1cc2c(n1)CCCC2NC(=O)C1CCN(c2ccc(Cl)cn2)CC1","Cn1cc2c(n1)CCCC2NC(=O)C1CCN(c2ccc(Cl)cn2)CC1","Cn1cc2c(n1)CCCC2NC(=O)C1CCN(c2ccc(Cl)cn2)CC1","Cn1cc2c(n1)CCCC2NC(=O)C1CCN(c2ccc(Cl)cn2)CC1"
m_517c87,"COc1cccc(C(=O)N2CCC3OCCN(C(C)=O)C3C2)c1F","Cc1ccc(C(=O)N2CCCC(CC(C)(C)C(N)=O)C2)c(Cl)c1","CC(C)(Oc1ccc(F)cc1)C(=O)N1CC(NC2CCOCC2)C1","COc1cccc(C(=O)NC2CCN(CC3CCOC3)CC2)c1F","CC(=O)N1CCOC2CCN(C(=O)c3ccc(C)cc3Cl)CC21","Cc1ccc(C(=O)N2CCC(C3CC(N)CCO3)CC2)c(Cl)c1","Cc1ccc(S(=O)(=O)N(C)C2CCCc3nc(C)sc32)cc1","CNC(=O)NC(=O)CN1CCC(C(=O)Nc2ccc(F)cc2)CC1","Cc1ccc(S(=O)(=O)Nc2c(C(C)C)n[nH]c2C(N)=O)cc1C","c1cnn(-c2ccc(-c3noc(C45CCCN(CCC4)C5)n3)cn2)c1","COC(=O)CC1(CC(=O)N2CCC(N3CCCC3)CC2)CCCC1","Cc1ccc(C)c(S(=O)(=O)Nc2c(C(C)C)n[nH]c2C(N)=O)c1","CN1CCCN(C(=O)c2cnnn2-c2c(Cl)cccc2Cl)CC1","O=C(O)Cn1ccc(NC(=O)C2CC2c2ccccc2C(F)(F)F)n1","CN(C)S(=O)(=O)NCCNC(=O)c1ccc(OC(F)(F)F)cc1","COc1nn(C)cc1CNC(=O)C1(c2cccc(F)c2)CCCC1","O=C(c1cn(C2CC2)nn1)N1CC(c2nc(C3CC3)n[nH]2)C(C2CC2)C1","O=C(O)c1ccc2nc(C=Cc3ccnn3C3CCOCC3)sc2c1","Cc1cc(NC(=O)NC2CCCN(c3ccccc3F)C2)nn1C","O=C(Nc1c[nH]nc1C1CCCN(Cc2ccccn2)C1)C1CCCC1","Cc1nnc(CC2CCC(NS(=O)(=O)c3cc(F)ccc3C)C2)o1","Cc1ccc(-c2csc3ncnc(N4CCCC(CO)C4)c23)cc1C","Cc1c(-c2ccncc2)n[nH]c1NC(=O)C1CC(=O)N(C2CCCC2)C1","O=c1c(NCC2CCc3nc(C(F)(F)F)cn3C2)nccn1C1CC1","COc1cccc(C(=O)N2CCC3OCCN(C(C)=O)C3C2)c1F"
m_53dfe2,"CC(c1ccccc1)N(C)C(=O)NCCc1ccccc1","O=C(NCc1ccccc1OCCO)C1CSCN1","COCc1ccccc1CNc1nnc(C)c(C)c1C#N","CNCC1CCN(S(=O)(=O)c2cc(C)ccc2C)C1","Cc1cccc(N(C)C(=O)C2CCOc3ccccc32)n1","CC(C)(NS(C)(=O)=O)c1nc(-c2ccncc2)no1","CCNC(=O)N1CCCCCC1c1noc(COC)n1","c1ccn2cc(CN3CCCCC3c3nc[nH]n3)nc2c1","CN(Cc1cscn1)C(=O)C1CCCC(C(=O)O)C1","CC1CC1C(=O)NCC1(N2CCSCC2)CCCC1","O=C1CCCCCN1CC(=O)N1CCCCC1CCO","CC(C)CN1CC(C(=O)N2CCCC(O)C2C)CC1=O","C=C(C)CN(CC)C(=O)NCC1CCOC1C(C)(C)C","CC(C)C(C)NS(=O)(=O)N1CCc2ccccc2C1","CC(c1ccccc1)N(C)C(=O)NCCc1ccccc1","CC(c1ccccc1)N(C)C(=O)NCCc1ccccc1","CC(c1ccccc1)N(C)C(=O)NCCc1ccccc1","CC(c1ccccc1)N(C)C(=O)NCCc1ccccc1","CC(c1ccccc1)N(C)C(=O)NCCc1ccccc1","CC(c1ccccc1)N(C)C(=O)NCCc1ccccc1","CC(c1ccccc1)N(C)C(=O)NCCc1ccccc1","CC(c1ccccc1)N(C)C(=O)NCCc1ccccc1","CC(c1ccccc1)N(C)C(=O)NCCc1ccccc1","CC(c1ccccc1)N(C)C(=O)NCCc1ccccc1","CC(c1ccccc1)N(C)C(=O)NCCc1ccccc1"
m_55fde0,"CCc1nc2n(n1)CC(NC(=O)NCC(C)(O)C1CCCCC1)CC2","CCCC1(COC)CCCN1C(=O)NC1CCc2nc(CC)nn2C1","CC(C)COC1CCN(C(=O)c2cc(C3CCOCC3)nn2C)CC1","CCCOc1ccc(CN2CCOC3(CCOCC3)C2)cc1OCC","COc1ccccc1N1CCN(C(=O)c2c(C)[nH]c3ccccc23)CC1","COC(=O)C1(NC(=O)c2sc(-c3nnc[nH]3)nc2C)CCCCC1","O=C(CNC(=O)NC1CC1)Nc1cccc(-c2nc3ccccc3[nH]2)c1","O=C(CN1CCCNC1=O)Nc1cccc(-c2nc3ccccc3[nH]2)c1","CCn1nc(C(=O)N(CC(=O)O)Cc2ccc(Cl)cc2)ccc1=O","COc1cccc(CC(=O)N(C)CC(=O)Nc2cc(F)cc(F)c2)n1","Cc1nc(-c2nnc[nH]2)sc1C(=O)N(C)Cc1ccc(F)cc1F","O=C(NCCc1ccc(F)c(F)c1)N1CCC(Cn2ccnn2)CC1","CCOC1CC(NC(=O)COc2cc(C)ccc2F)C12CCOCC2","CC(C)C(NC(=O)C1CC2(CC(C(=O)O)C2)C1)c1ccc(Cl)cc1","Cc1ccc(F)c(NS(=O)(=O)c2ccc(OC(F)(F)F)cc2)c1","CC(C)(C)C(NC(=O)CSc1ccc(C(F)(F)F)cn1)C(N)=O","Cc1noc(C)c1CN(C)C(=O)NCc1ccc(OC(C)C)c(F)c1","CCn1cc(OC2COCC2NC(=O)c2cccc(Cl)c2C)cn1","Cc1cc(Cl)cc(C(=O)NCC2CC(c3nc(C)no3)CC2O)c1","Cc1cc(NC(=O)NC(c2nc(C(C)C)no2)C2CCOCC2)no1","CC(C)OCc1noc(CN2CCCCC2c2ccc(Cl)cc2)n1","O=C(CCCOc1ccc(F)cc1)N1CCC(N2CCNC2=O)CC1","CC1CN(C(=O)CCc2nc(C(C)C)no2)c2cccc(Cl)c2O1","Cc1noc(C)c1C(=O)NC1CCCN(Cc2c(F)cccc2F)C1","CCc1nc2n(n1)CC(NC(=O)NCC(C)(O)C1CCCCC1)CC2"
m_5667e2,"O=C(O)CC1CN(C(=O)C2CC(=O)N(Cc3ccccc3)C2)CCO1","CCC(C)C(=O)NCC(=O)N1CCCC1C(=O)OCc1ccccc1","N#Cc1ccc(N2CCCC2C2CCN(Cc3ccccc3)CC2)nc1","O=C(NCC1CC(O)CN1Cc1ccccc1)C(O)C1CCCCC1","O=C(COc1ccccc1CNCC1(O)CCCCC1)N1CCCC1","NCC1(C(=O)NCc2ccccc2OCC(F)(F)F)CCOCC1","Cc1ccccc1C(=O)NC1CCN(C(=O)c2ccc(Cl)o2)CC1","CCC(C)C(=O)N1CCCC(C(=O)Nc2cc(C(=O)O)ccc2C)C1","Cc1ccc(C(=O)N2CCC(NC(=O)c3ccc(Cl)o3)CC2)cc1","COc1cc(NC2CC(c3ccccc3)C2)ccc1NS(C)(=O)=O","Cc1nc(COc2cccc(C(=O)N3CCCC3C(=O)O)c2)cs1","CC(=O)NC1(C(=O)N2CCCC2Cn2cc(C)cn2)CCC(C)CC1","Cc1cnc(CCNS(=O)(=O)Cc2ccc(F)c(Cl)c2)s1","CCOCC(NC(=O)NCc1noc(-c2ccccc2C)n1)C(C)C","Cc1ccc(OCC(=O)NCC2(N3CCCCC3)CCOCC2)cc1","COc1ccccc1Cc1nnc(SCC23CCCC2CCO3)o1","O=C(O)CC1CN(C(=O)C2CC(=O)N(Cc3ccccc3)C2)CCO1","O=C(O)CC1CN(C(=O)C2CC(=O)N(Cc3ccccc3)C2)CCO1","O=C(O)CC1CN(C(=O)C2CC(=O)N(Cc3ccccc3)C2)CCO1","O=C(O)CC1CN(C(=O)C2CC(=O)N(Cc3ccccc3)C2)CCO1","O=C(O)CC1CN(C(=O)C2CC(=O)N(Cc3ccccc3)C2)CCO1","O=C(O)CC1CN(C(=O)C2CC(=O)N(Cc3ccccc3)C2)CCO1","O=C(O)CC1CN(C(=O)C2CC(=O)N(Cc3ccccc3)C2)CCO1","O=C(O)CC1CN(C(=O)C2CC(=O)N(Cc3ccccc3)C2)CCO1","O=C(O)CC1CN(C(=O)C2CC(=O)N(Cc3ccccc3)C2)CCO1"
m_568a04,"CCN(CC)CC1CCN(S(=O)(=O)c2ccc(C(=O)O)c(C)c2)C1","CC1CN(C(=O)NCc2cn(C)nc2C(F)(F)F)Cc2ccccc2O1","O=C(CCNC(=O)C1CCCN(c2ncccn2)C1)NCc1cccnc1","CC(=O)N1CC(O)CC1c1nc(-c2ccc(-n3nc(C)cc3C)nc2)no1","CN1CC(C(=O)N2CCN(c3cncc(F)c3)CC2)c2ccccc2C1=O","Cc1cc(C(F)(F)F)ccc1CN1CCN(C(=O)Cn2cnnn2)CC1","CN1CCC2(CC1)CC(NC(=O)CCc1ccnn1C)c1ccccc1O2","CN1CCC(CCNC(=O)N2CCn3c(nnc3-c3ccccc3)C2)CC1","CCc1ccccc1-n1cc(O)c(C(=O)N2CC3CCCC3C2C(N)=O)n1","Cn1cc(C(=O)NC2CC2c2ccc(Br)c(F)c2)c2ccccc2c1=O","CC1Cc2c(C(=O)NCCc3ccc(C(F)(F)F)cn3)n[nH]c2C(C)O1","CCN(CC)CC1CCN(S(=O)(=O)c2ccc(C(=O)O)c(C)c2)C1","CCN(CC)CC1CCN(S(=O)(=O)c2ccc(C(=O)O)c(C)c2)C1","CCN(CC)CC1CCN(S(=O)(=O)c2ccc(C(=O)O)c(C)c2)C1","CCN(CC)CC1CCN(S(=O)(=O)c2ccc(C(=O)O)c(C)c2)C1","CCN(CC)CC1CCN(S(=O)(=O)c2ccc(C(=O)O)c(C)c2)C1","CCN(CC)CC1CCN(S(=O)(=O)c2ccc(C(=O)O)c(C)c2)C1","CCN(CC)CC1CCN(S(=O)(=O)c2ccc(C(=O)O)c(C)c2)C1","CCN(CC)CC1CCN(S(=O)(=O)c2ccc(C(=O)O)c(C)c2)C1","CCN(CC)CC1CCN(S(=O)(=O)c2ccc(C(=O)O)c(C)c2)C1","CCN(CC)CC1CCN(S(=O)(=O)c2ccc(C(=O)O)c(C)c2)C1","CCN(CC)CC1CCN(S(=O)(=O)c2ccc(C(=O)O)c(C)c2)C1","CCN(CC)CC1CCN(S(=O)(=O)c2ccc(C(=O)O)c(C)c2)C1","CCN(CC)CC1CCN(S(=O)(=O)c2ccc(C(=O)O)c(C)c2)C1","CCN(CC)CC1CCN(S(=O)(=O)c2ccc(C(=O)O)c(C)c2)C1"
m_56bcbe,"CC(c1ccc(Cl)cc1)N(C)S(=O)(=O)c1cnn(C)c1","O=C(Nc1ccncc1F)N1CCC(Cc2ccccc2)CC1","Cn1c(=O)n(C)c2cc(NC(=O)CC3CC4CCC3C4)ccc21","CCOc1cc(C(=O)NC(C(=O)O)C(C)C)cc(Cl)c1O","COc1ccccc1N1CCCC(NC(=O)c2ccc[nH]2)C1=O","O=C(O)CCC(=O)N1CC(OCc2cccc3ccccc23)C1","CCc1cc(NCC(O)COc2ccccc2)n2ncnc2n1","Oc1cccc(N2CCN(Cc3noc4c3CCCC4)CC2)c1","O=C(NC1(C(=O)O)CC1)C1CC1c1ccc(Cl)cc1Cl","O=C(Nc1cnccc1O)c1cc(-c2cccc(Cl)c2)on1","Cc1nnc2n1CCN(Cc1ncc(-c3ccc(F)cc3)o1)C2","COCc1n[nH]c(C2CCCCN2C(=O)c2cccc(C)n2)n1","COc1ccc2c(c1)N(Cc1nc(-c3ccco3)no1)CCO2","Cc1onc(-c2ccccc2Cl)c1C(=O)Nc1ccccn1","O=C(Cc1cccc(F)c1)N1CCC(c2ccc(O)cc2)CC1","CC(C(=O)NCc1ccccn1)N1C(=O)C2CC=CCC2C1=O","COCC1(C(=O)O)CCN(C(=O)CCC2CCCCO2)CC1","CC(C)N(CC(N)=O)CC(=O)NCCc1c(F)cccc1F","CN(C)C(=O)NCc1cn(-c2ccccc2C(F)(F)F)nn1","O=C(O)C1COCCN1C(=O)CCOc1ccccc1Cl","Cc1nnc2n1CCN(C(=O)C1CCC(n3cccc3)CC1)C2","COc1cccc(Cn2nccc2NC(=O)C2CCC2)c1OC","CCCc1ccccc1NCc1cc(=O)n2c(C)csc2n1","CN(C)c1ncc(Br)c2c1CN(C(=O)CO)CC2","COc1ccc2c(c1)CCCN2C(=O)Cn1ccnc1C(C)C"
m_572a36,"CN1CCN(c2ccc(NCc3nc(-c4cnn(C)c4)cs3)nc2)CC1","CCN(CC(=O)NCc1ccc(F)cc1)Cc1cccc(C#N)c1","CS(=O)(=O)c1ccc(C(=O)N2CCCCc3cc(Cl)ccc32)s1","Cc1onc(N)c1S(=O)(=O)N1Cc2ccccc2C(c2ccccc2)C1","CC(CCc1ccc(O)cc1)NC(=O)N1CCC(Nc2cccnn2)CC1","CN(Cc1cccc(C(N)=O)c1)C(=O)C1CC(=O)N(C)C1c1nccn1C","CN(C)C(=O)NCc1cn(C2(c3ccc(F)cc3)CCOCC2)nn1","CCc1ccc(CN(Cc2cccnc2)C(=O)c2cc[nH]c(=O)c2)cc1","O=C(NCc1nnc(C2CC2)n1C1CC1)C1CCN(c2ccccc2F)C1","Cc1nn(CC(C)C)c2sc(C(=O)Nc3ccc4[nH]c(=O)[nH]c4c3)cc12","Cc1oc(-c2cccs2)nc1Cn1cc(C#N)c(=O)c2ccccc21","O=c1[nH]c(-c2cncs2)nc2cc(-c3ccc4c(c3)OCCO4)sc12","CCOc1cc2c(cc1OCC)CN(C(=O)c1cn(C)nc1C1CC1)CC2","COc1ccccc1NC(=O)CCc1nc2c(=O)[nH]c(=O)n(C)c2nc1O","Cc1cc(S(=O)(=O)N2CCCc3n[nH]cc32)c(C)cc1Br","O=c1[nH]nc(SCCCc2cccc3ccccc23)n1CC1CCCO1","CCOc1cccc(CNC2CCN(c3nc(C(N)=O)nc(C)c3C)C2)c1","O=C(C1CSCN1S(=O)(=O)N1CCCCCC1)N1CCCC1","COc1cc(CCNC(=O)NCC2CCNCC2)ccc1Cl","CN(Cc1cc2ccccc2o1)C(=O)NC1CCN(C2CCCCC2)CC1","CCC(c1ccccc1)c1nnc(NC(=O)N2CCN(C3CC3)CC2)s1","COc1ccc(CN2CCOC3(CCOC3)C2)cc1OCc1ccccc1","Cn1cc(-c2ncc(C(=O)N3CC(CN)C(c4ccccc4)C3)s2)cn1","COCC1(C(=O)OC)CCCCN1S(=O)(=O)c1cccc(F)c1","CCc1nc(C2CCN(C(=O)CC(C)NC(=O)c3ccccc3)CC2)n[nH]1"
m_57bec0,"Cc1ccc(C(C)NCc2ccc(N3CCN(C)CC3)nc2)c(C)c1","Cc1ccc(-c2nnn(CC(O)COc3ccc(C)cc3C)n2)cc1","O=C(c1ccc(NC2CC2)nc1)N1CCCN(c2cccnn2)CC1","COCC(=O)Nc1ccc(=O)n(Cc2ccc(Cl)c(Cl)c2)c1","Cc1nc(C)c(S(=O)(=O)N2CCC(c3ncccn3)CC2)s1","CC1(CNC(=O)N2CCC(c3ccn[nH]3)CC2)Cc2ccccc2C1","CN(C(=O)C1CCCC(F)(F)C1)C1CCN(c2cccnn2)CC1","CNCC1CCCN1S(=O)(=O)c1ccc2[nH]c(=O)[nH]c(=O)c2c1","CCOCC1CN(c2ncc(Cl)cc2F)CC1c1cnn(C)c1","O=C(NC(c1ccccc1)C1CCC1)N1CCC(c2ccn[nH]2)CC1","CCn1cc(C2CCN(C(=O)Nc3ccsc3Cl)CC2)cn1","CCC(c1ccncc1)N(CC)C(=O)c1cccc(C2CCOC2)c1","COc1ccc(C(=O)Nc2ccc3c(c2)CCNC3=O)c(C)c1OC","CN(C1CCN(c2ccccn2)CC1)S(=O)(=O)N1CCCCC1","Cc1cc(C)cc(C(=O)Nc2cccc(OCCn3cncn3)c2)c1","CC(C1CC1)n1cc(NC(=O)c2cccc(OCC(F)F)n2)cn1","COC1CC(c2ncn[nH]2)N(C(=O)Cn2nc(C)c(Cl)c2C)C1","c1ccc2c(-c3noc(CCCc4nc(C5CC5)no4)n3)n[nH]c2c1","COc1c(F)ccc(F)c1C(=O)NCC1CCC(c2ncn[nH]2)O1","Cc1cc(C)c(S(=O)(=O)N2CC(C)(C)C2c2ccncc2)s1","CC1CN(C(=O)c2c[nH]cc2-c2cnn(C)c2)CCS(=O)(=O)C1","CS(=O)(=O)CCCC(=O)N1CCN(CC2CC2)c2ccccc21","CCCCc1nc(CN2CC(C)C(=O)Nc3ccccc32)no1","CCn1c(CNS(=O)(=O)N(C)C(C)C2CC2)nc2ccccc21","Cc1ccccc1C1CCN(C(=O)NC2CCS(=O)(=O)C2)CC1"
m_57f31b,"O=C(NCCOc1ccc(Cl)cc1)c1cc2c([nH]c1=O)CCC2","CN1CCCC1C(=O)N1CCN(c2cc(NC3CC3)ncn2)CC1","Cc1cccc(C)c1OC1CCN(C(=O)C2CCCC(N)C2)CC1","CC(Cc1ccccc1F)NC(=O)N1CCCCC1c1cn[nH]c1","COc1ccccc1CC1CCN(C(=O)c2scnc2C)CC1","CC(NC1CCN(C(=O)NC2CCCCC2)CC1)c1ccncc1","NC(=O)c1ncn(C2CCCN(C(=O)Cc3cncc(O)c3)C2)n1","CCC(C(=O)Nc1cccnc1N1CCCCC1)N1CCCC1=O","CC1(NCC(=O)O)CCN(Cc2ccc(OC(F)(F)F)cc2)C1","Cc1cc(=O)c(C(=O)N2CCC(Oc3cccc(Cl)c3)C2)c[nH]1","CC(COc1ccc(F)cc1)NC1CCN(S(C)(=O)=O)CC1","CN(Cc1ccccc1OC(F)(F)F)C(=O)Nc1nncs1","O=C(NCCC(=O)N1CCCC1)c1ccc(F)cc1OC(F)F","CC1CCC(NS(=O)(=O)CC(=O)N2CCCC(C)CC2)CC1","O=C(NCc1nnc(C2CC2)n1C1CC1)c1cc(Cl)ccc1O","CN1C(=O)CCCC1C(=O)Nc1cccc(OCC(F)(F)F)c1","CC1(NCC(=O)O)CCN(C(=O)Cc2ccc3c(c2)CCCC3)C1","COc1ccccc1CC(=O)N1CC(OC)CC1c1nncn1C","O=C(c1cc2c(F)cccc2[nH]1)N1CCCC(N2CCNC2=O)C1","O=C(NCCOc1ccc(Cl)cc1)c1cc2c([nH]c1=O)CCC2","O=C(NCCOc1ccc(Cl)cc1)c1cc2c([nH]c1=O)CCC2","O=C(NCCOc1ccc(Cl)cc1)c1cc2c([nH]c1=O)CCC2","O=C(NCCOc1ccc(Cl)cc1)c1cc2c([nH]c1=O)CCC2","O=C(NCCOc1ccc(Cl)cc1)c1cc2c([nH]c1=O)CCC2","O=C(NCCOc1ccc(Cl)cc1)c1cc2c([nH]c1=O)CCC2"
m_59b1bd,"Cn1cccc1C(=O)Nc1cccc2c1CCN(S(C)(=O)=O)C2","Cc1cc(C#N)cc(NS(=O)(=O)c2ccc(OC(C)C)cc2)n1","O=C(O)CC1(NC(=O)c2ccc(C3CCOCC3)cc2)CCOC1","Cc1c(NCC(C)(C)C)cccc1C(=O)N1CCC(CN(C)C)C1","CCOc1ccc(-c2noc(Cn3cnnc3[S+](C)[O-])n2)cc1","C=CCOc1ccc(C(=O)N2CCCC(COC)CC2)cc1OC","CC1CCN(C(=O)N2CCN(C(=O)c3cccc(O)c3)CC2)CC1","CC(C)c1nsc(N2CCN(C(=O)c3ccc(=O)[nH]c3)CC2)n1","COc1cccc(CN2CCOC(C)(c3cnn(C)c3)C2)c1OC","Cc1noc(CCNC(=O)N2CCN(c3ccccc3O)CC2)n1","CCOc1ccccc1OCc1nnc2n1CCC(C(=O)OC)C2","CCc1csc(C2CCCN(C(=O)c3ccc(=O)n(C)c3)C2)n1","Cc1nc(N2CC(O)CC2c2nnc(C)o2)c2c(C)csc2n1","CS(=O)(=O)C1CCCCC1NC1CCOC2(CCOCC2)C1","CCc1ccc(O)c(NS(=O)(=O)c2cnn(CC(F)F)c2)c1","O=C(CCCC1CCCCC1)NCC1(O)CCS(=O)(=O)CC1","COc1ccc(CCNCC2CCOC2c2cnn(C)c2)cc1F","Cn1ccnc1CN1CC(F)CC1CNC(=O)c1cccnc1O","CC1CN(CCOc2ccccc2C(=O)O)CC2(CCCCC2)O1","O=C(N1CCC(OCC2CCOC2)CC1)C(F)(F)C1(O)CCC1","Cc1nnnn1C(Cc1cccc(F)c1)C(=O)NCC1CCOC1","Cc1ccc(F)c(OCC(=O)NC2(c3nc(C)c[nH]3)CCOC2)c1","CC1(C)Cc2cccc(S(=O)(=O)N3CC(OC(F)F)C3)c2O1","CCc1ccccc1OCC(=O)N1CCCC1C1COCCC1O","CCN1CCC(CCNC(=O)N2CCC(c3nccn3C)C2)CC1"
m_59bced,"COc1ccc(Br)cc1CC(=O)N1CCC(CN)C1","COc1ccc(Br)cc1CCC(=O)N1CCC(N)C1","Cc1nc(-c2ccccc2)ccc1C(=O)NC1CCOC1C(=O)O","CC(Cc1ccc(Br)cc1)NC(=O)C1CC(O)CN1","COc1ccc(CN2CC(C)C(C(N)=O)C2)cc1Br","Cc1nn(C)c(C)c1C1OCCC1NC(=O)c1ncoc1C","CNS(=O)(=O)c1cccc(C(=O)NC2CCOC(C)(C)C2)c1","Cc1cc2c(N3CCCC(NS(C)(=O)=O)C3)nccc2o1","CCC(COC)NC(=O)NC(c1nc(C)no1)C1CCOCC1","Cc1cccc(S(=O)(=O)Nc2ccccn2)c1Br","Cc1ccccc1C(C)CC(=O)NC1CCS(=O)(=O)CC1","NC(=O)C1CCCCN1Cc1cn2cc(Cl)cc(Cl)c2n1","COC1CCC(CCNC(=O)CN2CCCCC(O)C2=O)CC1","CCC1OCCCC1C(=O)Nc1ncc(Br)cc1C","CC(C)Cc1cc(NC(=O)c2cccc(CN3CCCC3)c2)[nH]n1","Cc1ccc(OC(C)C(=O)N2CCC(N)C2)c(Br)c1","COc1ccc(Br)cc1CC(=O)N1CCC(CN)C1","COc1ccc(Br)cc1CC(=O)N1CCC(CN)C1","COc1ccc(Br)cc1CC(=O)N1CCC(CN)C1","COc1ccc(Br)cc1CC(=O)N1CCC(CN)C1","COc1ccc(Br)cc1CC(=O)N1CCC(CN)C1","COc1ccc(Br)cc1CC(=O)N1CCC(CN)C1","COc1ccc(Br)cc1CC(=O)N1CCC(CN)C1","COc1ccc(Br)cc1CC(=O)N1CCC(CN)C1","COc1ccc(Br)cc1CC(=O)N1CCC(CN)C1"
m_5ae66f,"Cc1nn(CC(F)(F)F)cc1C(=O)Nc1nnc(C)n1C1CC1","O=C(NCc1nnc2n1CCC2)c1ccc(F)c(C(F)(F)F)c1","CN(CCc1ccc(Cl)cc1)S(=O)(=O)NCC(F)(F)F","CCn1cc(C(=O)Nc2nnc3n2CCCC3)c(C(F)(F)F)n1","O=c1cc(CN2CCOC(c3ccccc3F)C2)[nH]c2ccnn12","COc1cccc(C(=O)Nc2ccc(F)cc2NC2CC2)c1OC","CCN1CC(C(=O)N(C)Cc2nc3ccccc3c(=O)[nH]2)CC1=O","Cn1cc(C2(C)CN(c3cc(N4CCCC4)ncn3)CCO2)cn1","O=C(O)c1ccccc1OCCN1CCN(c2ncccn2)CC1","Cc1c(C(=O)N2CCCC2c2ccc(N)nn2)cnn1CC(C)C","COC(=O)c1cc(S(=O)(=O)N2CCC(C(N)=O)CC2)c(C)o1","CC(C(N)=O)S(=O)(=O)Cc1csc(-c2ccc(F)cc2)n1","CNC(=O)CS(=O)(=O)Cc1csc(-c2ccc(F)cc2)n1","Cc1cccc(NC(=O)C2CSCN2C(=O)c2occc2C)c1","Cc1cccnc1CCNC(=O)c1cc(C2CCOCC2)nn1C","CN1CC2C(CCCN2C(=O)NCc2ccc(C#N)c(F)c2)C1=O","Cc1ccc(C(=O)NCc2nc(-c3cccc(Cl)c3)no2)cn1","CNC(=O)c1ccc(CNCC2CCOC2c2cnn(C)c2)cc1","Cc1cc(C)n(CC(=O)NC(C)c2ccc3c(c2)NC(=O)CO3)n1","Cc1cc(C)c(CNC(=O)C2CCCOC2c2nccn2C)cn1","Cc1nn(C)cc1CC(=O)NC1CCOCC1Nc1ccncn1","O=C(O)c1cc(NC(=O)C2CCN(CC(F)F)CC2)ccc1O","Fc1ccccc1C(F)C1CCN(c2ncnc3[nH]ccc23)CC1","COC(=O)c1ccc(CNC(=O)CCNC(=O)c2ccco2)cc1","Cc1noc2ncnc(NC3CCCOc4c(Cl)cccc43)c12"
m_5bfac3,"CC(C(=O)N1CCC(Cc2occc2C(=O)O)CC1)c1ccccc1","Cc1cccc(C(C)(C)NC(=O)c2cnn(C3CCOCC3)c2C)c1","Clc1cccc(C2(c3nc(-c4cccnc4)no3)CCOCC2)c1","Cc1cccc(C2(CNC(=O)CCCc3nc(C)no3)CCCC2)c1","Cc1ccc(CN(CCO)C(=O)Nc2nn(C(C)C)cc2C#N)cc1","CCC(NC(=O)C[S+]([O-])C1CCOCC1)c1ccc(Cl)cc1","O=C(NCC1CCCC1)N1CCC(Nc2ccc(F)cc2)CC1","CC1CCC(C(=O)O)CN1C(=O)c1ccn(CCc2ccccc2)n1","NC(=O)N1CCCC(C(=O)Nc2ccnn2CCc2ccccc2)C1","Cc1cccc(Cn2[nH]ccc2=NC(=O)CN2CCC(C(N)=O)C2)c1","Cc1ccc(Cn2cccc(NC(=O)NC3CCOC3C)c2=O)cc1","Cc1noc(C)c1CCN1C(=O)NC(C)(CCc2ccccc2)C1=O","Cc1ccc(N(C)C(=O)Cn2nc(C(F)(F)F)c3c2CCC3)nn1","COc1ccc2nc(NC(=O)NC3CCS(=O)(=O)C3)sc2c1","O=C(C1CC(c2ccc(F)cc2)C1)N1CCCCC1c1ncccn1","COc1ccccc1-c1nnc(CNc2ccccc2OC(C)C)o1","NC(=O)COc1ccc(CNC(=O)CN2CCc3ccccc32)cc1","Cc1n[nH]cc1C1CCN(C(=O)c2cc(-c3cccs3)n[nH]2)CC1","CCNC(=O)CNC(=O)Nc1sc(C(C)(C)C)cc1C(=O)OC","Cn1nc(-c2ccco2)cc1NC(=O)NCc1cccc(C(N)=O)c1","O=C(NC(C(=O)O)c1ccc2c(c1)CCO2)c1n[nH]c2c1CCCC2","CN(Cc1ccnc(N(C)C)c1)CC1CCN(C)C1c1cccnc1","CC(C)C1CN(C(=O)c2c[nH]nc2C2CCOCC2)c2ccccc21","CCn1cc(C2OCCC2NS(=O)(=O)c2cn(C)c(C)n2)cn1","Cc1ccncc1N1CCN(C(=O)C2CCc3cnn(C)c3C2)CC1"
m_5c710b,"CC(C)CN1CCCC(CNC(=O)N(C)Cc2cnccn2)C1","O=C(NCc1cc[nH]n1)N1CCN(c2cccc(Cl)c2)CC1","O=C(c1ccc(O)nc1)N1CCn2cccc2C1c1ccccc1","CC1CN(C(=O)C(C)(C)C)CC(C)N1C(=O)Cc1cnnn1C","C=CCN1CCC(N(C)S(=O)(=O)c2ccccc2C#N)C1=O","COc1ccc(S(=O)(=O)Nc2ccc(C(=O)O)c(C)c2)cc1","CNC(=O)CN1CCC(NC2CC(c3ccccc3F)C2)CC1","CN(C)c1nccc(C2CN(c3ccncc3Cl)CCO2)n1","O=C(c1noc2c1COCC2)N1CCCC(C2CCCCN2)C1","Cc1nc(C(C)C)[nH]c(=O)c1C(=O)N1CCOC2(CCCC2)C1","CN(Cc1nnc(C2CC2)n1C)C(=O)C12CNCC1CCOC2","CNC(=O)C1(NS(=O)(=O)c2ccc(C#N)cc2)CCCCC1","CS(=O)(=O)c1cc(NC(=O)c2cncnc2)cc(C(=O)O)c1","O=C(C1CC2CCC1O2)N(c1cccc(F)c1)C1CCOCC1","Brc1cccc(-c2noc(CCn3cncn3)n2)c1","Cc1n[nH]c(C)c1S(=O)(=O)Nc1cccc(C(F)(F)F)c1","CC1COCCN1C1CCN(Cc2noc3c2CCCC3)CC1","Cc1cc(F)ccc1S(=O)(=O)Nc1cnn(CC(F)F)c1","CCn1cc(S(=O)(=O)Nc2ccccc2C(F)(F)F)cn1","CC(C)(C)S(=O)(=O)CC(=O)N1CCCC(CCC(=O)O)C1","Cc1ccc(C)c(OCC(O)CN2CCOC3(CCC3)C2)c1C","CCOc1cc(N2CCCC(O)(Cc3nc(C)no3)C2)ncn1","COCc1n[nH]c(C2CCCCN2Cc2ncnn2C(C)C)n1","O=C(NCc1nnc(C2CCCO2)[nH]1)N1CCCC2CCCC21","Clc1ccccc1C(CNCc1cc[nH]c1)N1CCOCC1"
m_5c8d41,"O=C(CCn1cccn1)NC1CCCOc2cc(Cl)ccc21","Cc1nc(C)c(CCNC(=O)NC(C)c2cccc(O)c2)s1","CC1CCC(CNC(=O)N2CCC(CS(N)(=O)=O)CC2)C1","O=C(CCOc1cccc(F)c1)N1CCCC1Cn1cccn1","Cc1cc(CC(=O)NC2CCCOc3cc(Cl)ccc32)n[nH]1","Cc1cc(NC(=O)CN2CCn3c(nnc3C(C)C)C2)n(C)n1","CCS(=O)(=O)NCCN1CCCC1CN(C(C)=O)C1CC1","Cn1ccnc1C1OCCCC1CNC(=O)C=C1CCCCC1","Cn1cc(N2CCN(C(=O)NCC3CC=CCC3)CC2=O)cn1","CCc1ccc2nc(NC(=O)Cn3ncn(C)c3=O)sc2c1","CCn1cncc1CN(C)C(=O)c1n[nH]c2c1CC(C)OC2C","Cn1cnnc1C1CCCN(C(=O)NCCCn2ccnc2)C1","CC(Cn1ccnc1)NC(=O)N1CCCC(c2nncn2C)C1","COC1C2CC3CN(CCOc4cccc(C(=O)O)c4)C1C3C2","CCc1cccnc1NC(=O)C1CCCN1C(=O)CC(C)(C)C","C=C(C)CC(C)C(=O)Nc1cnn(-c2ccccc2)c1C(F)F","CCNC(=O)c1ccc(NC(=O)c2ncsc2C(C)C)cc1","CCN1CCC(CNc2ccc(C(=O)N(CC)CC)cc2)CC1","CC(C)N1CCC(N(C)C(=O)N2CCS(=O)(=O)CC2)CC1","O=C(NC(C1CC1)C1CC1)C1(c2cccc(F)c2)CCOCC1","CCN1CCC(N(C)C(=O)CCC(N)c2ccccc2)C(C)C1","CNC(=O)c1ccc(C)c(NC(=O)C(N)CC2CCCCC2)c1","O=C(c1cc(=O)[nH]c(C2CC2)n1)N1CCOC2(CCCCC2)C1","O=C(CCn1cccn1)NC1CCCOc2cc(Cl)ccc21","O=C(CCn1cccn1)NC1CCCOc2cc(Cl)ccc21"
m_5da1ef,"O=C(NC1CCCCC1C(F)(F)F)C1Cc2ccccc2O1","CCC(=O)N1CCC(c2nc(Cc3cc(C)cc(C)c3)no2)C1","Cc1ccc(CC(=O)N2CCCC2c2nc(N)n(C)n2)cc1C","Cc1noc(C2CCN(C(=O)C3COc4ccccc43)CC2)n1","COc1ccc2ccccc2c1CNC(C)c1ncnn1C","O=S(=O)(c1cc(F)c(F)cc1F)N1CC(F)CC1CO","C#CCCC1(CCC(=O)Nc2cnn(CC3CCCO3)c2)N=N1","Cc1ncc2c(n1)CCCC2NC(=O)CC1(C(F)(F)F)CC1","Cc1cc2c(cc1C)OC(C(=O)NCc1ccc(C(=O)O)o1)C2","COc1ccccc1CCN(C)C(=O)c1cnc(C(=O)O)cn1","CCN(CC(=O)NC)S(=O)(=O)c1ccc(C)c(C(N)=O)c1","CN(C)C(CNC(=O)N1Cc2ccccc2C1)c1cnn(C)c1","CC(CNC(=O)COc1ccc2c(c1)OCO2)c1ccccc1","CC(NC(=O)CC1(C(=O)O)CCCC1)c1cc2ccccc2o1","CCc1cccc(NC(=O)CSc2ncnc3nc[nH]c23)c1","COc1cc(C)c(S(=O)(=O)Nc2nnc(C)s2)cc1C","COCC(=O)NCCS(=O)(=O)c1ccc(C(C)(C)C)cc1","CC(CNC(=O)N1CCCC2(CC2)C1)N1CCc2ccccc21","O=C(NCc1ccccc1CN1CCCCCC1)c1c[nH]nn1","O=C(NC1CCCCC1C(F)(F)F)C1Cc2ccccc2O1","O=C(NC1CCCCC1C(F)(F)F)C1Cc2ccccc2O1","O=C(NC1CCCCC1C(F)(F)F)C1Cc2ccccc2O1","O=C(NC1CCCCC1C(F)(F)F)C1Cc2ccccc2O1","O=C(NC1CCCCC1C(F)(F)F)C1Cc2ccccc2O1","O=C(NC1CCCCC1C(F)(F)F)C1Cc2ccccc2O1"
m_5dda21,"COc1ccc(CNC2(C(=O)N3CCOCC3)CCCCC2)c(C)c1","CN(C)C(=O)N1CCN(C(=O)c2coc3ccccc23)C(C)(C)C1","NC(=O)C1CCOC1CC1CCN(Cc2cccc(C(=O)O)c2)CC1","CCOc1ccc(CN(C)C(=O)CCNC(=O)c2ccsc2)cc1","CN(CC(=O)NCc1ccc2c(c1)OCO2)Cc1cccc(Cl)c1","Cc1ncc(C(=O)N(CCc2ccccc2)Cc2cccnc2)c(C)n1","CC(C)N(C)C(=O)C1CCN(C(=O)Cc2ccc3c(c2)OCO3)CC1","O=C(NCCc1sccc1Br)NC1CC(C(=O)O)C1","Cc1cc(CSCC(=O)NC(C)c2ccc(CC(C)C)cc2)on1","Cc1ccc(C(=O)NC(C)c2ccccc2NS(C)(=O)=O)cc1C","CC(O)C1CCCN(c2nn3cc(-c4ccc(F)cc4)nc3s2)C1","CNC(=O)C1CCC(C(=O)O)N(C(=O)c2coc3ccc(F)cc23)C1","Cc1ccccc1C(=O)NC1CCN(C(=O)c2ccc(Cl)o2)CC1","CN1CCN(CC(NC(=O)NCC2CCOC2)c2ccccc2)CC1","CCc1ccccc1S(=O)(=O)N1CCC(Nc2cccnn2)CC1","Cc1ccc(C(=O)N2CCC(NC(=O)c3ccc(Cl)o3)CC2)cc1","COc1ccc(C)cc1S(=O)(=O)N1CC(C)CC1c1cccnc1","CC(=O)Nc1cc(S(=O)(=O)NCCCc2ccccc2)ccc1C","CC(O)CC(CNC(=O)NC1CCCC2OCCC12)c1ccccc1","CC(C)NC(=O)c1ccc(C(=O)NCC2CCOC2C(C)(C)C)cc1","Cc1ccc(C)c(S(=O)(=O)NCCc2nnc(-c3ccco3)[nH]2)c1","COCCN1CCCN(C(=O)C2CCc3cc(C)ccc3O2)CC1=O","CCCc1cc(=O)oc2cc(Oc3nc(C(C)OC)ns3)ccc12","Cc1ccc(S(=O)(=O)NCCc2nnc(-c3ccco3)[nH]2)cc1C","CC(NCc1ccc(C(C)(C)C)cc1)c1cccc(S(N)(=O)=O)c1"
m_5fef1c,"Cc1ccc(S(=O)(=O)N(C2CC2)C2CCS(=O)(=O)C2)c(C)c1","COC1CC(c2nncn2C)N(CC(=O)NCc2cccc(C)c2)C1","C#CCN(Cc1ccc(C)cc1)C(=O)NCCC(=O)N1CCOCC1","CN(C)C(CNC(=O)CNC(=O)c1ccccc1)c1cccc(F)c1","Cc1cccc(CS(=O)(=O)Cc2csc(-c3ccccc3)n2)c1","Cc1cccc(C2(C(=O)NC3CCN(CC(N)=O)CC3)CCCC2)c1","Cc1ccccc1C1(C(=O)N2CCOC3(CCOCC3)C2)CCCC1","CC(c1ccccc1)N1CC(C(=O)N2CCCC(C(N)=O)C2)CC1=O","CCc1nnsc1C(=O)N(CC(F)(F)F)c1cccc(C)c1C","CCc1noc(COC2CN(C(=O)C3Cc4cccc(C)c4O3)C2)n1","Cc1cccc(C(=O)N2CCCC(CNC(=O)C3CCCN3)C2)c1C","COc1ccc(C)cc1CC(=O)N1CCOCC1c1c(C)n[nH]c1C","CN(C)C1(CNC(=O)Cc2cc(-c3ccccc3)on2)CCOCC1","Cc1ccc(C)c(S(=O)(=O)Nc2cccc(-c3nnnn3C)c2)c1","Cc1ccc(S(=O)(=O)N(C2CC2)C2CCS(=O)(=O)C2)c(C)c1","Cc1ccc(S(=O)(=O)N(C2CC2)C2CCS(=O)(=O)C2)c(C)c1","Cc1ccc(S(=O)(=O)N(C2CC2)C2CCS(=O)(=O)C2)c(C)c1","Cc1ccc(S(=O)(=O)N(C2CC2)C2CCS(=O)(=O)C2)c(C)c1","Cc1ccc(S(=O)(=O)N(C2CC2)C2CCS(=O)(=O)C2)c(C)c1","Cc1ccc(S(=O)(=O)N(C2CC2)C2CCS(=O)(=O)C2)c(C)c1","Cc1ccc(S(=O)(=O)N(C2CC2)C2CCS(=O)(=O)C2)c(C)c1","Cc1ccc(S(=O)(=O)N(C2CC2)C2CCS(=O)(=O)C2)c(C)c1","Cc1ccc(S(=O)(=O)N(C2CC2)C2CCS(=O)(=O)C2)c(C)c1","Cc1ccc(S(=O)(=O)N(C2CC2)C2CCS(=O)(=O)C2)c(C)c1","Cc1ccc(S(=O)(=O)N(C2CC2)C2CCS(=O)(=O)C2)c(C)c1"
m_6007c7,"CC1Cc2cc(S(=O)(=O)NCC3CCc4nccn4C3)cc(Cl)c2O1","CN1Cc2nncn2CC1c1nc(-c2ccc(CN3CCOCC3)cc2)no1","Cc1ccc(C(=O)N2CCN(C3CCc4ccccc4NC3=O)CC2)cc1F","CS(=O)(=O)N1CCOC(c2nnc(C3(c4cccc(F)c4)CCC3)o2)C1","Cc1cc(C(=O)NCCc2nnc3n2CCCCC3)c2cnn(C(C)C)c2n1","CN(Cc1ccccc1C(F)(F)F)C(=O)CC12CC3CC(CC(O)(C3)C1)C2","Cc1ccc(N2CCCN(C(=O)c3cn(-c4ccc(F)cc4)nn3)CC2)nn1","CCCOc1ccc(C(=O)Nc2cc(-n3cnnn3)ccc2C)cc1OCC","CCC(=O)Nc1ccc(O)c(C(=O)N2CCN(c3cccc(C)c3C)CC2)c1","Cc1nn(CC(F)(F)F)c(C)c1C1COCCN1S(=O)(=O)C1(C)CC1","CCOc1ccccc1NC(=O)CN1CCN(c2ccc3nncn3n2)CC1","O=C(C1CCOCC1)N1CCCC(CS(=O)(=O)NCc2ccccn2)C1","CCc1nnc(C23CCC2CCN3C(=O)c2ccc(OC(F)F)cc2F)o1","CC1Cc2cc(S(=O)(=O)NCC3CCn4ccnc4C3)cc(Cl)c2O1","O=C(O)c1cccc(C(=O)NCCC(=O)N2CCN(c3ncccn3)CC2)c1","O=C(NC1CCN(c2cccnn2)CC1)c1cccnc1OCC(F)(F)F","Cc1ccnc(N2CCN(CC(=O)N3CCN(c4cnccn4)CC3)CC2)c1","O=C(Cn1ncc(=O)c2ccccc21)Nc1c(Cl)cccc1C(F)(F)F","O=C(O)C(c1ccccc1F)N1CCC(c2nc(-c3ccccc3)no2)CC1","O=C1CCc2ccc(OCC(O)COc3c(Cl)cccc3Cl)cc2N1","NC1CN(C(=O)c2cc3n(n2)CC2(CCNCC2)OC3)CC1c1ccccc1","O=C(Nc1ccc2oc(=O)[nH]c2c1)C1CCN(C(=O)c2ccc(F)cc2)CC1","O=C(O)C(Cc1c[nH]c2cc(F)ccc12)NS(=O)(=O)N1CC2CCC1C2","CC(C)(C)OC(=O)COc1ccc(C(=O)NC2CC3(C2)CC(F)(F)C3)cc1","CC(NC(=O)c1n[nH]c2ccccc12)c1cc(F)ccc1N1CCN(C)CC1"
m_60e7b1,"Cc1ccc2[nH]c(C3CCCN(C(=O)c4cncnc4)C3)nc2c1","O=C(NCc1nc(C2CC2)no1)C1CC1c1ccc(Cl)s1","O=S(=O)(Cc1ccccc1F)NC(CO)Cc1ccccc1","Cc1nnc(NC(=O)CN2CCCCC2Cn2cncn2)s1","Cc1[nH]c(=O)c(C#N)c(C)c1CCc1nc(-c2ccccn2)no1","CCN1C(=O)CC(CNc2ccncc2C#N)C1c1cccnc1","COc1c(C)cnc(Cn2cncc(-c3ccccc3)c2=O)c1C","NCc1ccc2nc(C(=O)N3CCCC3c3ccccn3)cn2c1","O=C(NCc1ccnc(N2CCOCC2)c1)c1ccc(Cl)o1","Cc1cc(N(CCO)Cc2cccnc2)nc(-c2ccccn2)n1","CCCc1c(NC(=O)c2cnccn2)cnn1-c1cccc(C)c1","CSc1nc2ncnc(N3CCC(NC4CC4)CC3)c2s1","CCc1nnnn1-c1ccccc1NC(=O)COc1ccccc1","O=C(NCc1ccon1)NC1(Cc2ccccc2)CCCC1","Cc1cc(F)ccc1S(=O)(=O)N1CCC(c2cnccn2)C1","OCCC(CNc1ncc(Br)cn1)c1ccccc1","CNC(=O)c1ccc(CNC(=O)c2cccc3c2ccn3C)cc1","CC(C)c1ccc(C(=O)Nc2cccc(-c3ncn(C)n3)c2)cn1","COc1cc(C(=O)NCC2CC(F)CN2c2cccnn2)on1","CCCOc1cccnc1C(=O)N1CCCN(C(C)CO)CC1","CCN(C)c1ccc(C(=O)Nc2cccc(-n3cnnc3)c2)cc1","COc1ccccc1C1CCN(S(=O)(=O)c2cn[nH]c2C)C1","Cc1cc(C)n(-c2ccc(NC(=O)c3ccc(CO)nc3)cn2)n1","CC(C)n1cc(S(=O)(=O)N2CCOc3ccccc3C2)cn1","Cc1ccc2[nH]c(C3CCCN(C(=O)c4cncnc4)C3)nc2c1"
m_6105c1,"COC1(CNC(=O)c2c[nH]c(-c3ccccc3)n2)CCOCC1","O=C(CCCc1nc2ccccc2c(=O)[nH]1)NC1CCCC1F","COc1ccccc1S(=O)(=O)N1CCOC(CC(=O)O)C1","Cc1[nH]ncc1S(=O)(=O)N1CCOc2cc(F)c(F)cc21","Cc1nn(CCO)c(C)c1CN1CC(C)(C)Oc2ccccc21","O=C(NC1CC[S+]([O-])C1)N1CCCC1CN1CCOCC1","CC(C)c1cnc(CS(=O)(=O)c2ccc3ccccc3c2)o1","Cc1cnn(C)c1S(=O)(=O)N1CCCCCCC1C(=O)O","CN(CC1CCN(C)C1c1cccnc1)C(=O)c1ccsc1","Cc1n[nH]c(C)c1S(=O)(=O)N1CCCCCCC1C(=O)O","CC1CCN(C(=O)CN2CC(C)C(=O)Nc3ccccc32)CC1","O=C(O)C1CCCN(C(=O)Cn2ncc(=O)c3ccccc32)C1","Cc1cn(-c2ccc(Cl)cc2)nc1NC(=O)c1occc1C","CC1OCCOC1C(=O)Nc1nc2ccccc2n1CC1CC1","CCC(C)C(NC(=O)CC1CCCO1)c1nc2ccccc2[nH]1","O=C(O)C(CNCc1c(F)cccc1Cl)C1CCOCC1","O=C(NCCn1ccnc1)c1cc(Cl)cc(C(F)(F)F)c1","O=C(COCC(F)(F)F)NCC1CCCC1c1ccccc1","Cc1nn(-c2ccccc2)c(C)c1CC(=O)NCC(C)C(=O)O","COCc1nc(OC)cc(N2CCc3ccc(O)cc3CC2)n1","CC1(C2CC2)COCCN1Cc1nnc(-c2cccc(O)c2)o1","Cn1nccc1C1OCCC1CNC(=O)c1cc(C2CC2)[nH]n1","COc1ccc(NC(=O)N(Cc2ccco2)C2CCCC2)cn1","COc1cccc(Cn2nccc2NC(=O)C2CCC2)c1OC","O=C(O)c1cccc(NS(=O)(=O)CC2CCCCO2)c1O"
m_610a9f,"NCC1CCN(C(=O)c2cccnc2Nc2cccc(F)c2)CC1","CC(NC(N)=O)C(=O)N1CCCC1c1nc(-c2ccccc2)n[nH]1","CCn1cc(Br)cc1C(=O)N1CCOCC1C(=O)O","CCc1nc(-c2ccc(C(=O)N3CCCCC3C(=O)O)cc2)n[nH]1","CC1CN(C(=O)c2ccc(F)cc2Br)CC1C(N)=O","CC1CN(C(=O)c2cc(Br)ccc2F)CC1C(N)=O","CC1CC(CCNC(=O)c2cccc(OCC(F)F)n2)CCO1","CC(C)c1nc(C2CCCCN2Cc2nnnn2C)n[nH]1","NC(=O)CN1CCCN(C(=O)c2ccc(-n3cccn3)nc2)CC1","COCC1CN(C(=O)c2ccc3nc(C)ccc3c2)CC(C)(C)O1","Cc1cc(NC(=O)N2CC(C)(C)OCC2C)nn1-c1ccccc1","COc1ccc(-c2nc(C(=O)N3CCCC3C(=O)O)c(C)o2)cc1","CC1(C(=O)O)CCN(C(=O)CCc2ncc(-c3ccccc3)o2)C1","CNC(=O)c1ccc(NC(=O)c2coc3ccccc23)c(Cl)c1","C=CCc1cc(C=Cc2ncc(C(=O)NC)s2)cc(OC)c1O","O=C(NC1CC(O)C12CCOCC2)c1cnn(-c2ccccc2)n1","CC(C)OC1CC(NC(=O)c2cnn(-c3ccccc3)n2)C1(C)C","CC(C)C(NC(=O)CCCc1ncc(-c2ccccc2)o1)C(=O)O","CCc1cccc(Oc2ccc(NC(=O)C3COCCO3)cn2)c1","CC1CN(C(=O)NCc2cccc(OCC(F)F)c2)CC(C)O1","COc1cc2nccc(N3CCCC(CC(=O)O)C3)c2cc1OC","NC(=O)c1ncn(C2CCCN(C(=O)Cc3cncc(O)c3)C2)n1","COc1ccccc1N(CC(F)(F)F)C(=O)c1ccncc1F","CCOc1ccccc1N1CCN(C(=O)c2c[nH]c(CC)n2)CC1","COc1ccccc1CN1CC(OC)CC1COc1cccnc1"
m_612431,"COc1ccc2cc(CNC3CCOC3c3ccnn3C)ccc2c1","COc1ccccc1S(=O)(=O)N1C(C(=O)O)CC2CCCCC21","CC(N)C1CCCCN1S(=O)(=O)c1cc(F)ccc1Cl","COC(=O)Cc1csc(NC(=O)C(NC(C)=O)C2CCCC2)n1","Cc1nn(-c2ccccc2)cc1CNCC1CCOC1c1cn[nH]c1","Cn1ccnc1C1OCCC1NCc1cnn(Cc2ccccc2)c1","COc1ccc(C(=O)O)cc1S(=O)(=O)Nc1c(C)nn(C)c1C","O=C(Nc1cccc2ncccc12)C1CCCN(CC(F)(F)F)C1","COc1ccc2cc(CNC3CCOC3c3ccnn3C)ccc2c1","COc1ccc2cc(CNC3CCOC3c3ccnn3C)ccc2c1","COc1ccc2cc(CNC3CCOC3c3ccnn3C)ccc2c1","COc1ccc2cc(CNC3CCOC3c3ccnn3C)ccc2c1","COc1ccc2cc(CNC3CCOC3c3ccnn3C)ccc2c1","COc1ccc2cc(CNC3CCOC3c3ccnn3C)ccc2c1","COc1ccc2cc(CNC3CCOC3c3ccnn3C)ccc2c1","COc1ccc2cc(CNC3CCOC3c3ccnn3C)ccc2c1","COc1ccc2cc(CNC3CCOC3c3ccnn3C)ccc2c1","COc1ccc2cc(CNC3CCOC3c3ccnn3C)ccc2c1","COc1ccc2cc(CNC3CCOC3c3ccnn3C)ccc2c1","COc1ccc2cc(CNC3CCOC3c3ccnn3C)ccc2c1","COc1ccc2cc(CNC3CCOC3c3ccnn3C)ccc2c1","COc1ccc2cc(CNC3CCOC3c3ccnn3C)ccc2c1","COc1ccc2cc(CNC3CCOC3c3ccnn3C)ccc2c1","COc1ccc2cc(CNC3CCOC3c3ccnn3C)ccc2c1","COc1ccc2cc(CNC3CCOC3c3ccnn3C)ccc2c1"
m_62973b,"O=C(CS(=O)(=O)C1CCOCC1)N1CCCCC1","COc1cccc(CC(=O)N2CCCCC2C(=O)O)c1","Cc1ccc(OCC(=O)N2CCC(C)(C(=O)O)C2)cc1","CCOc1cc(C)ccc1CNC(=O)C1CC1C(=O)O","c1ccc2c(-c3nc(-c4cnccn4)no3)ccnc2c1","CCCCC(=O)NC1CCN(C(=O)c2ccccn2)C1","O=C(C1CNCCO1)N1CCNCC1c1ccccc1","COc1ccc(-c2nnc(N3CC(C)(OC)C3)o2)cc1","Cc1ccc(-c2nnc(SCC3CCCO3)[nH]2)cc1","CC(=O)N1CCC(C)(C(=O)N(C)c2ccc(C)cn2)C1","CC(O)(CNC(=O)c1ccc(F)c(Cl)c1)C(=O)O","O=C(COc1cccc2c1CCCC2)N1CCOCC1","CC(=O)NCC(=O)N1CCCC(Nc2ccccc2)C1","O=C(O)CCc1ccc(NC(=O)c2ccsc2)cc1","CCC1CCN(S(=O)(=O)N(C)C2CC(N)C2)CC1","Cc1nc(C2CCCCN2C(=O)c2cc(C)on2)n[nH]1","COc1cc(CCNC(=O)C2(C(=O)O)CC2)ccc1C","Cn1ncnc1NC(=O)C1CCCN(C(=O)C2CC2)C1","O=C(O)CCN1CCC(OCCCc2ccccc2)C1","O=C(CS(=O)(=O)C1CCOCC1)N1CCCCC1","O=C(CS(=O)(=O)C1CCOCC1)N1CCCCC1","O=C(CS(=O)(=O)C1CCOCC1)N1CCCCC1","O=C(CS(=O)(=O)C1CCOCC1)N1CCCCC1","O=C(CS(=O)(=O)C1CCOCC1)N1CCCCC1","O=C(CS(=O)(=O)C1CCOCC1)N1CCCCC1"
m_62dd85,"CC(C)COC(=O)N1CCCN(C(=O)C2C3CCCCC32)CC1","Cc1nn(C)c(C)c1CNC(=O)c1cncc(Br)c1","Cc1nn(C)c(C)c1CC(=O)NC(C)c1ncc(C(=O)O)s1","COc1ccc(S(=O)(=O)N(C)Cc2cc(OC)ccn2)cc1","Cn1cccc1C(=O)NC(CC(=O)O)c1ccc(Cl)c(F)c1","NC(=O)C1CN(C(=O)CC2(O)CCCCC2)CC1C(F)(F)F","CCOC1CC(NC(=O)CCCNC(=O)c2ccco2)C1(C)C","CNC(=O)CC1(O)CCCN(c2ncc(Cl)c(C)c2C#N)C1","CC(C)C(NCc1nc(C(F)(F)F)cs1)C1(CO)CCC1","Cc1nn(C)cc1C(C)NC(=O)N(Cc1ccc(F)cc1)CC1CC1","CCn1cc(CCN(C)CC2CCCN(C)C2c2ccnn2C)cn1","CCOc1cc(N(C)CC2CCCN(C)C2c2ccnn2C)ncn1","O=C(c1sc2ccccc2c1Cl)N1CCCC(c2nnc[nH]2)C1","O=C(NCCc1nc2c(s1)CCCC2)c1ccc2c(c1)COCO2","O=C(O)CN1CCN(C(c2ccccc2)c2ccccc2Cl)CC1","COc1cc(C)nc(N2CCN(C(=O)CCn3cc(C)cn3)CC2)n1","Cn1cc(CC2CCN(C(=O)NCc3cn4ccsc4n3)C2)cn1","CC(C)c1nc(C2CCCN2CC(=O)Nc2nncs2)no1","CN(C)c1cc(CNC(=O)CN2C(=O)C3CCCCC3C2=O)ccn1","Cn1cnnc1C1CCCN1C(=O)c1cccc2[nH]c(C(F)F)nc12","CC(C)COC(=O)N1CCCN(C(=O)C2C3CCCCC32)CC1","CC(C)COC(=O)N1CCCN(C(=O)C2C3CCCCC32)CC1","CC(C)COC(=O)N1CCCN(C(=O)C2C3CCCCC32)CC1","CC(C)COC(=O)N1CCCN(C(=O)C2C3CCCCC32)CC1","CC(C)COC(=O)N1CCCN(C(=O)C2C3CCCCC32)CC1"
m_637284,"Cc1nc(C2CCCN(C(=O)c3ccc4c(c3)CCCC4)C2)no1","CCN(Cc1ccccc1C(=O)O)CC1COc2ccccc2O1","COC1CC(c2ncc[nH]2)N(S(=O)(=O)c2cn(C)nc2C)C1","Cn1ccc(C(=O)N2CC(c3nc(C4CC4)n[nH]3)C(C3CC3)C2)c1","O=C(Cc1n[nH]c2ccccc12)N1CCCC1CC1CCCCC1","Cn1nccc1C(=O)NC(CC(=O)O)c1ccc(Cl)c(F)c1","CCCc1occc1C(=O)N1CC2(CCOCC2)c2ccccc21","Cc1ccc(S(=O)(=O)NCc2nccn2CC(C)C)cc1F","CCc1ccc(-c2noc(C3CN(C)CC3C(F)(F)F)n2)cc1","COc1nccc(C(=O)N2CCCCC2CCc2ccccc2)n1","Cc1ccc(S(=O)(=O)N2CCCC2c2ncc[nH]2)c(Cl)c1","COC1CC(c2ncc[nH]2)N(S(=O)(=O)c2cn(C)c(C)n2)C1","CCNS(=O)(=O)C1CCN(C(=O)c2cc(C)n(CC)c2C)C1","O=C(Cc1c[nH]c2ncccc12)N(CC1CCC1)CC(F)(F)F","CC(=O)N1CC(c2nc(Cc3cccc(C(F)(F)F)c3)no2)C1","CC(C)Cc1noc(CN2CC(CO)Oc3ccccc32)n1","Cn1ccnc1C1OCCC1C(=O)NCc1nc2ccccc2[nH]1","Cn1nccc1C1CCN(C(=O)c2ccnc3c2nnn3C)CC1","CCc1ccc(C(=O)N(C)CC2COc3ccccc3O2)c(O)c1","CCN(C)S(=O)(=O)c1c(C)nn(Cc2ccc(F)cc2)c1C","CCC1(Cn2cc(-c3nc(-c4ccc(C)cc4)no3)nn2)COC1","Cn1nccc1C(NC(=O)CC1CCc2ccccc2C1)C(=O)O","CCn1cc(C2OCCCC2NS(=O)(=O)c2ncc[nH]2)cn1","Cc1cc(NC(=O)CN(C)Cc2ccccc2OC(F)F)no1","Cc1nc(C2CCCN(C(=O)c3ccc4c(c3)CCCC4)C2)no1"
m_64030c,"CC(C)CC1C(=O)NCCN1C(=O)c1cccc(-c2cnco2)c1","CN(Cc1ncon1)C(=O)c1ccc2c(c1)[nH]c(=O)n2CC1CC1","COc1cc(C)c(S(=O)(=O)N2CCCC2C(=O)O)cc1OC","Cn1ccnc1SCc1cccc(C(=O)NCC(F)(F)F)c1","CC(Oc1ccc(F)cc1Cl)C(=O)N1CCC(C(=O)O)CC1","CCc1cccc(CN2CC(C(=O)O)C(c3cnn(C)c3C)C2)c1","O=C(NC1CCN(CC2CCOC2)CC1)c1cc2ccccn2c1","CC(C)c1oc(-c2ccccc2)nc1C(=O)N1CCC(C(N)=O)C1","Cc1cc(CN2CCC(N3CCOCC3)C2)ccc1-n1cncn1","O=C(c1ccc2c(c1)CCC2)N1CCC(C(=O)O)(C(F)(F)F)C1","OC1CC(Cn2cccn2)CC1NCc1ccc2c(c1)CCOC2","OC1CC(Cn2ccnc2)CC1NCc1cccc2c1CCOC2","Cn1nc(-c2ccccc2)cc1C(=O)NC1CCCCC1C(=O)O","CC(NCC(=O)N1CCCCCC1)c1cn(-c2ccccc2)nn1","CC1CCCCC1NC(=O)CSc1nc(-c2ccccc2)c[nH]1","COc1ccc2c(c1)CC(NC1CCOC1c1nccn1C)CC2","Cc1nc(CCC(=O)N2CC(C)NC(C)C2)oc1-c1ccccc1","Cc1nnc(C2CN(Cc3ccc4c(c3)ncn4C)CC(C)O2)o1","Cc1ccc(N2CCCC(n3cc(C(=O)N(C)C)nn3)C2=O)cc1","CNC(=O)NC(=O)CNc1cccc(CS(=O)(=O)C(C)C)c1","Cc1nc(C2CCCN2C(=O)C2Cc3ccccc3C(=O)O2)no1","Cc1cc(C)n(-c2ccc(CNC(=O)N3CCCCC3C)cn2)n1","CN1CCN(c2ccc(-c3noc(CCC4(C)CC4)n3)nc2)CC1","CNC(=O)c1cc(OC)ccc1NC(=O)c1coc(C2CCC2)n1","CC(=O)N1CCC(NC(=O)c2cnn(-c3ccncc3)c2)CC1C"
m_64306c,"CCOc1ccc(S(=O)(=O)NC2CCCN(c3ccnn3CC)C2=O)cn1","O=S(=O)(c1ccc2c(c1)OCCCO2)N1CCOC(c2ccc(F)cc2)C1","CC1c2nnc(C3CCCC3)n2CCN1C(=O)Nc1cnn(-c2ncccn2)c1","CC(C)c1cccc(CN2CCC(N(CC(F)(F)F)S(C)(=O)=O)CC2)n1","Cn1cc(C2CN(S(=O)(=O)c3ccc4c(c3)OCCCO4)CC2CO)cn1","COc1cc(CNc2cc(-c3cccs3)nn2CCO)cc(Cl)c1OC","O=C(O)c1cccc(N2CCN(Cc3cc(Br)ccc3F)CC2)n1","Cc1nn(C)c(C)c1C1CCCN1S(=O)(=O)c1cnn(C2CCOCC2)c1","NCCC1CCC(NC(=O)C(=O)N2CC(CO)C(c3ccc(Cl)cc3)C2)C1","Cc1cc2nc(C)c(CCC(=O)N3CCN(c4ccccc4O)CC3)c(C)n2n1","Cc1ccc(-c2nc(NC(=O)c3ccc(-n4cncn4)c(F)c3)sc2C)cc1","CN(C)c1nccc(N2CCN(C(=O)C3CC34CCOc3ccccc34)CC2)n1","Cc1sc(NC(=O)C23CC4CC(C(=O)N2)C3C4)nc1-c1ccc2c(c1)CCC2","CC(C)C(NC(=O)Cn1cnc2c(oc3ccccc32)c1=O)c1ccc(F)cc1","COc1ccccc1N1CC(C(=O)N2CCCN(c3ccccc3)CC2)CC1=O","COC(=O)CC(NC(=O)C1CCCN(C(=O)N2CCCC2)C1)c1cccs1","Cc1nc(-c2ccc(S(=O)(=O)N(C)CCN3CC(C)OC(C)C3)cc2)co1","Cn1c(CN2CCC3(CC2)CC3C(=O)N2CCCCC2)nnc1-c1ccccc1","Cc1cc(S(=O)(=O)Nc2cn(CC(C)C)nc2C(F)F)sc1C(=O)O","CNC(=O)c1ncoc1C1C2CC1N(C(=O)Cc1ccc(Cl)cc1Cl)C2","O=S(=O)(c1ccc2ccccc2c1)N1CCS(=O)(=O)C2(CCCCC2)C1","Cc1cc(C)nc(-n2cc(C(=O)Nc3cc(C4CCCC4)[nH]n3)c(C(C)C)n2)n1","CC(=O)NCC12CC(C(=O)NCc3cccc(F)c3F)(C1)C1(CCNCC1)O2","CCOc1ccc(S(=O)(=O)NC2CCCN(c3ccnn3CC)C2=O)cn1","CCOc1ccc(S(=O)(=O)NC2CCCN(c3ccnn3CC)C2=O)cn1"
m_65a7ff,"COc1cccc(CC(=O)N2CCc3ccc(NC(=O)C4(C)CC4)cc32)c1","CN(Cc1noc(C(C)(C)C)n1)C1CCN(Cc2ccccc2)C1=O","CN=S1(=O)CCCC2(CCCN2C(=O)c2ccc3c(c2)OCCO3)C1","O=C(Nc1cccc(OCc2cscn2)c1)C1COc2ccccc2C1","CCc1ccccc1NC(=O)CN(C)Cc1cc(=O)n2cc(C)ccc2n1","CC1CCCN(C(=O)c2ccc(NS(=O)(=O)c3cccs3)cc2)C1","NC(=O)c1cc2n(n1)CC1(CCN(CCOCC3CCCO3)CC1)OC2","Cc1ccc(C)c2c(C)c(C(=O)N(C)C3CCOC3c3cccnc3)oc12","COc1ccccc1N1CCC(NC(=O)c2oc3ccccc3c2C)CC1","Cc1nc2c(c(N3CCC(NC(=O)c4ccccc4C)CC3)n1)CCCC2","CC1CN(c2ccc(C(=O)NC(C)c3ccc(C#N)cc3)cn2)CC(C)O1","O=C(Cn1cc(C2CC2)nn1)N1CCOC(c2ccc(F)c(Cl)c2)C1","CN(C(=O)c1cc(=O)[nH]c(C2CC2)n1)C1CCN(Cc2ccccc2)CC1","CC(=O)N1C=Cc2ccccc2C1CC(=O)NC1(C(=O)O)CCCC1","Cc1noc(C)c1C(C)C(=O)Nc1cccc(C(=O)Nc2ccccn2)c1","COc1ccc(CCc2nnc(-c3cnc4onc(C(C)C)c4c3)o2)cc1","Cc1ncc(C(=O)Nc2cc(C(F)(F)F)cc3c2OCC(=O)N3)c(C)n1","O=C(NCCc1cccc2ccccc12)c1ccc(-c2cnco2)cc1","O=C(NCCN1CCCOCC1)NC1CCN(c2ccccc2F)C1=O","CN(Cc1ccc(C(=O)O)cc1)C(=O)CCN1C(=O)CCc2ccccc21","CS(=O)(=O)Cc1nc2ccc(Oc3ccc(Cl)cc3)cc2c(=O)[nH]1","O=C(CS(=O)(=O)Cc1nc2ccccc2s1)N1CCCCCCC1","CCN(C(=O)c1ccn(C)c1C)C1CN(C(=O)c2ccn(C)c2C)C1","Cc1nnc(C2CN(C(=O)C(C)Oc3ccccc3C#N)CCO2)o1","O=C(Cn1ccc(C(F)(F)F)n1)N1CCN(C(=O)c2ccccc2)CC1"
m_6817b1,"CC(C(=O)NCC1CCCCS1(=O)=O)N1CCN(C)CC1","c1csc(N2CCN(Cc3nc(-c4ccoc4)no3)CC2)n1","CCCCc1ccc(CC(=O)N2CCCN(C(N)=O)CC2)cc1","CC(c1ccccc1F)N(Cc1nnc(C(C)(C)C)o1)C1CC1","CC1CCn2ncc(C(=O)N3CCc4cc(F)c(F)cc43)c2C1","CC1c2cc(Cl)cc(Cl)c2CCN1c1cccc(C#N)n1","O=C(Cc1cccc(F)c1F)NCCC(=O)Nc1ccncc1","CN1CCN(C(=O)CCNC(=O)C2CCCC(F)(F)C2)CC1","CC(Cn1ccnc1)NC(=O)N1CCCC(c2nncn2C)C1","CCS(=O)(=O)NCCN1CCCC1CN(C(C)=O)C1CC1","Cc1cc(C(=O)N2CCN(Cc3ccc(F)cc3)CC2C)no1","O=C(c1ccc[nH]1)N1CCCN(c2nc(C3CC3)ns2)CC1","NC(=O)N1CCCN(C(=O)C2(c3ccccc3)CCCO2)CC1","O=C(CCOc1cccc(F)c1)N1CCCC1Cn1cccn1","Cn1cnnc1C1CCCN(C(=O)NCCCn2ccnc2)C1","O=C(NCCn1ccnc1)c1cc(Cl)cc(C(F)(F)F)c1","CN(Cc1ccc(F)c(F)c1)c1ncc(S(N)(=O)=O)s1","CC(C)C(NC(=O)C(C)(C)n1cccn1)c1nc(C2CC2)no1","C=C(C)CC(C)C(=O)Nc1cnn(-c2ccccc2)c1C(F)F","CCN1CCC(CNc2ccc(C(=O)N(CC)CC)cc2)CC1","COCCN1CCN(C(C(=O)NC2CC2)c2ccccc2)CC1","Cc1n[nH]c(C)c1CC(=O)N1CCCC1c1ccc(Cl)cc1","CCN1CCC(N(C)C(=O)CCC(N)c2ccccc2)C(C)C1","O=C(O)C(Cc1ccccc1)Nc1nc(C(F)(F)F)ns1","Cc1cnccc1NC(=O)N1CCCC(C(=O)OC(C)(C)C)C1"
m_6b66aa,"CCn1cc(S(=O)(=O)N(C)C2CCC(C)(C)CC2)nc1C","CC1(NC(=O)c2cc(F)cc3cccnc23)CN2CCC1CC2","C=CCOC1CCN(S(=O)(=O)Cc2cccc(F)c2)CC1","COc1ccc(C(=O)NCC2COc3ccccc3O2)c(O)c1","Cn1ncnc1NC(=O)NC1CC(C)(C)CCc2ccccc21","Cn1cc(C(=O)Nc2ccc(OC(=O)C3CCCC3)cc2)cn1","O=C(NC1CCCC1CO)c1ccc(CCC(F)(F)F)cc1","Cc1ccc(S(=O)(=O)Nc2noc(C(C)(C)C)n2)cc1F","O=C(N=c1sccn1Cc1ccccc1F)c1cccnc1","COc1ncc(Cl)c(N2CC(C)OC3(CCCOC3)C2)n1","CC1(CC(=O)NC(CO)c2cccc(Cl)c2F)CCCC1","Cc1cc(C)n(CC(=O)N2Cc3ccccc3CC2C(=O)O)n1","O=C(c1cc2c(=O)[nH]cnc2cn1)N1CCN(C2CC2)C(=O)C1","CN1CC(O)C(CC(=O)NCc2cccc(-c3nnc[nH]3)c2)C1","CN(C(=O)CNc1ccnc2cc(F)ccc12)C1CCCCC1","COC(=O)CC1CCC(C)(C)CN1c1cc(C(F)F)ncn1","CC(C)(CC(=O)O)CC(=O)NC(c1ccccc1)c1ccco1","CCn1cc(S(=O)(=O)NC2(CC(=O)O)CCCCC2)cn1","CC1(C)CC1(C(=O)O)C(=O)Nc1cccc(-n2cc[nH]c2=O)c1","COc1ccc2c(c1)CCCN2C(=O)Cn1ccnc1C(C)C","CCCS(=O)(=O)CC(=O)NCC1(c2cccc(F)c2)CC1","Cn1nc(C(=O)O)cc1C(=O)NC1CC(C)(c2ccccc2)C1","O=C(Cc1cccc(F)c1)N1CCC(c2ccc(O)cc2)CC1","Cc1c[nH]nc1C(=O)Nc1cc(C(N)=O)ccc1N1CCCC1","CCCCn1cc(C(=O)N2CCOc3cc(C)ccc32)c(C)n1"
m_6d224e,"N#CC1(C(=O)NCC(Cc2ccc3ccccc3c2)C(=O)O)CCOCC1","CN1CCCC(CNC(=O)c2cnc3ccccc3n2)C1c1ccnn1C","COc1ccccc1CCC(=O)NCC1(C(N)=O)CCOCC1","CC(N)C1CCCCN1S(=O)(=O)c1cc(F)ccc1Br","O=C(CN1C(=O)C2C3C=CC(C3)C2C1=O)NCC1(c2ccccc2)CCC1","CC1CCCC(NC(=O)C(=O)N2CCC(N3CCN(C)CC3)CC2)CC1","O=C(NCC1CCCN1c1cccnn1)c1cscc1-c1ccccc1","O=C(Cc1cccc2ccccc12)NCC(=O)N1CCc2sccc2C1","Cc1cccc(Cl)c1S(=O)(=O)N1CC2CCCC2C1C(N)=O","NC(=O)C1(CNS(=O)(=O)c2ccc(Cl)cc2Cl)CCOCC1","CCc1nc(CN2CCOCC2c2c(C)nn(-c3ccccc3)c2C)n[nH]1","CC(CO)(CO)NC(=O)C(=O)N(Cc1cccs1)c1ccc(F)cc1","CCCN(Cc1nnc(-c2cccs2)o1)C(=O)CN1CCC(O)CC1","C=CCN(C1CC1)S(=O)(=O)c1ccc(C(=O)NCC(F)(F)F)cc1","CCOc1ccccc1C(CC(=O)N1CCC(C)(C(=O)O)C1)NC(C)=O","O=C(O)Cn1ccc(NC(=O)C2CC(=O)N(c3ccc(F)cc3F)C2)n1","Cc1cc(NC(=O)c2csc(-c3ccoc3)n2)ccc1S(C)(=O)=O","CC1CCCN(C(=O)c2ccc(NS(=O)(=O)c3cccs3)cc2)C1","Cn1c(CNc2ccc(S(=O)(=O)N3CCCC3)cn2)nnc1C1CC1","Cc1cnn(C)c1S(=O)(=O)NC1CCCN(S(=O)(=O)C2CC2)C1","O=C(NCC1CCN(CC(F)(F)F)CC1)NCC1CCN(C2CC2)C1","Cc1nc(Cn2nnc(NC(=O)NC(C)CN3CCCCC3)c2C)no1","CCOC(=O)N1CCC(C(=O)N2CCC(C)Sc3ccccc32)CC1","CCC(C)n1ncc(NC(=O)N2CC(C)OC(c3ccsc3)C2)c1C","O=C1CC2(CCN(C(=O)NCc3nc(C(F)(F)F)cs3)CC2)CN1"
m_6d3dc0,"O=C(Cc1cn2ccsc2n1)NC(c1ccc(F)cc1)C1CC1","COc1ncccc1CNC(=O)N(Cc1ccccc1F)C1CC1","CC(C)(CNC(=O)c1cc(=O)[nH]c(C2CC2)n1)c1ccccc1F","CCn1cc(C2OCCCC2NC(=O)c2cc(C)nc(O)n2)cn1","Cc1cc(C)c(C)c(OCCC(=O)N2CCCC2c2ncon2)c1","CS(=O)(=O)N1CCC(CNC(=O)NCc2ccc(F)cc2)C1","O=C(O)c1ccc(C(=O)N2CCOC(c3ccccc3F)C2)cc1","Cc1oc(CNC(=O)C2Oc3ccccc3OC2C)cc1C(=O)O","Cc1cc(NC(=O)NCC2CCOC2c2ccc(F)cc2)ccn1","Cc1c(NC(=O)c2cnn(C(C)(C)C)c2C)cnn1C1CCCC1","O=C(O)CCc1ccc(NC(=O)c2cc3c(s2)CCOC3)cc1","NC(=O)C(NCCNC(=O)Cc1cccc(F)c1)c1ccccc1","CN(Cc1cccc(F)c1)C(=O)C1CCN(S(N)(=O)=O)CC1","O=S(=O)(Cc1cccc(F)c1)Cc1cc(-c2ccccc2)on1","CCOC(=O)c1ccccc1N(CC)C(=O)c1cc(C)nn1CC","COCc1cc(N2CCC(Cc3nnn[nH]3)C2)nc(C(C)(C)C)n1","CN(Cc1nccn1CC(F)(F)F)C(=O)CC1CC2CCC1C2","COc1cc2c(cc1OC)CN(C(=O)Cc1ccc(F)cc1)CC2","CN(C)c1ccc(C(=O)N2CC(CO)C(c3cnn(C)c3)C2)nc1","CN(C)c1n[nH]c(C2CCN(C(=O)COc3ccccc3)CC2)n1","Cc1nnc(CC2CCC(NC(=O)c3ccc4c(c3)OCO4)C2)o1","CCC(NC(=O)N1CCCC(c2nc(C)no2)C1)c1ccncc1","O=C(Nc1ccnn1CC1CCOC1)C1COc2ccccc2O1","Cc1cc(CN2CCN(C(=O)c3cccnc3N(C)C)CC2)on1","CCC(c1ccncc1)N(C)C(=O)NC(C)Cc1ccc(F)cc1"
m_6d9287,"Cc1cccc(C(C)C)c1NC(=O)c1cnccn1","CC1c2cccn2CCN1C(=O)c1cccnc1O","CC1(C(=O)N2CCC(O)(C(=O)O)CC2)CCCC1","CCc1cc(NC(=O)c2ccnnc2C)ccc1C","Cc1ccc2c(c1)N(Cc1cncnc1)CC(C)O2","CC1CC(CO)CCN1C(=O)CCC1CCCO1","Cc1ccc(NC(=O)c2cccc(C)c2O)c(C)c1","CC1CCCN1c1cc(C(N)=O)c2ccccc2n1","CC(NC(=O)c1cc(=O)[nH]c(C2CC2)n1)C(F)F","C#Cc1ccc(C(=O)N2C3CCC2CC(O)C3)cc1","CCc1ncnc(N2CCOCC2CCO)c1F","COc1ccnc(NCC2(c3ccccc3)CC2)n1","Cc1cc(C(=O)N2CCCCc3ccccc32)[nH]n1","CC(N(C)C(=O)c1ccc2[nH]cnc2c1)C1(C)CC1","CN(C)CC1CN(CCN2CCCC2=O)CCO1","CCc1c(N)cnn1-c1ccc(C(F)(F)F)cc1","O=C(Nc1ccc2cn[nH]c2c1)c1ccccc1F","CC(=O)N1CCCN(C(=O)C(N)CC(C)C)CC1","COC1(CC(=O)NCC2(CO)CCCC2)CCC1","O=C(NC1CCCCCC1C(=O)O)C1CCCO1","CCOC(=O)C1CCCN(C2CC(OCC)C2)C1","O=C(O)C1CC2OCCC2N1C(=O)C1CCCO1","O=C(CC1CCCCC1)NCC1(O)CCOCC1","COCCC(=O)Nc1cnn(C(C)(C)C(=O)O)c1","Cc1cc(NC(=O)NC2CC2C)cnc1C(F)F"
m_6e1c94,"O=c1cc(CN2CCOC(c3ccccc3F)C2)[nH]c2ccnn12","Cc1ccnc(C(NC(=O)Cc2ccc([N+](=O)[O-])cc2)C2CC2)n1","Cc1cc(C(=O)N2CCc3sccc3C2)c2c(=O)[nH]n(C)c2n1","Cc1cc(C2CN(c3ncnc4onc(C)c34)CCO2)ccc1F","O=C(O)c1ccccc1OCCN1CCN(c2ncccn2)CC1","CC(NC(=O)NC1CCN(c2ccccn2)C1)c1cccc(O)c1","Cn1cc(C(=O)NCc2cc(C#N)ccc2F)c(C2CCOC2)n1","CCNc1cc2c(nn1)CCN(C(=O)C(C)c1cc(C)oc1C)C2","CCc1nnc2n1CC(CNCc1nc(-c3ccco3)no1)CC2","CC1CC(c2ccc(F)cc2)CN1C(=O)c1ccc(C(=O)O)nc1","COc1cc(N2CCN(c3ccc4nncn4n3)CC2)ccc1F","Cc1cc(C)c(CNC(=O)C2CCCOC2c2nccn2C)cn1","Cn1cc(C2CN(S(=O)(=O)CC(C)(C)C)CC2C(N)=O)cn1","c1cc(C2OCCC2NCc2ncc(C3CC3)o2)n(CC2CC2)n1","Cc1n[nH]c(C)c1C1COCCN1C(=O)c1ccc2[nH]nnc2c1","CCc1ccc(C(COC)NS(=O)(=O)c2ccccc2)o1","CC(C)c1cc(N2CCCC(c3nncn3C)C2)nc(C(C)C)n1","CC(C)Cc1ccc(CNC(c2nnc3n2CCC3)C(C)C)cc1","Cn1cc(C2(C)CN(c3cc(N4CCCC4)ncn3)CCO2)cn1","N#Cc1cnc(N2CCCC(c3nncn3C3CC3)C2)c(Cl)c1","CC(C)n1cc(C2CN(c3ccc(F)cc3C#N)CC2CO)cn1","CSc1ccc(C(CNc2ncnc3nc[nH]c23)N(C)C)cc1","CC1Oc2ccc(NC(=O)c3cc4c(s3)CCC4)cc2NC1=O","CC(C)n1ncc2cc(C(=O)NCCc3ccc(F)cc3)cnc21","CC(C1CC1)N(C(=O)COc1cccc(-n2cncn2)c1)C1CC1"
m_6ebcf9,"CCS(=O)(=O)c1ccc(N2CCC(NC(=O)CC3CCCC3)CC2)cc1","C[S+]([O-])Cc1cccc(NS(=O)(=O)c2ccc(F)c3ncccc23)c1","Cc1cc(C(=O)N2CCOC(C(=O)O)C2)c2cc(Br)ccc2n1","CC(C)Cc1noc(CNc2cc(Cl)ccc2N2CCC(CO)CC2)n1","O=C1c2oc3ccccc3c(=O)c2C(c2ccccc2F)N1c1nccs1","COc1cc(C(=O)N(C)CC2CC(F)CN2c2ccnc(N(C)C)n2)on1","CCCN1CC(C(=O)Nc2ccc(-n3ncc4c(=O)[nH]cnc43)cc2)CC1=O","O=C(O)CCC1CCCN(C(=O)C2CCN(c3ccc(Cl)cc3)C2=O)C1","CC1(C)CN(C(=O)C2CCCN2C(=O)Cc2ccccc2)CCS1(=O)=O","CCOC(=O)Nc1ccc(NC(=O)C2CCOc3ccccc32)cc1","Cc1cccc(C)c1CCNS(=O)(=O)N1CCC(C(=O)O)CC1","Cc1cc(C(=O)N2CCN(C(=O)Cc3ccccc3O)CC2)c(C)o1","O=C(Nc1cnn(CC(F)(F)F)c1)NC1COc2ccccc2C1","CN(C)c1nccc(C2CN(C(=O)c3cc(C#N)cn3C)CCO2)n1","CC(CNC(=O)NCc1cc(C#N)ccc1F)N1CCOCC1C","O=S(=O)(NC1CCN(S(=O)(=O)c2ccccc2)CC1)c1ccccc1","CCC1CCC(C(=O)NCC2CCC(CNC(=O)C3CCCO3)CC2)CC1","O=S(=O)(c1ccc(Cl)s1)N1CCCN(CCC2CCCO2)CC1","COc1cc(-c2noc(Cn3cnc(C)c(C)c3=O)n2)ccc1OC(F)F","Cc1sc(C(=O)N2CCC(C(=O)O)C2)cc1S(N)(=O)=O","Cc1sc2ncn(CCC(=O)N3CCC(O)(C(N)=O)CC3)c(=O)c2c1C","Cc1cccc(OC(C)C(=O)N2CCCC(c3nc4ccccc4o3)C2)c1C","Cc1ccc(S(=O)(=O)Nc2ccc(C(=O)N3CCC(C)CC3)cc2)s1","CC1(C)COc2c(C(=O)N3CCCC(Cn4cncn4)C3)cccc21","CCc1ccccc1CC(=O)N1CCCC(S(=O)(=O)NC2CCCC2)C1"
m_6f127a,"O=C(c1coc(CC2CC2)n1)N1CC(O)CC1c1cccc(F)c1","O=C(c1coc(C2CCC2)n1)N1CC(O)CC1c1ccc(F)cc1","CCC1(CC)CCC(NC(=O)N2CCC(S(C)(=O)=O)C2)CC1","COc1nc(C)ccc1C(=O)N1CCOCC1c1c(C)n[nH]c1C","CC(Cc1ccccc1F)NC1CCCN(c2ccn(C)n2)C1=O","Cn1cc(N2CCCC(n3cc(CC(O)C4CC4)nn3)C2=O)cn1","Cn1cc(N2CCCC(n3cc(CC4(O)CCC4)nn3)C2=O)cn1","COc1cccc(CC(=O)N2CC(O)CC2c2cccc(F)c2)n1","COC1CC(c2nc(C3CC3)n[nH]2)N(C(=O)C=C2CCCCC2)C1","CCOc1ccnc(N2CCN(C(=O)c3cn[nH]c3CC)CC2)n1","NS(=O)(=O)NC1CN(c2ncc(C(F)(F)F)cc2Cl)C1","O=C(NCCc1ccccn1)Nc1nc2c(s1)CCCCCC2","CC(C)n1cc(C(=O)NC2CC(=O)N(c3ccccc3F)C2)cn1","O=C(c1ccnc(OC2CCC2)c1)N1CCC(N2CCNCC2)C1","Nc1nccc(C2CCCN(C(=O)COc3ccc(F)cc3)C2)n1","CCOc1ncccc1-c1nc(C2(NC(C)=O)CCCCC2)no1","Cn1c(CNC(=O)C2Cc3cccc(F)c3O2)nnc1C1CCC1","O=C(c1coc(CC2CC2)n1)N1CC(O)CC1c1cccc(F)c1","O=C(c1coc(CC2CC2)n1)N1CC(O)CC1c1cccc(F)c1","O=C(c1coc(CC2CC2)n1)N1CC(O)CC1c1cccc(F)c1","O=C(c1coc(CC2CC2)n1)N1CC(O)CC1c1cccc(F)c1","O=C(c1coc(CC2CC2)n1)N1CC(O)CC1c1cccc(F)c1","O=C(c1coc(CC2CC2)n1)N1CC(O)CC1c1cccc(F)c1","O=C(c1coc(CC2CC2)n1)N1CC(O)CC1c1cccc(F)c1","O=C(c1coc(CC2CC2)n1)N1CC(O)CC1c1cccc(F)c1"
m_6f3a5c,"Cc1cc(C)c(CN2CCCC(CNS(N)(=O)=O)C2)c(C)c1","CCc1nn(C)c2[nH]nc(NC(=O)C3CCc4cccc(O)c43)c12","Cc1cc(C)cc(C(=O)N2CC3CC2C3c2ocnc2C(N)=O)c1","CCOc1ccc(C2CC2NC(=O)c2cn(C)nc2C2CC2)cc1","O=C(O)C1CCCN(S(=O)(=O)c2ccc3c(c2)CCCO3)C1","CCCC(C(=O)NCc1nc2cc(F)ccc2[nH]1)c1ccccc1","CCS(=O)(=O)c1ccc(NCC(C)N2CCN(C)CC2)cc1","O=C(O)C1CCCCN1S(=O)(=O)c1csc2ccccc12","COc1ccc(CCNc2nc3ccccc3c(=O)[nH]2)cc1OC","CCCC(C(=O)N1CCOc2ccc(O)cc2C1)c1ccccc1","Cc1ccc(OCC(=O)Nc2ccc(NC(=O)C3CC3)nc2)cc1","CC(=O)Nc1cccnc1NC(=O)CC1CCOc2ccccc21","CCC(C)N(CC(=O)O)S(=O)(=O)c1ccc2c(c1)CC(C)O2","Cc1ccc(C(=O)NCc2cccnc2OC2CCCC2)c(=O)[nH]1","CNC(=O)C1CCCN1C(=O)NCC(C)c1ccc(F)c(F)c1","CC1(C)COc2c(C(=O)Nc3cccc(CC(=O)O)c3)cccc21","Cc1c(C2C(CNc3nccnc3C#N)CC(=O)N2C)cnn1C","Cc1cc(C)c(CN2CCCC(CNS(N)(=O)=O)C2)c(C)c1","Cc1cc(C)c(CN2CCCC(CNS(N)(=O)=O)C2)c(C)c1","Cc1cc(C)c(CN2CCCC(CNS(N)(=O)=O)C2)c(C)c1","Cc1cc(C)c(CN2CCCC(CNS(N)(=O)=O)C2)c(C)c1","Cc1cc(C)c(CN2CCCC(CNS(N)(=O)=O)C2)c(C)c1","Cc1cc(C)c(CN2CCCC(CNS(N)(=O)=O)C2)c(C)c1","Cc1cc(C)c(CN2CCCC(CNS(N)(=O)=O)C2)c(C)c1","Cc1cc(C)c(CN2CCCC(CNS(N)(=O)=O)C2)c(C)c1"
m_6f414f,"O=C(Nc1ccc(-n2cccn2)nc1)N1CCCC2(CCOCC2)C1","O=C(Nc1cccc(CS(=O)(=O)Cc2ccccc2)c1)C1CCC1","Cn1c(N2CCC(Nc3cccc4nncn34)C2)cc(=O)n(C)c1=O","CC(C)(C)CC(=O)NCC(=O)Nc1cccc(Oc2ccncc2)c1","CN(C(=O)NCCCn1ccnc1)C1CCCN(c2ccccc2)C1","Cc1n[nH]nc1C(=O)NC1CCN(c2ccc(C(C)(C)C)cc2)CC1","Cc1cc(C(=O)NCCc2nncn2C(C)C)c2c(C)nn(C)c2n1","Cc1cc(C)n(-c2ccc(CNC(=O)N(C)CC3CCCC3)cn2)n1","Cc1nn2cccnc2c1C(=O)NCCc1nc2c(s1)CCCC2","O=C(NC1CC(Cn2ccnc2)CC1O)c1cccc2c1CCOC2","CCn1nc(C)c(NC(=O)NC2CCN(C)C2c2ccccc2)c1C","CCc1nsc(N2CCOC(c3ccc(OC(F)F)cc3)C2)n1","O=C(NC1CCC(C(F)(F)F)CC1)c1ccc2[nH]c(CO)nc2c1","N#Cc1nc(NCC(C(=O)O)C2CCOCC2)ccc1C(F)(F)F","Cc1cccc2nc(C3CCN(Cc4ncccc4Cl)CC3)oc12","Cc1cc2cc(CN3CCC(N4CCCNC4=O)CC3)oc2cc1C","CC(NC(=O)c1ccsc1)c1ccc(-n2cc(C(N)=O)nn2)cc1","CNC(=O)NCc1cn(Cc2ccc(F)cc2Br)nn1","Cc1oc(Br)cc1C(=O)N1CCC2(C(=O)O)CCCC12","CC1CCCCN1C(=O)Nc1cc(C(C)(C)C)nn1-c1ccccn1","Cc1cc(CN(C)C(=O)c2cc(C3CC3)nc3c2c(=O)[nH]n3C)no1","Cc1nc(C2CC2)oc1C(=O)N1CCCC1c1ccc(N(C)C)nn1","Cc1noc(C)c1C(C)CNC(=O)N(C)CC1(c2ccccc2)CC1","CC1CN(C(=O)CSc2nncs2)c2cccc(Cl)c2O1","Cc1cc(C)n(C(C)CC(=O)N2CCc3cccc(C(=O)O)c3C2)n1"
m_6f45e5,"Cc1ccccc1Oc1ccccc1CNC(=O)C1CCC(=O)NC1","O=C1OCCN1c1cccc2c1CCN(CC(O)COCc1ccccc1)C2","CCn1ccnc1C1OCCCC1NC1CCN(CCc2ccccc2)CC1","NC(=O)c1cc(C(=O)N2C(C(=O)O)CC3CCCCC32)nn1-c1ccccc1","CN1CCn2nc(C(=O)NC3CCCC3N3CCNCC3)cc2S1(=O)=O","NC(=O)C(c1ccccc1)N1CCN(C(C(N)=O)c2ccccc2)CC(O)C1","Cc1cccc(Cn2cccc(C(=O)N3CCCCC3CCC(=O)O)c2=O)c1","O=C(O)c1cnc(N2CCCC(c3n[nH]cc3NC(=O)C3CCCC3)C2)cn1","COc1ccc2[nH]cc(C3CCN(C(C(=O)O)c4ccc(F)cc4)CC3)c2c1","CCOc1ccc(CN(CC)C(=O)c2cnc3cc(C)nn3c2C)cc1OC","CC1(C)Cc2c(cnn2-c2ccccc2F)CN(C(=O)C2CC23CCNC3)C1","Cc1cc(C)cc(C(=O)N2CCCC(C(=O)NC(C)c3cccc(F)c3)C2)c1","O=C(CN1CCc2[nH]ncc2C1)Nc1ccc(Oc2ccccc2Cl)cc1","CCOc1ccccc1CNC(=O)N1CCCC1c1cccc2c1OCCO2","O=C(CCNC(=O)c1ccc(Cl)cc1)NCc1cccc(C(F)(F)F)c1","O=C(NCc1ccnc(O)c1)C1CCOC1c1cnn(-c2ccccc2F)c1","Cc1ccc2nc(C3CC3)cc(C(=O)N(CCC(=O)O)CC3CCCO3)c2c1","O=C(C1CCN(c2cnccn2)CC1)N1CCCC(Nc2ccccc2)C1","Cc1nn(C)c2ncc(C(=O)NCCCN3C(=O)NC4(CCCC4)C3=O)cc12","CCn1cnc2c1CCN(CC(=O)NCc1cccc(C)c1)C21CCOCC1","Cc1ccc2c(c1)C(NC1CCN(C(=O)c3ccccc3F)CC1)CCCO2","COCc1ccc(CNC(=O)CN2CC(c3ccccc3)OCC2(C)C)cc1","Cc1ccc(Oc2ccc(NC(=O)N3CCN4CCOCC4C3)cn2)cc1C","Cc1ccccc1C1(CNC2CCCN(c3cnn(C)c3)C2=O)CCOCC1","Cc1ccccc1Oc1ccccc1CNC(=O)C1CCC(=O)NC1"
m_70464b,"Cc1occc1C(=O)N1CCS(=O)(=O)C(C)(C)C1","CCN(Cc1ccccc1F)C1CCS(=O)(=O)C1","COc1ccc2c(c1)CCCN2C(=O)c1occc1C","COC1Cc2ccccc2N(C(=O)c2ccnn2C)C1","COc1ccccc1NC(=O)COc1ccccc1O","Oc1cc(NCc2ccc3c(c2)OCCCO3)ncn1","Cc1occc1C(=O)N1CCS(=O)(=O)C(C)(C)C1","Cc1occc1C(=O)N1CCS(=O)(=O)C(C)(C)C1","Cc1occc1C(=O)N1CCS(=O)(=O)C(C)(C)C1","Cc1occc1C(=O)N1CCS(=O)(=O)C(C)(C)C1","Cc1occc1C(=O)N1CCS(=O)(=O)C(C)(C)C1","Cc1occc1C(=O)N1CCS(=O)(=O)C(C)(C)C1","Cc1occc1C(=O)N1CCS(=O)(=O)C(C)(C)C1","Cc1occc1C(=O)N1CCS(=O)(=O)C(C)(C)C1","Cc1occc1C(=O)N1CCS(=O)(=O)C(C)(C)C1","Cc1occc1C(=O)N1CCS(=O)(=O)C(C)(C)C1","Cc1occc1C(=O)N1CCS(=O)(=O)C(C)(C)C1","Cc1occc1C(=O)N1CCS(=O)(=O)C(C)(C)C1","Cc1occc1C(=O)N1CCS(=O)(=O)C(C)(C)C1","Cc1occc1C(=O)N1CCS(=O)(=O)C(C)(C)C1","Cc1occc1C(=O)N1CCS(=O)(=O)C(C)(C)C1","Cc1occc1C(=O)N1CCS(=O)(=O)C(C)(C)C1","Cc1occc1C(=O)N1CCS(=O)(=O)C(C)(C)C1","Cc1occc1C(=O)N1CCS(=O)(=O)C(C)(C)C1","Cc1occc1C(=O)N1CCS(=O)(=O)C(C)(C)C1"
m_70fe91,"Cn1ccnc(NC2CCN(c3ccc(Br)cc3)C2)c1=O","O=C(NCCc1csc(N2CCCC2)n1)N1CCC2CCCCC21","CCS(=O)(=O)c1ccc(NC2CCc3nc(C(C)C)nn3C2)cc1","COc1cc(=O)[nH]cc1C(=O)N(C)C(c1ccccc1Cl)C(C)C","Cn1nncc1C(=O)N1CCC(C)(C)c2ccc(Br)cc21","Cc1noc(CCCc2nnc(-c3ccc(Br)cc3)o2)n1","O=C1CCCc2cc(S(=O)(=O)NCCC3=CCCCC3)ccc2N1","CN(C(=O)c1cccc(S(C)(=O)=O)c1)c1cc(Cl)ccc1C#N","CN(C)S(=O)(=O)c1cccc2c1CCN(C(=O)CC1C=CCC1)C2","CC(C)S(=O)(=O)CC(=O)N1CC(n2cc(-c3ccccc3)nn2)C1","Cc1oc(S(=O)(=O)N(C)C)cc1C(=O)Nc1ccc2c[nH]nc2c1","COCCN(c1nc2ccccc2s1)S(=O)(=O)c1ccccc1","CN(CCc1ccc(Br)cc1)Cc1ncccc1C(=O)O","CNS(=O)(=O)c1cc(C(=O)N2CCC(c3ccccc3C)C2)co1","CNS(=O)(=O)N1CCOC(c2ccc(Br)cc2)C1C","CC(C)c1cc(C(=O)N2CCN(C(=O)NC3CCCCC3)CC2)no1","O=c1oc(-c2ccco2)nn1Cc1nn(-c2ccccc2)c2c1CCC2","O=C1c2cnn(-c3ccccc3)c2CN1CC(=O)N1C2C=CCC1CC2","Cc1nn(C(C)C)cc1C(=O)NC(C)C(C)NC(=O)C1CCCCC1","CCOC(=O)NCCC(=O)Nc1ccc(-n2nc(C)cc2C)c(F)c1","CN(C)Cc1cc(C(=O)NC2CCN(c3ccc(Cl)cc3)C2)no1","COC1CN(c2ncc(Br)cc2C#N)CC1c1c[nH]nn1","Cc1c(C(=O)N2CCNCC2)cnn1-c1cccc(Br)c1","CC(=O)Nc1ccc(NC(=O)c2ccc(-n3nc(C)cc3C)cc2)cc1","Cc1cc(Br)ccc1N(C)C(=O)c1coc(CC2CC2)n1"
m_70ff2a,"Cc1cccnc1CCNC(=O)c1cc(C2CCOCC2)nn1C","CN1CC2C(CCCN2C(=O)NCc2ccc(C#N)c(F)c2)C1=O","Cc1ccc(C(=O)NCc2nc(-c3cccc(Cl)c3)no2)cn1","CNC(=O)c1cccnc1N1CCCN(Cc2cnn(C)c2)CC1","CNC(=O)c1ccc(CNCC2CCOC2c2cnn(C)c2)cc1","CN1CCC(N2CCC(NC(=O)c3ccc(F)c(C#N)c3)C2)CC1","COc1ccc(C(C)NC(=O)Cn2nnc3ccccc32)cc1F","Cc1cc(C)c(CNC(=O)C2CCCOC2c2nccn2C)cn1","CC(=O)NC1(c2nc(C)no2)CCN(c2ccnc(C3CC3)n2)C1","NCC1CCN(C(=O)c2cccnc2Nc2cccc(F)c2)CC1","CC(C)c1nc(C2CCCCN2Cc2nnnn2C)n[nH]1","CN(C)C(=O)C1CCC(C2CCN(c3ccncc3C#N)CC2)O1","O=c1cc(CN2CCOC(c3ccccc3F)C2)[nH]c2ccnn12","COc1ccccc1N(CC(F)(F)F)C(=O)c1ccncc1F","CCc1nc(C2CCCN(C(=O)c3cccc(C(N)=O)c3)C2)no1","Cc1nn(C)cc1CC(=O)NC1CCOCC1Nc1ccncn1","Cn1ccnc1C1C(NC(=O)c2ccoc2)CCC(=O)N1C1CC1","CCOc1ccccc1N1CCN(C(=O)c2c[nH]c(CC)n2)CC1","Cc1cccnc1N(C)C(=O)C1CCOC1c1ccnn1C(C)C","CCc1cc(C(=O)NC2CCN(Cc3ccc(F)cc3)CC2)[nH]n1","CN(Cc1cccnc1)CC1CCN(C(=O)NC2C=CCCC2)C1","Cc1cccnc1CCNC(=O)c1cc(C2CCOCC2)nn1C","Cc1cccnc1CCNC(=O)c1cc(C2CCOCC2)nn1C","Cc1cccnc1CCNC(=O)c1cc(C2CCOCC2)nn1C","Cc1cccnc1CCNC(=O)c1cc(C2CCOCC2)nn1C"
m_7108be,"O=C(NCC1(O)CCSC1)c1cccc(F)c1F","CC(C)CN(CC(=O)O)C(=O)c1cc(F)ccc1F","COC1CC(CO)N(C(=O)CC2(O)CCCCC2)C1","COC1CC(c2ncc[nH]2)N(Cc2cnc(C)nc2)C1","O=C(Nc1cccc(-n2cnnn2)c1)C1CCOCC1","Cc1cc(C(F)(F)F)cnc1NCCc1c[nH]nn1","COC(=O)c1ccc2c(c1)CCN2Cc1cncn1C","Cc1ccn(-c2ccc(NCC3C4COCC34)nn2)n1","COC1Cc2ccccc2N(C(=O)c2ccnn2C)C1","C=CCC(CC)NC(=O)NC(C)c1cccc(C#N)c1","CC(=O)Nc1cc(C(C)(C)C)nn1-c1cccc(C)c1","CCOC1(C(=O)Nc2nc3ccccc3[nH]2)CCCC1","Cc1c(S(=O)(=O)N2CCCC2C(=O)O)cnn1C","COC1(CC(=O)N2CCC(O)(C(=O)O)CC2)CCC1","CCN(Cc1ccccc1F)C1CCS(=O)(=O)C1","CC(C)(NS(C)(=O)=O)c1noc(C2CC=CC2)n1","CN(C)c1nc2cc(NC(=O)c3ccoc3)ccc2o1","CCOC1CC(NCC(O)COC)C12CCCCC2","CC1CN(CC(=O)NC(=O)NC(C)(C)C)CC(C)O1","Cc1nccc(C(=O)NC23CC4CC(CC(C4)C2)C3)n1","Cc1ccc(NCc2nc(-c3cccs3)no2)cc1","Cc1ccc(NC(=O)CC(C)n2nc(C)cc2C)cc1","COc1ccccc1Cc1nnc2n1CCCCCC2","O=C(NCC1(O)CCSC1)c1cccc(F)c1F","O=C(NCC1(O)CCSC1)c1cccc(F)c1F"
m_7125ae,"CNC(=O)Cc1noc(-c2cc(C)nc3ccccc23)n1","Cc1nc(C(=O)N2CCCCC2CCC(=O)O)cs1","CN(CCc1nccs1)C(=O)CC1CCCCC1O","O=S(=O)(Nc1ccc2ncccc2c1)c1ccccc1","CCC1(CC)C(OC)CC1N(C)C(=O)c1cscn1","O=C(CCn1cncn1)N1Cc2ccccc2C2(CC2)C1","C=C(C)CN(CC)C(=O)NCC1CCOC1C(C)(C)C","O=C(Cc1ccc(F)cc1Cl)Nc1ccncc1F","CCc1nc(NC(=O)N2CCCC2CNC)sc1C","CC(=O)Nc1ccc(NC(=O)C2CCCO2)cc1Cl","Cc1nscc1C(=O)NC1(C(=O)O)CCCCCC1","CCOC1(C(=O)NC2CCCC(C(N)=O)C2)CCCC1","Cc1nc(C)c(CNCC2CCOC2C(C)(C)C)s1","COC1(CNC(=O)c2cc(C(N)=O)cs2)CCOC1","CN1CCC(C(=O)NCC2CCOC2C(C)(C)C)CC1","CC(C)CN(CC(C)C)C(=O)CN1CCC(C(=O)O)C1","O=C(c1cc(-c2ccc(F)cc2)on1)N1CCCC1","Cc1cc(C(=O)N2CCN(C(=O)N(C)C)CC2)ns1","COC1CCCC(NC(=O)N(C)Cc2nc(C)no2)C1","CC1CC1C(=O)NCC1(N2CCSCC2)CCCC1","CN(CC(F)(F)F)C(=O)CN1CCCC(CCO)C1","COC1CCN(C(=O)N2CCCC2CC(C)(C)C)CC1","CN(Cc1cscn1)C(=O)C1CCCC(C(=O)O)C1","CNC(=O)Cc1noc(-c2cc(C)nc3ccccc23)n1","CNC(=O)Cc1noc(-c2cc(C)nc3ccccc23)n1"
m_741f2c,"CCCc1c(NC(=O)c2ccnn2C)cnn1-c1cccc(C)c1","O=C(Nc1cccnc1)c1cccc(NC(=O)c2cccs2)c1","O=S(=O)(NCC1CC1)c1cccnc1N1CC2CC2(CO)C1","O=C(O)C1CCCCC1C(=O)Nc1ccc(Br)cc1","CC1(C)C(NCCCN2CCCC(C(N)=O)C2)C2CCCOC21","OCc1ccnc(NC2CC(Cn3cc(Cl)cn3)CC2O)n1","Cc1ccc(C(C)NC(=O)Cn2ccc(C(F)(F)F)n2)o1","COc1c(C(=O)N2CCC(C)(C)CC(C)(C)C2)[nH]c(=O)[nH]c1=O","CN(C)c1ccc(S(=O)(=O)N2CCCC3(CCCC3)C2)cn1","CCCc1cc(C(=O)Nc2c(C)nn(-c3ccccc3)c2C)[nH]n1","Cc1c(F)cccc1NC(=O)Cn1c(C2CC2)nc2ccccc21","CCOc1ccc(S(=O)(=O)Cc2ncc(C(C)(C)C)o2)cc1","Cc1nnc(SC(C)c2ncc(C(C)(C)C)o2)n1CC(N)=O","Cc1occc1C(=O)N(CCC(=O)O)Cc1cccc(F)c1F","O=C(O)CC1(CC(=O)Nc2nnc(C3CC3)s2)CCCCC1","Cc1c[nH]c(CNC(=O)c2ccc(OC(F)F)cn2)c(C)c1=O","CCS(=O)(=O)c1ccc(N2CCN(C3CCNC3)CC2)cc1","Cc1nc(-c2ccccc2)oc1C(=O)NCc1nc(C2CC2)n[nH]1","CN1C2(CCC2)COCC1(CO)CNC1CCN2CCCC2C1","COC1CN(C(=O)c2[nH]ccc2C2CC2)CC1c1c[nH]nn1","CC1CN(c2ccnc3cc(C(F)(F)F)ccc23)CC1C(N)=O","CC(C)Cn1[nH]c(CC(=O)N2C3CCC2c2ccccc23)cc1=O","CCOC1CC(O)(CNC(=O)Cc2c(C)nn(C)c2C)C1(C)C","CCc1nn(C)c(CC)c1S(=O)(=O)Nc1nc(C)cc(C)n1","CC(C)C#CC(=O)N1CCc2nnc(-c3cccc(F)c3)cc2C1"
m_75100f,"CC(NC(=O)NC1CCN(c2ccccc2F)C1)C(=O)NCc1ccccc1","FC(F)c1nnc2ccc(N3CC4CCN(Cc5ccccc5)CC4C3)nn12","Cc1ccc(CC2CN(C(=O)NCCc3csc(N4CCCC4)n3)C2)cc1","O=C(Nc1cnn(Cc2ccccc2)c1)N1CCC(OCC2CCOC2)CC1","Cc1ccnc(O)c1C(=O)N1CCC(N(C)Cc2cc(=O)[nH]c(N(C)C)n2)C1","O=C(Nc1nccs1)C1CCCN(C2CCN(Cc3ccccc3)CC2)C1","CCn1nc(C)c(S(=O)(=O)Nc2ccc3c(c2)CN(CC(F)F)C3)c1C","O=C(c1cccc(NC2CC(c3ccccc3Cl)C2)c1)N1CCCC(O)C1","CCc1cccc2c1N(C(=O)c1ccc(N3CCCS3(=O)=O)cc1)CCC2","O=C1CCCc2cc(S(=O)(=O)N3CCC(Cc4ccccc4)C3)ccc2N1","Cc1cc(C(=O)NC(C)c2ccc(S(C)(=O)=O)cc2)c2c(C)nn(C)c2n1","CCCOc1ccc(CNC(=O)c2sc(-c3cnn(C)c3)nc2C)c(C)c1","Cc1cc(C)cc(C(NC(=O)c2sc(-c3cnn(C)c3)nc2C)C(=O)O)c1","O=C(NCC1(c2ccc(F)cc2)CCOCC1)N1CCCCC1c1cc[nH]n1","Cc1ccc2oc3c(c(=O)c2c1)C(c1cccc(O)c1)N(c1ccccn1)C3=O","O=C(NC1CCN(CC(F)(F)F)C1)c1ccnc(-c2ccc(Cl)cc2)n1","CC(=O)N1CCCc2ccc(S(=O)(=O)N3Cc4ccccc4CC3C)cc21","CNC(=O)C1CCN(C(=O)c2cccc(COc3ccc(C)nc3)c2)CC1","O=C(NCC1CC(O)CN1Cc1ccccc1)C1CCCCC1C(F)(F)F","COc1cc2nc(N3CCC(C(F)(F)F)C(CO)C3)nc(N)c2cc1OC","O=C(NCc1ccccc1OC1CCC1)N1CCOC(c2ccc(F)cc2)C1","O=C(Nc1ccncn1)N1CCCC(c2nc(-c3ccc(Cl)cc3)no2)C1","O=C(Nc1cnn(CC(F)(F)F)c1)NC1COc2ccccc2C1","O=C(NCc1nnc(C2CC2)n1C1CC1)c1cc(Cl)cc(C(F)(F)F)c1","NC(=O)C1CN(S(=O)(=O)c2cnn(-c3ccccc3)c2)c2ccccc2O1"
m_75dece,"Cn1c(=O)[nH]c2ccc(NC(=O)C3CCCCCC3)cc21","O=C(O)C1CN(C(=O)Cc2cccs2)CC1C(F)F","CC=CCn1c(=O)c2c(nc3[nH]c(C)c(C)n32)n(C)c1=O","Cn1cnnc1C1CN(c2cccc(F)c2C#N)CCO1","CCn1cc(OCc2cc(-c3cnn(C)c3C)no2)cn1","Cc1cc(NC2CCN(c3ncccc3F)C2)nc(C)n1","Cn1ccnc1C1OCCC1CNC(=O)c1ccncn1","COC(=O)CC(NC(=O)c1cccn1C)c1ccncc1","Cn1ccc(NC(=O)C2(c3cccc(F)c3)CCCC2)n1","Cc1cc(C(NC(=O)c2cn[nH]c2C)C2CC2)ccc1F","CCN1CC(COC(=O)c2ccn3cncc3c2)CC1=O","O=C(NCc1ccoc1)NC1CCOC1c1cccnc1","Cc1noc2ncc(NC(=O)CC3CC4CCC3O4)cc12","O=C(NCC1(C(F)(F)F)CC1)C1CCc2[nH]ncc2C1","COc1c(C)ncnc1N1CCC(Cn2cccn2)CC1","CN(CC(F)(F)F)C(=O)Cn1ccc(-c2ccco2)n1","CCn1nccc1C(=O)N1CCCC(c2nccn2C)C1","O=C(Nc1cccc(N2CCCC2)c1)c1cc(CO)on1","O=C(O)Cn1ccc(NC(=O)c2cnn(CC3CC3)c2)n1","C=C1CCC(CNC(=O)c2cccc(CC(=O)O)c2)CC1","CC(=O)Nc1ccn(C2CCN(c3cccc(C)n3)C2)n1","CN1Cc2ccccc2C(NC(=O)CCc2nnc[nH]2)C1","CC1CC(NCc2nncn2-c2ccccc2)CCN1C","Cc1nc(C)c(C(=O)Nc2ccc3c(c2)CCC(=O)N3)o1","CCc1ccccc1S(=O)(=O)NC(C(=O)O)C(C)O"
m_762dcf,"Cc1cc(C)c(-c2cc(NC(=O)C(C)(C)O)[nH]n2)cc1C","CC(C)C(NS(=O)(=O)c1cnc2n1CCC2)C(=O)O","Cn1ccc(NC(=O)C2(c3cccc(F)c3)CCCC2)n1","O=C(O)CN1CCC(c2ccc(C(F)(F)F)cc2)CC1","CC(C)(C(=O)O)c1ccc(NC(=O)Cn2cccn2)cc1","O=C(O)CCCNC(=O)C1(c2ccccc2F)CC1","Cc1cc(C(NC(=O)c2cn[nH]c2C)C2CC2)ccc1F","Cc1c(C(=O)N(CC(C)(C)O)C2CC2)ccc2cncn12","O=C(O)c1cccc(CC(=O)N2CCC3(CCOC3)C2)c1","O=C(O)C1CCCN(Cc2cccc(C(F)(F)F)c2)C1","Cc1nc(C2CC2)ncc1C(=O)NC1CC2(C(=O)O)CC12","OC(COc1cccc(C(F)(F)F)c1)Cn1cnnc1","CC(C)c1cccc(C(=O)NC2CCC(C(=O)O)CC2)c1","O=C(Nc1cccc(N2CCCC2)c1)c1cc(CO)on1","O=C(O)Cn1ccc(NC(=O)C2Cc3ccccc3O2)n1","Cc1cc(NC2CCN(c3ncccc3F)C2)nc(C)n1","Cc1cnn(C)c1S(=O)(=O)N1CCC(C(=O)O)C1C","CCc1cc2c(NCc3[nH]nc(C)c3C)ncnc2s1","NC12CCC1CN(C(=O)c1ccc(Cn3ccnn3)o1)C2","O=C(CCc1nc(C2CC2)no1)Nc1cc2n(n1)CCC2","COC(=O)c1cccc2[nH]c(NC(=O)C3CC(C)C3)nc12","CN(C)c1ccc(C2CCCN2c2ncccc2F)nn1","Cc1cc(C)cc(C(C)NC(=O)Nc2c(C)noc2C)c1","Cc1c(C(F)(F)F)nn(C)c1NC(=O)C1CC=CCC1","Cn1ccnc1C(NC(=O)CC1CCC1)c1nccn1C"
m_76b47b,"CC(C)c1nnc2ccc(NC(=O)NC3CC(c4cccc(F)c4)C3)cn12","CCCOc1ccc(NC(=O)Cc2csc(-c3cccnc3)n2)c(C)c1","Cc1cc(=O)[nH]c(-c2cccc(NC(=O)c3ccc4c(c3)CCC4)c2)n1","CC(C)c1nc2ccc(NC(=O)C3CCCN3S(C)(=O)=O)cc2s1","O=C(CCc1nc(-c2ncccn2)no1)N1CCCC1c1cccc(F)c1","CCCC(=O)N1CCCCC1C(=O)NCc1nc(-c2ccco2)n[nH]1","CCN(C(=O)NC1CCN(C(=O)c2ccccc2)CC1)C(C)C(C)C","Cn1cc(-c2ncc(C(=O)N3CC(CN)C(c4ccccc4)C3)s2)cn1","CC(C)C(NS(=O)(=O)c1cc(Br)ccc1Cl)C(=O)O","CC(C)N(C)c1ccccc1NC(=O)Cc1coc(-c2ccc(F)cc2)n1","Cc1cccc(C)c1NC(=O)CCc1nc2c(=O)[nH]c(=O)n(C)c2nc1O","CC(=O)Nc1ccc(CNC(=O)c2cc(C)n(CC(F)(F)F)c2C)cc1","Cc1ccc(C2(C(=O)Nc3nc4cc(F)ccc4n3C)CCOCC2)cc1","Cc1cnn(CCNCc2cn(C)nc2-c2ccc3c(c2)OCCCO3)c1","CCC1CN(CC(=O)Nc2cccc(C(=O)N(C)C)c2)c2ccccc2O1","CN(Cc1ccccc1N1CCOCC1)C(=O)CNC(=O)c1ccccc1","Cc1c(CNC2CCC3(CCCCC3)CC2)c(=O)n(-c2ccccc2)n1C","CN1CCN(C(=O)NCc2cccc3c2OCCCO3)Cc2ccccc21","COc1ccccc1Nc1nc(-c2ccc3c(c2)NC(=O)CO3)c(C)s1","CC(C)C(O)C1(CNc2ccc(S(=O)(=O)N3CCCCC3)cn2)CC1","Cc1ccc(O)c(C(=O)NCc2ccc(C(=O)N3CCNC(=O)C3)cc2)c1","COc1cccc(-c2nc(C(=O)N(C)c3cccc(SC)c3)c(C)[nH]2)c1","COc1ccccc1N1CCN(C(=O)CNC(=O)Cc2ccccc2)CC1","O=C(NCc1cn2c(n1)CCCC2)NCc1ccccc1N1CCCCC1","CCCc1c(NC(=O)N2CCN(C3CC3)CC2)cnn1-c1cccc(C)c1"
m_76ffc5,"COc1ccc2c(c1)CCN2C(=O)c1ccn(-c2cccc(Br)c2)n1","CC(C(=O)Nc1ccc2sc(C(=O)O)cc2c1)S(=O)(=O)C1CCOCC1","CNC(=O)c1nc(C)c(C)c(N2CCC(NCc3c4c(nn3C)CCCC4)C2)n1","Cc1ccc(C(N)=O)cc1NC(=O)C1CCCN(C(=O)Cc2ccc(F)cc2)C1","Cc1n[nH]c(C(=O)N2CCCC2Cc2cccc3ccccc23)c1Br","COc1ccc2c(c1)CCN2C(=O)c1ccn(-c2cccc(Br)c2)n1","COc1ccc2c(c1)CCN2C(=O)c1ccn(-c2cccc(Br)c2)n1","COc1ccc2c(c1)CCN2C(=O)c1ccn(-c2cccc(Br)c2)n1","COc1ccc2c(c1)CCN2C(=O)c1ccn(-c2cccc(Br)c2)n1","COc1ccc2c(c1)CCN2C(=O)c1ccn(-c2cccc(Br)c2)n1","COc1ccc2c(c1)CCN2C(=O)c1ccn(-c2cccc(Br)c2)n1","COc1ccc2c(c1)CCN2C(=O)c1ccn(-c2cccc(Br)c2)n1","COc1ccc2c(c1)CCN2C(=O)c1ccn(-c2cccc(Br)c2)n1","COc1ccc2c(c1)CCN2C(=O)c1ccn(-c2cccc(Br)c2)n1","COc1ccc2c(c1)CCN2C(=O)c1ccn(-c2cccc(Br)c2)n1","COc1ccc2c(c1)CCN2C(=O)c1ccn(-c2cccc(Br)c2)n1","COc1ccc2c(c1)CCN2C(=O)c1ccn(-c2cccc(Br)c2)n1","COc1ccc2c(c1)CCN2C(=O)c1ccn(-c2cccc(Br)c2)n1","COc1ccc2c(c1)CCN2C(=O)c1ccn(-c2cccc(Br)c2)n1","COc1ccc2c(c1)CCN2C(=O)c1ccn(-c2cccc(Br)c2)n1","COc1ccc2c(c1)CCN2C(=O)c1ccn(-c2cccc(Br)c2)n1","COc1ccc2c(c1)CCN2C(=O)c1ccn(-c2cccc(Br)c2)n1","COc1ccc2c(c1)CCN2C(=O)c1ccn(-c2cccc(Br)c2)n1","COc1ccc2c(c1)CCN2C(=O)c1ccn(-c2cccc(Br)c2)n1","COc1ccc2c(c1)CCN2C(=O)c1ccn(-c2cccc(Br)c2)n1"
m_773a95,"Cn1cc(C(=O)Nc2ccc(C(C)(C)C#N)cc2)cn1","CC(N)C(=O)N(C)C(c1ccccc1Cl)C(C)C","Cc1cc(C)c2c(c1)C(NC(=O)c1ccc[nH]1)CCO2","CCOc1cccc(S(=O)(=O)NC2CC(N)C2)c1","CC1CCN(C(=O)CCC2(C)CCC(=O)N2)CC1O","O=C(Cn1ccc(C(F)(F)F)n1)Nc1cccnc1","CN(Cc1ccccc1Cl)C(=O)C1CC(O)CN1","CN(Cc1ccccc1Cl)C(=O)C1COCCN1","CC(NC(=O)c1coc(C2CCOCC2)n1)C(=O)O","Nc1ccnc(CN2CCCC(c3ccccc3)C2)n1","Cn1cc(C(=O)Nc2ccc(C(C)(C)C#N)cc2)cn1","Cn1cc(C(=O)Nc2ccc(C(C)(C)C#N)cc2)cn1","Cn1cc(C(=O)Nc2ccc(C(C)(C)C#N)cc2)cn1","Cn1cc(C(=O)Nc2ccc(C(C)(C)C#N)cc2)cn1","Cn1cc(C(=O)Nc2ccc(C(C)(C)C#N)cc2)cn1","Cn1cc(C(=O)Nc2ccc(C(C)(C)C#N)cc2)cn1","Cn1cc(C(=O)Nc2ccc(C(C)(C)C#N)cc2)cn1","Cn1cc(C(=O)Nc2ccc(C(C)(C)C#N)cc2)cn1","Cn1cc(C(=O)Nc2ccc(C(C)(C)C#N)cc2)cn1","Cn1cc(C(=O)Nc2ccc(C(C)(C)C#N)cc2)cn1","Cn1cc(C(=O)Nc2ccc(C(C)(C)C#N)cc2)cn1","Cn1cc(C(=O)Nc2ccc(C(C)(C)C#N)cc2)cn1","Cn1cc(C(=O)Nc2ccc(C(C)(C)C#N)cc2)cn1","Cn1cc(C(=O)Nc2ccc(C(C)(C)C#N)cc2)cn1","Cn1cc(C(=O)Nc2ccc(C(C)(C)C#N)cc2)cn1"
m_77b2b0,"O=C(Nc1cccc(C(F)(F)F)c1)c1cc(=O)c2ccccc2o1","COc1ccc(S(=O)(=O)NCc2cn3c(C)cccc3n2)cc1","Cc1ccc2c(c1)C(NC(=O)c1n[nH]c(=O)c3ccccc13)CCC2","Cc1ccc(CS(=O)(=O)Nc2cc3cn[nH]c3cc2C)cc1F","NC(=O)C1CCC(CNC(=O)NC2CCCC2c2ccccc2)O1","COCC1CN(C(=O)c2cc3ccccc3c(=O)o2)CC(C)(C)O1","Cc1nnc(C2CN(C(=O)C3CC3c3ccccc3F)CCO2)o1","CC(=O)NCc1cc(OC2CCN(Cc3noc(C)n3)C2)ccn1","O=C(NCc1nccn1Cc1ccccc1)c1cccc2cn[nH]c12","CC(CN1CCOCC1)NC(=O)NCCc1ccc(Cl)s1","COC(=O)C1(NC(=O)c2ccc(C(F)(F)F)cc2)CCSC1","CCS(=O)(=O)Nc1ccccc1C(=O)NCCc1ccccn1","CCn1c(C2CCCN2CCC(=O)O)nc2ccccc21","O=C(Nc1cccc(C(F)(F)F)c1)c1cc(=O)c2ccccc2o1","O=C(Nc1cccc(C(F)(F)F)c1)c1cc(=O)c2ccccc2o1","O=C(Nc1cccc(C(F)(F)F)c1)c1cc(=O)c2ccccc2o1","O=C(Nc1cccc(C(F)(F)F)c1)c1cc(=O)c2ccccc2o1","O=C(Nc1cccc(C(F)(F)F)c1)c1cc(=O)c2ccccc2o1","O=C(Nc1cccc(C(F)(F)F)c1)c1cc(=O)c2ccccc2o1","O=C(Nc1cccc(C(F)(F)F)c1)c1cc(=O)c2ccccc2o1","O=C(Nc1cccc(C(F)(F)F)c1)c1cc(=O)c2ccccc2o1","O=C(Nc1cccc(C(F)(F)F)c1)c1cc(=O)c2ccccc2o1","O=C(Nc1cccc(C(F)(F)F)c1)c1cc(=O)c2ccccc2o1","O=C(Nc1cccc(C(F)(F)F)c1)c1cc(=O)c2ccccc2o1","O=C(Nc1cccc(C(F)(F)F)c1)c1cc(=O)c2ccccc2o1"
m_7874d0,"CS(=O)(=O)N1CCC(NC(=O)NC2CCC(C(F)(F)F)CC2)CC1","CNC(=O)c1cc(NC(=O)c2ccc(C(F)(F)F)[nH]c2=O)ccc1Cl","O=C(c1cc(Cl)cc2cccnc12)N1CCC(N2CCCCC2=O)CC1","O=C(CCC1CCCC1)N1CCN(C(=O)c2ccc3n[nH]c(=O)n3c2)CC1","CN(C(=O)c1scnc1C1CCCC1)C1CCN(S(C)(=O)=O)CC1","CN(C)S(=O)(=O)C1CCCN(C(=O)NCCc2cccc(Cl)c2)C1","COc1cc2c(cc1OC)C(CC(=O)O)N(C(=O)c1cc(C)oc1C)CC2","COc1cc2c(cc1OC)C(CC(=O)O)N(C(=O)CC1C=CCCC1)CC2","Cc1ccc(NC(=O)C(C)C)cc1NC(=O)C1CC2CCC(C1)N2C(C)C","Cc1noc2ncnc(NCC(c3cccc(Cl)c3)N3CCOCC3)c12","Cc1cc2c(N3CCN(C(=O)CCc4cn(C)nn4)CC3)ncnc2s1","Cn1c(=O)c2cc(NC(=O)CCNC(=O)C3CCCC3)cnc2n(C)c1=O","CN(C)C(=O)C1CC1C(=O)NC1CCN(c2ccc(C(C)(C)C)cc2)CC1","O=C(Cc1cccc(C2CC2)c1)NC1CC(Cn2cc(Cl)cn2)CC1O","O=C(NCc1cc(Cl)ccc1OC(F)F)NC1CCc2ncnn2C1","COc1ccc(NC(=O)C2CCN(C3CC3)CC2)cc1N1CCCCC1=O","CS(=O)(=O)N1CCCCC1C(=O)NCCc1cccc(C(=O)O)c1","CS(=O)(=O)N1CCC(NC(=O)NC2CCC(C(F)(F)F)CC2)CC1","CS(=O)(=O)N1CCC(NC(=O)NC2CCC(C(F)(F)F)CC2)CC1","CS(=O)(=O)N1CCC(NC(=O)NC2CCC(C(F)(F)F)CC2)CC1","CS(=O)(=O)N1CCC(NC(=O)NC2CCC(C(F)(F)F)CC2)CC1","CS(=O)(=O)N1CCC(NC(=O)NC2CCC(C(F)(F)F)CC2)CC1","CS(=O)(=O)N1CCC(NC(=O)NC2CCC(C(F)(F)F)CC2)CC1","CS(=O)(=O)N1CCC(NC(=O)NC2CCC(C(F)(F)F)CC2)CC1","CS(=O)(=O)N1CCC(NC(=O)NC2CCC(C(F)(F)F)CC2)CC1"
m_78c402,"Cn1nncc1CN1CCN(Cc2ccncc2)CC1","COc1ccc2nc(N3CCN(C)CC3)c(C)nc2c1","c1cc2nnnn2nc1N(CC1CCCCC1)C1CC1","Cc1noc(C(C)Nc2ccc3c(c2)CCC(=O)N3)n1","CC(C)(C)n1ncc2c(N3CC4CC4(N)C3)ncnc21","Cc1ccc(F)cc1S(=O)(=O)N1CCCC1CN","Cc1noc2ncc(-c3nnc(CC(C)(C)C)o3)cc12","CC(C)C1(CNC(=O)c2cccc3oc(=O)[nH]c23)CC1","CNCC1CCCN(S(=O)(=O)c2cnn(C)c2)C1","Cc1ccoc1C(=O)N1CCCC1c1ccc(N)nn1","O=C(Nc1nnc[nH]1)c1ccc(OC(F)(F)F)cc1","O=C(CCn1ccc2ccccc21)N1CCCC1CO","CC(CCc1ccc(O)cc1)NC(=O)Cc1ccon1","NC1c2ccccc2CC1NC(=O)COC(F)(F)F","O=C(CC1CC1)NCCN1CCc2ccccc2C1=O","CCN1CCCN(c2nc(C)cc(C)c2C#N)CC1=O","Cc1cccnc1CNC(=O)c1cnn(C(C)C)c1C","CNC(=O)c1ccc(C)c(NC(=O)c2ccnn2C)c1","CC(N)C1CCCCN1S(=O)(=O)c1cnn(C)c1","Cc1oc(C)c(S(N)(=O)=O)c1C(=O)NCC1CC1","CC1(CNC(=O)C2NCC23CCCC3)CC(F)(F)C1","COc1ccnc(N2CCN(S(C)(=O)=O)CC2)n1","Cn1cc(CCNC(=O)N2CCCC2C(F)F)cn1","Cc1cnn(C2C(O)CC2NC(=O)c2[nH]ccc2C)c1","CCc1nc2n(n1)CC(NCCS(C)(=O)=O)CC2"
m_78cd05,"C=CC1OCCC1NC(=O)c1cc(CC)ccn1","CCc1cccnc1C(=O)N1CC(O)C2(CC2)C1","CC(=O)NC(C)(C)c1noc(-c2ccncc2)n1","Cc1cccc(CC(=O)NC2CNCCC2C)c1","Cc1cc(C(=O)Nc2cccc(N(C)C)n2)on1","CNc1ccc(C(=O)NC2CCCCC2)cc1C","Cc1ccc(C)c(OCC(O)Cn2cccn2)c1","CNCC1CCN(C(=O)c2ccc(C)cc2C)C1","CN(C)c1cncc(-c2nc(C(C)(C)C)no2)c1","Cc1cccc(CCC(=O)N2CCNC(C)C2)c1","CC(C)c1ccc(-n2cc(O)c(C(=O)O)n2)cc1","C#CCNC(=O)NCC(C)Oc1ccc(C)cc1","COc1ccc(OC)c(CNc2cccnc2)c1","COc1ccc(CN(C)c2ccccn2)cc1O","Cc1cncc(CN2C(=O)CC3(CCC3)C2=O)c1","CC(C)C(O)C1(CNc2cnc(C#N)cn2)CC1","CCc1cc(N2CCn3cnnc3C2)nc(C)n1","Cc1cc2c(N3CC(O)C4(CC4)C3)nccn2n1","CC(C(=O)Nc1ccc2c(c1)CCCN2)C1CC1","O=C(O)c1ccc2c(c1)[nH]c(=O)n2C1CCCC1","O=c1n(CC2CCCC2)nnn1-c1ccccc1","CCc1ccc(NC(=O)c2ccncc2F)cc1","Cc1ccc(NC(=O)Cc2ccccc2F)nc1","C=CC1OCCC1NC(=O)c1cc(CC)ccn1","C=CC1OCCC1NC(=O)c1cc(CC)ccn1"
m_79cf07,"Cn1nccc1C1CCN(C(=O)CC2CCOC2)CC1","CCc1c(C(=O)NC2CCNC23CCC3)nnn1CC","CCNC(=O)CN1CCCC1c1ccc(N(C)C)nn1","Cn1nc(NC(=O)C2CCOCC2)cc1C(F)(F)F","CNC(=O)c1ccc(N2CCCOC(C(C)C)C2)nc1","Cc1ccc(C)c(OCCN2CCCC(C(=O)O)C2)c1","CCn1ccnc1C1CCCCN1C(=O)C1CCOC1","CCc1cccc(OCCN2CCCC(C(=O)O)C2)c1","COc1cc(C(=O)NC2CCN(C)C(C)C2)cc(C)n1","COC(=O)CNc1ccc(-n2nc(C)cc2C)c(F)c1","CC1(C)CCN(C(=O)c2ncoc2C2CCNCC2)C1","CCOC(=O)C1CCCN(c2cc(C)nc(CC)n2)C1","COCC1CCCN(c2nc3c(cnn3C)c(=O)[nH]2)C1","CC(C)c1ccc(C(=O)NC(C(N)=O)C(C)(C)C)cn1","CCCOC1(CNC(=O)c2cnccn2)CCCCC1","CN(C)C(=O)CCN1CCN(c2ccccc2O)CC1","COc1ccccc1C1(CNC(=O)C(C)C(=O)O)CC1","CC(CC1CCOCC1)NCC1CCc2nccn2C1","Cn1nccc1C1CCN(C(=O)CC2CCOC2)CC1","Cn1nccc1C1CCN(C(=O)CC2CCOC2)CC1","Cn1nccc1C1CCN(C(=O)CC2CCOC2)CC1","Cn1nccc1C1CCN(C(=O)CC2CCOC2)CC1","Cn1nccc1C1CCN(C(=O)CC2CCOC2)CC1","Cn1nccc1C1CCN(C(=O)CC2CCOC2)CC1","Cn1nccc1C1CCN(C(=O)CC2CCOC2)CC1"
m_7b993b,"Cc1nnc(C2CN(C(=O)Cc3ccc4c(c3)OCO4)CC(C)O2)o1","Cc1nnc(C2CN(C(=O)C3(c4ccccc4F)CC3)CC(C)O2)o1","CN(C)c1ncccc1CNC(=O)c1coc(CN2CCC(O)C2)n1","CCN(CC1CCN(C(=O)c2sccc2C#N)C1)CC(F)(F)F","CCOC1(C(=O)Nc2ccc(OC3CCN(C)CC3)nc2)CCCC1","COc1ccc(-c2nc(CNS(=O)(=O)c3ccccc3)no2)cc1","COc1cnccc1-c1noc(C(C)(C)Oc2ccc(Cl)cc2)n1","Cc1ccc(OCCC(=O)N2CC(O)CC2c2nc(C)no2)c(C)c1","CCc1ccc(Cl)c(CC)c1NC(=O)c1cccc(C(=O)OC)c1","CCc1nc(CN2CCN(C(=O)Nc3ccncc3C)CC2)cs1","N#Cc1ccc(Oc2ccc(NC(=O)NCc3cccnc3)cn2)cc1","O=C1NCCN1CC1CCN(C(=O)c2ncc3c(F)cccn23)CC1","O=C(NCc1cccc2c1OCO2)N1CCC(CN2CCCC2)CC1","O=C(Nc1cccc(OCCn2ccnc2)c1)c1coc2ccccc12","O=C(c1ccccc1Cc1ccccc1)N1CCc2nc[nH]c(=O)c2C1","Cc1c(C(=O)NC2COCC2Oc2cn[nH]c2)oc2ccc(F)cc12","COC(=O)C1(NC(=O)CCc2ccnn2C)CCCCCC1","Cn1cnnc1C1CCCN(c2cc(N3CCSCC3)ncn2)C1","Cc1nnc(C2CN(C(=O)Cc3ccc4c(c3)OCO4)CC(C)O2)o1","Cc1nnc(C2CN(C(=O)Cc3ccc4c(c3)OCO4)CC(C)O2)o1","Cc1nnc(C2CN(C(=O)Cc3ccc4c(c3)OCO4)CC(C)O2)o1","Cc1nnc(C2CN(C(=O)Cc3ccc4c(c3)OCO4)CC(C)O2)o1","Cc1nnc(C2CN(C(=O)Cc3ccc4c(c3)OCO4)CC(C)O2)o1","Cc1nnc(C2CN(C(=O)Cc3ccc4c(c3)OCO4)CC(C)O2)o1","Cc1nnc(C2CN(C(=O)Cc3ccc4c(c3)OCO4)CC(C)O2)o1"
m_7d4c58,"CC(C)N(CC(=O)O)S(=O)(=O)N1CC2CCC1C2","CCOC1CC(NC(=O)c2nccnc2N)C12CCC2","CCc1ncc(NC(=O)C23CNCC2CCOC3)cn1","COC(=O)c1[nH]c(C)cc1NC(=O)C1C2CCCCC21","CCc1nc(CN2CCCC(Cn3cncn3)C2)no1","O=C(Nc1cccnn1)N1CCC2(CCOCC2)CC1","Cc1cncc(C(=O)N2CCCC(CCC(=O)O)C2)c1","CN1CCC(N(C)C(=O)C2CC2c2cnn(C)c2)CC1","CCn1nccc1C1OCCC1NC(=O)c1nc[nH]n1","C=CCCC(O)CN1CCN(c2ccnc(C)n2)CC1","Cc1nnc(C2CN(CC3(C#N)CCC3)CC(C)O2)o1","CC(=O)N1CCC(CNc2ccnc(C(N)=O)c2)CC1","CC1(C)CN(C(=O)CCc2nnc[nH]2)C2CCCC2O1","Cc1nccc(N2CCN(C(=O)C3CCCO3)CC2)n1","COc1ccc(CNC2C3CCCOC3C2(C)C)cn1","Cc1nc(C)n(CC2CCCN(CC3CCCC3)C2)n1","CC(C)N(CC(=O)O)S(=O)(=O)N1CC2CCC1C2","CC(C)N(CC(=O)O)S(=O)(=O)N1CC2CCC1C2","CC(C)N(CC(=O)O)S(=O)(=O)N1CC2CCC1C2","CC(C)N(CC(=O)O)S(=O)(=O)N1CC2CCC1C2","CC(C)N(CC(=O)O)S(=O)(=O)N1CC2CCC1C2","CC(C)N(CC(=O)O)S(=O)(=O)N1CC2CCC1C2","CC(C)N(CC(=O)O)S(=O)(=O)N1CC2CCC1C2","CC(C)N(CC(=O)O)S(=O)(=O)N1CC2CCC1C2","CC(C)N(CC(=O)O)S(=O)(=O)N1CC2CCC1C2"
m_7e912f,"CC(C)(C)c1ncc(C(=O)NC2CCN(C(=O)c3ccccc3)CC2)s1","Cc1cccc(C2CCCCCN2C(=O)Nc2nc3c(s2)COCC3)c1","Cc1ccc(OC2CCN(CC(=O)Nc3nc4c(s3)CCC4)CC2)cc1","CN(C)CC1CC(O)CN1c1cc(NC2CC(Cn3ccnc3)C2)ncn1","NCC1CCN(C(=O)c2cc(C3CC3)nc3ccc(F)cc23)C1","CN(C)C(=O)CN1CCC(NC(=O)C2CCC(c3ccccc3)CC2)CC1","CN(C)C(=O)C1CC1C(=O)NC1CCN(c2ccc(C(C)(C)C)cc2)CC1","O=C1CC(NC(=O)C2(c3ccccc3)CCC2)CN1CCN1CCOCC1","COc1ccc(NC(=O)C2CCN(C3CC3)CC2)cc1N1CCCCC1=O","O=C(NCc1ccnc(N2CCOCC2)c1)C1CCCC(C(F)(F)F)C1","Cc1c(NS(=O)(=O)c2cccc(Cl)c2O)cnn1C1CCOCC1","O=C(Cc1cccc(C2CC2)c1)NC1CC(Cn2cc(Cl)cn2)CC1O","CC1Cc2c(C(=O)N3CCC(Oc4ccc(F)cc4)CC3)n[nH]c2C(C)O1","COc1ccc(-c2nsc(NC(=O)C(C)Oc3ccc(F)cc3)n2)cc1","Cc1cc(CNC(=O)N(Cc2cc(F)ccc2F)C2CCCC2)no1","Cc1ccc(C)c(OC2CCN(C(=O)NC3CCN(C4CC4)CC3)CC2)c1","CCC(c1ccccc1)c1nnc(NC(=O)N2CCN(C3CC3)CC2)s1","CCCCN1CCC(NC(=O)C(=O)Nc2ccc(Cl)cc2Cl)CC1","CC1CC(N)CCN1C(=O)CCc1nc2cc(C(F)(F)F)ccc2s1","Cc1ccc(C(=O)NCC(=O)N2CCN(C(=O)c3ccccc3)CC2)s1","Cc1noc2ncnc(NCC(c3cccc(Cl)c3)N3CCOCC3)c12","O=C(NCCc1csc2ccccc12)N1CCCC(N2CCCC2)CC1","CCn1ccnc1CNC1CCN(c2nc(C(=O)N(C)C)nc(C)c2C)C1","Cc1nc(C(=O)NC(Cc2ccccc2)C(=O)N2CCCCC2)c(C)s1","CS(=O)(=O)Cc1cccc(C(=O)N2Cc3ccccc3CC2C(=O)O)c1"
m_7ee70f,"CNC(=O)NC1CN(C(=O)C2CCCN(C(C)=O)C2)C1","O=C1CCCCCN1CC(=O)N1CCCCC1CCO","CC(Oc1ccccc1Cl)C(=O)N1CCC(CN)C1","O=C(CNC(=O)c1cccs1)NCC1CCCS1","COC(CN1CCN(C)C(c2nc(C)no2)C1)C(C)C","CC(C)(C)c1csc(CN2CCCC2CCCO)n1","COc1ccc(Cl)cc1CC(=O)N(C)C1CCNC1","C=C(C)CN(CC)C(=O)NCC1CCOC1C(C)(C)C","NCC1CCCN1C(=O)COCc1ccccc1Cl","CN(C(=O)COCc1ccccc1Cl)C1CCNC1","CC(CC(=O)O)N1CCN(C(=O)CC2CCCC2)CC1","CC1CC(C)CN(C(=O)CN2CC(C)OCC2(C)C)C1","O=C(c1nc2ccccc2[nH]1)N1CCN(C2CC2)C(=O)C1","Cc1cc(C(=O)Nc2nncn2C)nn1-c1ccccc1","O=C(c1cc(-c2ccc(F)cc2)on1)N1CCCC1","Cn1cc(Nc2cccc(NC(=O)C3CC=CC3)c2)cn1","CCC(NC(=O)N1CC(C)OC(C)C1)c1cccs1","CCN(C(=O)N1CCN2C(=O)C(=O)NCC2C1)C(C)C","O=C(NCCC1CCOCC1)C12CNCC1CCOC2","COC1CCN(C(=O)N2CCCC2CC(C)(C)C)CC1","CCn1c(C)nnc1CN1CC(COC)OC(C)(C)C1","CCC1C(=O)NCCN1C(=O)CCOCC(F)(F)F","CC(CNC(=O)NCC1CCC(O)C1)c1ccsc1","O=C(O)C(=O)N1CCN(C(=O)CCC2CCCO2)CC1","CC(C)c1ncsc1C(=O)N1CC(C)(C)OCC1C"
m_80401f,"CCC1C(=O)NCCN1C(=O)CCOCC(F)(F)F","CC(C)CN1CC(C(=O)N2CCCC(O)C2C)CC1=O","CCn1ncc(C#N)c1NS(=O)(=O)c1cccs1","O=C1CCCCCN1CC(=O)N1CCCCC1CCO","COC(CN1CCN(C)C(c2nc(C)no2)C1)C(C)C","O=C1CC2(CCSC2)C(=O)N1CCN1CCCCC1","CC(C)(N)C(=O)NCC(c1ccccc1)c1ccccc1","C=C(C)CN(CC)C(=O)NCC1CCOC1C(C)(C)C","CCC(C(=O)O)N1CCN(c2ccc(Cl)cc2)CC1","CC(CC(=O)O)N1CCN(C(=O)CC2CCCC2)CC1","CC(C)c1ncsc1C(=O)N1CC(C)(C)OCC1C","Cc1ccsc1C(=O)Nc1ccc(C(C)(C)C#N)cc1","O=C(CNC(=O)c1cccs1)NCC1CCCS1","CC(C(=O)O)N(C)C(=O)c1scnc1C1CCCC1","CCNC(=O)N1CCCCCC1c1noc(COC)n1","CN(Cc1cscn1)C(=O)C1CCCC(C(=O)O)C1","CNC(=O)Cc1noc(-c2cc(C)nc3ccccc23)n1","COc1cc(F)c(C(=O)N2CCC(N)CC2)cc1OC","COc1ccc(Cl)cc1CC(=O)N(C)C1CCNC1","CC(Oc1ccccc1Cl)C(=O)N1CCC(CN)C1","COC1CCN(C(=O)N2CCCC2CC(C)(C)C)CC1","CCCNC(=O)C1(NCc2csnn2)CCCCC1","CC1CC1C(=O)NCC1(N2CCSCC2)CCCC1","CC(C)(C)C(=O)N1CCN(C(=O)C2(C(=O)O)CC2)CC1","CCn1c(C)nnc1CN1CC(COC)OC(C)(C)C1"
m_8071e1,"CCN(CC(=O)NCC1CCOC1c1ccc(F)cc1)C1CC1","CN1C(=O)CCC1C(=O)N1CCCN(c2ncccc2F)CC1","COCC1CCCN(C(=O)Nc2cnn(CC(F)(F)F)c2)C1","CC1N(C(=O)NCc2ncc3c(n2)CCOC3)CCOC1(C)C","O=C1CCCCCN1CC(=O)N1CC2(CCOCC2)C1C1CC1","Cn1c(C(=O)N2CCC(C)(C(=O)O)C2)c(Cl)c2ccccc21","CC(C)n1cc(C2OCCC2C(=O)NCc2nccs2)cn1","O=C(CNC1CC1)N(Cc1nccs1)C1CC12CCNCC2","COCc1noc(CN2CCN(CC34CCC(CC3)C4)CC2)n1","O=C(Cc1ncc[nH]1)NC1CCN(c2ccc(F)c(Cl)c2)C1","CCOC(=O)c1cnc(NCCn2ccnc2CC)nc1C","CC(C)Cc1noc(CN2CCCC(O)(Cn3ccnn3)C2)n1","CCn1cc(C2OCCC2C(=O)N(C)Cc2nccs2)cn1","CCN(CC(=O)N1CC(OC)CC1c1nc(C)c(C)[nH]1)C1CC1","CC1CN(C(=O)NCc2ncc3c(n2)CCOC3)CC1(C)CO","CCOc1ccccc1OCCCC(=O)N1CC(C)NC(C)C1","COC1(CNC(=O)N(Cc2ccoc2)C2CCCCC2)CCC1","CN(Cc1ccco1)C(=O)CSCc1noc2c1CCCC2","O=C(O)C1COCCN1S(=O)(=O)c1cccc2cnccc12","COCCC1(C(=O)N2CCN(C)C(c3nccn3C)C2)CCC1","CC1CN(CC(C)(C)O)CCN1c1nc2c(cnn2C)c(=O)[nH]1","CNCC1CCCN(S(=O)(=O)c2cccc(Cl)c2F)C1","CCCC1(COC)CCCN1C(=O)NC1CCc2[nH]ncc2C1","O=C(NCC1CC2CCC1C2)N1CCC(O)C(C2CCCC2)C1","COc1ccccc1CCC(=O)N(C)CC1CC(OC)CN1C"
m_808712,"CC(CNC(=O)C1CN(C)CCO1)c1nc2ccccc2s1","CN(Cc1ccccc1N1CCOCC1)C(=O)C1CC(O)CN1","Cc1cnccc1NC(=O)NCC(O)Cc1ccccc1","CCc1nn(CCc2nc3ccccc3[nH]2)c(=O)c(C#N)c1CC","Cc1nc(N2CCOCC2)ccc1NC(=O)NC1(C(N)=O)CC1","CC(C)C1COCCN(C(=O)c2n[nH]c3c(=O)n(C)cnc23)C1","CC(C)(CC(=O)O)CC(=O)NCc1ccc2c(c1)OCCCO2","CC(O)CN1CCN(C(=O)C2CCC(n3cccc3)CC2)CC1","CN(C)CCN(Cc1ccccn1)S(=O)(=O)c1ccccc1","Cc1cc(CNC(C(N)=O)C(C)(C)C)nc(N2CCCCC2)n1","O=C(O)CCN(C(=O)c1ccnc(C2CC2)n1)C1CCOCC1","CCN(CC)c1ccc(CNC(=O)c2ccc(F)cc2F)cn1","Cc1c(NS(=O)(=O)c2ccccc2)cnn1C1CCOCC1","CCc1nc(C(C)C)ccc1C(=O)N(C)CCN1CCOCC1","CC1CCN(C(=O)c2csc(CN)n2)C1c1cccc(F)c1","CN(C)C(CNC(=O)c1nccc2ccccc12)c1ccccc1","CN(C)C(CNC(=O)c1nccnc1N)c1ccccc1Cl","CN(C)C1(C)CCN(C(=O)Cc2c[nH]c3cc(Cl)ccc23)C1","CC(C)Oc1ccc(C(=O)O)cc1NC(=O)CC1CCCCO1","O=C(NCC1CCCOC1)Nc1cc(C(F)(F)F)c[nH]c1=O","O=C(O)c1ccc(CCNC(=O)c2ccc3nccnc3c2)cc1","COc1ccc(S(=O)(=O)Nc2ccc(C(=O)O)c(C)c2)cc1","COc1cc(C)nc(N2CCN(C(=O)c3cscn3)CC2)n1","COc1cccc(CC(C)(C)NC(=O)C(C)C2CCOCC2)c1","CNCC1CCCN1S(=O)(=O)Cc1cccc2cccnc12"
m_80b537,"COc1ccc(C(=O)N2CCC(N(C)C(C)=O)CC2)cc1-c1ccccn1","COc1cc(S(=O)(=O)NCCC(=O)O)c(OC)cc1Br","O=C(C[S+]([O-])Cc1ccc(-n2cccn2)cc1)NCC(F)(F)F","Cc1ccc2ccccc2c1NC(=O)Cc1csc(NC(=O)C(C)C)n1","NC1CCN(C(=O)CCN2C(=O)COc3cc(Br)ccc32)C1","Cc1nn(Cc2ccc(C(=O)Nc3ncccc3O)cc2)c(C)c1[N+](=O)[O-]","CC(=O)NC1CN(C(=O)c2cc(-c3ccco3)nc3c2cnn3C(C)C)C1","CN(C)C(CNC(=O)NC1CC1c1cccc(F)c1)c1cnn(C)c1","COc1cnc(F)c(-c2nc(-c3cccc(-n4c(C)c[nH]c4=O)c3)no2)c1","CCOC(=O)C1(C)CCCN1C(=O)c1csc(-c2ccccn2)n1","O=C1CCC(CCC(=O)N2CCC(c3nc(-c4ccccc4)n[nH]3)CC2)N1","CC(C)Oc1cc(C(=O)N2CCCC(C(=O)O)C2)ccc1Br","CCCNC(=O)CN1CCC(NCc2cccc(Br)c2)CC1","O=C(N1CCCC1)C1(O)CCCN(Cc2cc(=O)n3nccc3[nH]2)C1","N#Cc1ccc(NC(=O)C2CCN(C(=O)c3ccc(Cl)cc3)CC2)cc1","O=C(O)CN(Cc1cccc(Br)c1)C(=O)CC1CCOCC1","CCc1nc(S(=O)(=O)Nc2ccc(C(=O)O)cc2F)cn1CC1CC1","CCc1ccccc1NS(=O)(=O)c1ccc(Br)c(OC)c1","CCc1c(NS(=O)(=O)c2ccc(C(=O)O)cc2F)cnn1CC(C)C","CC(=O)NC(C(=O)Nc1nc(-c2ccc3ccccc3c2)cs1)C(C)C","CCCc1c(NC(=O)N2CCN(C3CC3)CC2)cnn1-c1cccc(C)c1","CNC(=O)C1COCCN1C(=O)CNC(=O)Cc1cccc2ccccc12","CN(CC1(O)CCOCC1)C(=O)c1cc(Cl)ccc1OC1CCCC1","COc1ccc(S(=O)(=O)N2CCN(c3ccncc3Cl)CC2)cc1","O=C(NC1CCC(C(=O)O)CC1)c1cc2ccccc2nc1N1CCCC1"
m_8114e3,"CC1(C)Cc2c(cnn2-c2ccccn2)CN(CCOCC(F)F)C1","CNCC1CCCN1S(=O)(=O)c1ccc(F)c(Br)c1","COc1ccc2cc(C(=O)NC3CCCc4c3cnn4C)c(C)nc2c1","CN(C(=O)c1ccoc1Br)C1CCOC1c1cccnc1","CC(=O)NC1CCN(C(=O)c2c[nH]nc2-c2ccc(Cl)s2)CC1","O=S(=O)(NCC1CCCNC1)c1cc(Br)ccc1F","C=CCNC(=O)CN1CCOC(c2ccccc2C(F)(F)F)C1","Cc1cccc(NC(=O)C2CCCN2C(=O)c2cccc3[nH]ccc23)n1","Cc1ccncc1N1CCN(C(=O)Cc2c[nH]c3c(C)cccc23)CC1","COc1cccc(C2CCCN2C(=O)c2cc3ccccc3c(=O)[nH]2)c1","c1cc(CN2CC(c3nc(C4CC4)n[nH]3)C(C3CC3)C2)n(CC2CC2)n1","COc1cncc(S(=O)(=O)NC2CCOC2c2cnn(C)c2C)c1","CCC(CC)c1nnc(NC(=O)N2CCCC2c2cccs2)s1","COC1CC(CNS(=O)(=O)c2ccco2)N(c2cc(C)ncn2)C1","CCOc1ncccc1C(=O)N(CC)Cc1nc2ccccc2c(=O)[nH]1","COC1CC(CO)N(CC(=O)NCCc2ccc(C(C)(C)C)cc2)C1","O=C(c1cc2ccccc2[nH]1)N1CCC(C(=O)O)(c2ccccc2)CC1","O=C(O)C1Cc2ccccc2CN1C(=O)c1cc(-c2ccccc2)no1","CC(C(=O)N1CCCC2(CNC(=O)C2)C1)c1ccc(Cl)s1","O=C1CCN(CC(O)COc2ccccc2F)c2ccc(F)cc2N1","CNS(=O)(=O)N1CCOC(c2ccc(Br)cc2)C1C","NS(=O)(=O)c1ccc(N2CCCC3(CC=CCC3)C2)c(C(=O)O)c1","O=C(c1cccc(-n2cncn2)c1)N1CCC(CO)(c2ccccc2)C1","Cc1cc(C(=O)NCCCN(C(C)C)S(C)(=O)=O)c(F)cc1F","CC1(C)Cc2c(cnn2-c2ccccn2)CN(CCOCC(F)F)C1"
m_82f2e2,"CN1C(=O)CC(C(=O)Nc2ccn(CC(=O)O)n2)c2ccccc21","Cc1nn(C)c2ncc(CN3CCCC(N4CCNC4=O)C3)cc12","CN(Cc1cc(C(=O)O)nn1C)C1CCCN(c2ccccc2)C1","O=C(O)C1CC2CCCCC2N1Cc1cc(F)cc2cccnc12","O=C(CN1CCCCC(O)C1=O)NCCc1nc2ccccc2[nH]1","COc1ccc2[nH]cc(CC(=O)NC(c3ncon3)C(C)C)c2c1","Cc1nnc2ccc(NCC3CC(F)CN3c3cccnn3)nn12","CN(C)C(=O)C1CCC(C2CCN(c3ccncc3C#N)CC2)O1","COc1ccccc1C=Cc1nnc(C2CCOC2C(C)(C)C)o1","Cc1nn(C)cc1CC(=O)N1CCCC1c1ccc(N(C)C)nn1","Cc1cc(NC(=O)N2CC(C)(C)OCC2C)nn1-c1ccccc1","CCC(NC(=O)c1ccc2c(c1)C(=O)N(C)C2=O)C1CCOCC1","CC1(COC(=O)c2ccc3c(c2)[nH]c(=O)n3C2CCCC2)COC1","CCCCc1cc(N2CCC(n3ccc(NC(C)=O)n3)C2)ncn1","CCCn1c(C)nnc1CSc1nnc(-c2ccc(C)cc2)[nH]1","Fc1ccccc1C(F)C1CCN(c2ncnc3[nH]ccc23)CC1","COc1cc(Cl)ccc1C(=O)Nc1ccc(-c2nnc[nH]2)cc1","Cc1cccc(C(C)NC(=O)NCC23CC2COC32CCC2)c1C","Cc1ccc(C)c(C(C)NC(=O)CCCNC(=O)c2ccco2)c1","CC(NC1CC(O)C1n1cccn1)c1ccc(C(=O)N(C)C)cc1","CCC(CC)CN(CCC#N)C(=O)c1cccc2c1OC(C)(C)C2","OC1(Cn2ccnn2)CCN(Cc2ccc(N3CCCC3)nc2)C1","COc1cccc(C2CN(Cc3nnc4n3CCCC4)CCO2)c1","CC(C)(C)c1ccc(S(=O)(=O)CCNC(=O)NCCO)cc1","Cc1noc(C2CC(O)CN2CC(=O)N2CCc3ccccc32)n1"
m_83ac87,"COc1cc(C)c(C)cc1S(=O)(=O)NCc1ccncc1","O=C(NCC1CCCOC1c1cn[nH]c1)N1CCCC1CO","NC(=O)C1(NC(=O)c2c(Cl)cccc2OCC2CC2)CC1","CCn1cc(OC2COCC2NC(=O)c2nocc2C)cn1","CCc1nn(C)c(CC)c1CNC(=O)NCc1cccs1","O=C(NCc1cccs1)NC1C2CCOC2C12CCCC2","Cc1cnc(C(C)CNC(=O)Nc2c[nH]c(=O)c(C)c2)s1","Cc1ccc(CCC2CCN(c3cnc(C#N)cn3)CC2)cc1","COc1ccc(OCC(=O)NCCc2csc(C)n2)cc1","CCCOc1ccc(S(=O)(=O)NCc2cccnc2)cc1","CCN(c1cccnc1)S(=O)(=O)c1ccc2c(c1)OCO2","Cn1nc(C(=O)NC(c2ccncc2)C2CC2)cc1C(F)F","O=C(Nc1cnn(Cc2ccncc2)c1)C1CCC(F)(F)C1","CC(C)(C)c1csc(CN2C(=O)CC3(CCCC3)C2=O)n1","CC1CC(N2CCOC(CN(C)c3cccnn3)C2)C(=O)O1","O=C(Cc1ncc[nH]1)N1CCCCC1c1cc2ccccc2[nH]1","CC(Nc1nc(C(C)(C)C)ns1)c1nnc2n1CCCC2","NCCC1CCN(C(=O)c2cc3ccc(F)cc3s2)CC1","Cc1csc(C2CN(c3cc(C(=O)O)ncn3)CCO2)n1","COCc1ccccc1C(=O)N1CCN(C2CCOC2)CC1","COc1ccccc1NC(=O)CCC1CCN(C(C)=O)CC1","CCC(C)(NC(=O)c1cc(C2CC2)n(C)n1)c1nccs1","N#Cc1nc(NCC2CCOC2c2ncn[nH]2)ccc1Cl","CCOc1ccc(CC(CNC(=O)C(C)(C)C)C(N)=O)cc1","CCCNC(=O)C12CC3CC(C1)CC(C(=O)NCCC)(C3)C2"
m_83e861,"CCn1cc(C2OCCCC2NC(=O)c2ccn(C)c(=O)c2)cn1","COCCn1cc2c(n1)C(NC(=O)c1cc(OC)ccn1)CCC2","COc1ncccc1CCNC(=O)C1Cn2c(C)nnc2CN1C","Cc1nc(-c2ccsc2)sc1C(=O)NC(C)Cn1ccnc1","CCc1nn(C)c(CC)c1CC(=O)N1CCCC1Cn1ccnn1","CC(C)c1[nH]ccc1C(=O)NC(c1nccn1C)C1CCOCC1","CCOc1cc(NCC2CCCN(C)C2c2ccnn2C)ncn1","CCOC(=O)Nc1ccc(NC(=O)C2CC=CCC2C(=O)O)cc1","COc1ccc2c(NC3CC(=O)N4CCCCC34)ncnc2c1F","CC1CC(C(=O)NCc2nccc(N)n2)(c2cccc(Cl)c2)C1","Cc1cc(C)c(C(=O)NCC2CC(=O)N(C)C2c2nccn2C)o1","CC(C)n1ncnc1NC(=O)C1(c2ccc(F)cc2)CCOCC1","CS(=O)(=O)Nc1ccc(F)cc1C(=O)NC1CC(C(=O)O)C1","CCc1nn(C)c(CC)c1CNC(=O)N1CCCc2occc2C1","CN1C(=O)CCC(NC(=O)CCn2cccn2)C1c1nccn1C","CCN1CCOC(CNC(=O)c2cnccn2)C1c1cnn(C)c1","CCc1nnc(C23CCCC2CN(C(=O)c2cnnn2CC)C3)o1","Cc1cc(C(=O)NC2CCCN(c3nccn(C)c3=O)C2)n(C)n1","Cc1coc(C)c1C(=O)NCC1CCCN(C)C1c1ccnn1C","CC1Cc2c(C(=O)NCc3cnc(N(C)C)nc3)n[nH]c2C(C)O1","Cc1nc(C)c(C)c(N2CCCC(C(=O)NCC(F)(F)F)C2)n1","Cc1ccn(CC(=O)NC2CCOCC2Nc2ccnc(C)n2)n1","Cc1nccc(NC2COCCC2NC(=O)Cc2cnn(C)c2)n1","Cn1cc(N2CCCC(n3cc(CC4(O)CCC4)nn3)C2=O)cn1","CCn1cc(C2OCCCC2NC(=O)c2ccn(C)c(=O)c2)cn1"
m_83fdb3,"CC1(NC(=O)c2cc3ccccc3c(=O)[nH]2)CCOCC1","CC(C)CC1COCCN1C(=O)NCCC1CCCO1","CC1CN(C(=O)c2cc3ccccc3c(=O)[nH]2)CC(C)O1","O=S(=O)(Nc1ccc2ncccc2c1)c1ccccc1","Cc1ccc(C2CCCN2C(=O)Cc2nc[nH]n2)cc1C","CN1CCC(NC(=O)c2cc(F)cc(Cl)c2O)C1=O","O=C(O)C1CC1C(=O)NCc1coc(-c2ccccc2)n1","COc1c[nH]c(C=Cc2ccc3c(c2)CC(C)O3)nc1=O","Cc1noc(C2CN(c3ccncc3C#N)CCN2C)n1","O=C(NCCc1cn[nH]c1)C1(c2cccnc2)CCCC1","Cc1noc(C)c1CN(C)C(=O)c1ccc2[nH]cnc2c1","CN(C(=O)c1cnccc1C#N)C1CC2CCC(C1)N2C","CN(C)c1cccc(C2CCCN2C(=O)c2cc[nH]n2)c1","Cc1cccc2[nH]cc(CCNC(=O)C3CC3C(=O)O)c12","COCCN1CCc2ccc(S(=O)(=O)N(C)C)cc21","CC(C)(C)C(O)CN1CCN(CC2CCCCO2)CC1","CC(Nc1ccnc2ccccc12)C1CN(C)CCN1C","Cn1[nH]c(=O)c2c(C(=O)NCC3CC3)cc(C3CC3)nc21","O=C(c1nc2ccccc2[nH]1)N1CCN(C2CC2)C(=O)C1","CCn1nncc1CNC(C)c1oc2ccccc2c1C","COCC1(C(=O)N2CCCC(C(N)=O)C2)CCOCC1","O=C(NCC1CCC(F)CC1)C12CNCC1CCOC2","COC1CN(C(=O)NCC2CCC(C)(C)O2)CCC1C","CC1(NC(=O)c2cc3ccccc3c(=O)[nH]2)CCOCC1","CC1(NC(=O)c2cc3ccccc3c(=O)[nH]2)CCOCC1"
m_847112,"CC1(C)Nc2ccccc2C1NC(=O)c1cc2n(n1)CC1(CCNCC1)OC2","CN1CCCc2ccc(S(=O)(=O)N3CCC(C(=O)NCCO)CC3)cc21","COc1cc(NC2CCN(C(=O)c3ccc4[nH]nnc4c3)CC2)cc(OC)c1","CCN(CC)C(=O)c1ccccc1NC(=O)c1cc(Cn2cc(C)cn2)on1","O=C(c1cc(Cl)ccc1NCc1ncnn1-c1ccccc1)N1CCCC1","COc1cccc(-c2nsc(NC(=O)c3cc(F)c(F)cc3Cl)n2)c1","COCCN(C(=O)C1CC(C)(C)Oc2ccccc21)C1CCS(=O)(=O)C1","NC1CN(C(=O)c2cc3n(n2)CC2(CCNCC2)OC3)CC1c1ccccc1","CN(Cc1ccccc1N1CCOCC1)C(=O)CCNC(=O)c1ccccc1","CC(C)Cn1ncc(C(=O)NC2CCOc3c(Cl)cccc32)c1C(F)F","CCOc1ccccc1NC(=O)CN1CCN(c2ccc3nncn3n2)CC1","Cc1oc(-c2cccs2)nc1C(=O)NC(C)c1ccc2c(c1)CCC(=O)N2","COc1ccc(Cl)cc1CNC(=O)N1CCN(C2CCOCC2)CC1C","CC1(C)Nc2ccccc2C1NC(=O)c1cc2n(n1)CC1(CCNCC1)OC2","CC1(C)Nc2ccccc2C1NC(=O)c1cc2n(n1)CC1(CCNCC1)OC2","CC1(C)Nc2ccccc2C1NC(=O)c1cc2n(n1)CC1(CCNCC1)OC2","CC1(C)Nc2ccccc2C1NC(=O)c1cc2n(n1)CC1(CCNCC1)OC2","CC1(C)Nc2ccccc2C1NC(=O)c1cc2n(n1)CC1(CCNCC1)OC2","CC1(C)Nc2ccccc2C1NC(=O)c1cc2n(n1)CC1(CCNCC1)OC2","CC1(C)Nc2ccccc2C1NC(=O)c1cc2n(n1)CC1(CCNCC1)OC2","CC1(C)Nc2ccccc2C1NC(=O)c1cc2n(n1)CC1(CCNCC1)OC2","CC1(C)Nc2ccccc2C1NC(=O)c1cc2n(n1)CC1(CCNCC1)OC2","CC1(C)Nc2ccccc2C1NC(=O)c1cc2n(n1)CC1(CCNCC1)OC2","CC1(C)Nc2ccccc2C1NC(=O)c1cc2n(n1)CC1(CCNCC1)OC2","CC1(C)Nc2ccccc2C1NC(=O)c1cc2n(n1)CC1(CCNCC1)OC2"
m_875d74,"Cc1cc(O)nc(C(=O)N(C2CCC(C)CC2)C2CC2)c1","O=C(NC1CCCCC1)C1CCN(c2cnccn2)CC1","CCS(=O)(=O)NCCNC(=O)c1ccc(Cl)cc1","CC[S+]([O-])c1ccccc1C(=O)Nc1ncccc1O","CN(CC(=O)Nc1nncs1)C1CCc2ccccc21","CN(C)C(=O)N1CCC(c2nc(-c3ncc[nH]3)no2)CC1","CCc1noc(CC)c1CNC(=O)c1ccc(O)cc1C","CC(Nc1cccc(NC(=O)CO)c1)c1cccc(F)c1","Cc1nc(COc2ccc(NC(=O)C3(N)CC3)cc2)no1","CC1CCC2(CCN(C(=O)CCCCc3c[nH]nn3)C2)C1","CC(C)(C)NC(=O)CN1CCS(=O)(=O)CC1C1CC1","COc1cncc(S(=O)(=O)NC(C(=O)O)C(C)C)c1","Cc1cccnc1C(NC(=O)c1ccccc1F)C(C)C","Cc1ccc2[nH]c(C(=O)N3CC(O)CC3CO)cc2c1C","O=C1CCCc2cc(C(=O)NC3CCCCC3)ccc2N1","O=C1Nc2ccccc2CCC1N1CCOCC2(CC2)C1","OC(COc1cccc(C(F)(F)F)c1)Cn1cccn1","NC1CN(C(=O)c2ccc3c(n2)CNCC3)CC12CCC2","CN1CCN(c2oc(-c3ccc(F)cc3)nc2C#N)CC1","COC1CN(c2ccnc(C3CC3)n2)CC1c1c[nH]nn1","Fc1ccc2oc(NCC3CCc4nccn4C3)nc2c1","CN1C(=O)CCC1C(=O)NCC1(O)Cc2ccccc2C1","COc1cc(C(=O)Nc2cn(C)c(=O)cc2C)ccc1C","COc1cccc2c1CCC2NC(=O)NC1CCCCC1","CCOCC1CN(Cc2cc[nH]c2)CC1c1cnn(C)c1"
m_88505f,"Cc1noc(C2CN(Cc3cc(Br)c[nH]3)CCN2C)n1","NC(=O)CC1(NC(=O)c2ccncc2Br)CCCCC1","COC1CC(c2nc(C)n[nH]2)N(C(=O)CCc2ccc(C#N)cc2)C1","CC(C)(O)C1CCCN1C(=O)NCc1cccc(-c2ccccn2)c1","O=C(CCC1CCCCO1)NC1CCN(CC(=O)NC2CC2)CC1","CCOC1CC(O)C12CCN(c1c(C#N)cnc3ccccc13)CC2","CCc1ccc(C(=O)N2CCCN(Cc3ccc(C#N)cc3)CC2)o1","Cc1nn(C)c2nc(C=Cc3cnn(C4CCC4)c3)cc(C(=O)O)c12","Cc1noc(C2OCCC2CNC(=O)Cc2cccc(F)c2F)n1","CCCc1n[nH]c(C2CN(CC(=O)NC3CCOCC3)CCO2)n1","CC(CS(C)(=O)=O)N(C)C(=O)C1CCCC2CCCCC21","CCCC(C)(CO)NC(=O)c1c[nH]c2ncc(Br)cc12","CCn1nccc1C1OCCCC1CNCc1c(Cl)cnn1C","O=C1CCC(C(=O)N2CCC(c3ccnc4ccccc34)CC2)CN1","CC(C)c1n[nH]c(C2CN(CC(=O)NC3CCOCC3)CCO2)n1","CCn1nccc1C=C1CCn2c1nc1ccc([N+](=O)[O-])cc1c2=O","CC(CO)N(C)c1cc(Oc2ccccc2Br)ncn1","Cc1ncc(C(=O)NCc2ccc(OCC(F)(F)F)cc2)c(C)n1","Cc1cc(Cl)ccc1OCC(=O)NC1CC(O)C12CCOCC2","O=C(NC1CCOCC1O)c1cnn2cccc(Br)c12","COC(=O)C1(NC(=O)C2COc3ccc(Br)cc32)CC1","O=C(Cn1cnnn1)N1CCc2cc(Br)cc(F)c2C1","Cc1c(Br)cc(S(=O)(=O)NCCF)cc1C(=O)O","CN(CCF)S(=O)(=O)c1ccc(C(=O)O)cc1Br","O=C(O)C1(C(=O)NC2CCOc3c(Br)cccc32)CC1"
m_88a263,"CC1(C(=O)O)CCN(C(=O)c2ccc(-c3ccc(F)cc3)o2)C1","CC(NC(=O)CNc1ccccc1N1CCC(O)CC1)C1CC1","C1=CC2(CCCN(c3ncnc4nc[nH]c34)C2)Oc2ccccc21","CCOC1CC(NC(=O)c2cc(C#N)[nH]c2C)C12CCOCC2","Cc1cc2c(cc1C)OC(C(=O)NCCC(O)C(F)(F)F)C2","CC(CC(=O)N(C)CCC(=O)O)c1cccc(C(F)(F)F)c1","CC(C)c1nnc(NCc2csc(-c3ccccn3)n2)s1","CCN1CCN(c2cc(COC)nc3ccc(F)cc23)CC1=O","O=C(Nc1ccc2oc(C3CC3)nc2c1)c1c[nH]c2ccccc12","COc1ccccc1N1CCC(C)N(CC(=O)NC2CC2)CC1","O=C(CCN1CCN(c2ccccc2)CC1)NCC1CCOC1","COc1cccc2c(C)c(C(=O)N3CCOCC3C(=O)O)oc12","CCn1ncc2ccc(NC(=O)C3(C(=O)O)CCOCC3)cc21","CC1CCC(N(C)C(=O)c2cccnc2N2CCOCC2)CC1","OC1CCOCC1C1CCCN1c1ncnc2ccc(F)cc12","OC1CC(c2cc(F)ccc2F)N(c2ncnc3nc[nH]c23)C1","CC(O)CN1CCN(Cc2cc(F)cc3cccnc23)CC1C","CCc1ccnc(C(=O)N2CCN(c3nc(C)ns3)CC2)c1","COC1(CNc2ccc(C(=O)N3CCC(C)CC3)cn2)CCC1","COCc1n[nH]c(C2CN(Cc3coc(C)n3)CC2C2CC2)n1","CNC(=O)CC1(O)CCCN(c2nccc3ccc(F)cc23)C1","Cc1[nH]nc2ncc(C(=O)NCC3(C(N)=O)CCOCC3)cc12","CC(OCC1CCCO1)C(=O)N(C)c1nc2ccccc2n1C","CC(=O)N1CCC(NC(=O)CN(C)c2cc(C)cc(C)c2)CC1","O=C(O)CC1(NC(=O)c2ccc3c(c2)CCOC3)CCOCC1"
m_895051,"O=C(c1cccc2c1OCO2)N(CC1CCCCC1)c1ccccn1","O=C(NCCc1cn2c(n1)CCCC2)c1cccnc1C(F)(F)F","Cn1nc(C(=O)NCCc2cc(C(F)(F)F)ccn2)cc1C1CC1","O=S(=O)(c1c[nH]c2ncc(Cl)cc12)N1CCC2(CCCN2)C1","O=C1CC(c2ccccc2)N(C(=O)c2ccc(C(=O)O)cc2)CCN1","O=C(c1ncccc1C(F)(F)F)N1CCC(Cc2ncc[nH]2)CC1","COc1ccc(C2(C(=O)NCc3nccc(N)n3)CCCCC2)cc1","Cn1ccnc1C1CCCN(C(=O)c2ncccc2C(F)(F)F)C1","CC(=O)N1CCC(CNS(=O)(=O)c2csc3ccccc23)C1","CCC1CN(C)c2ccccc2CN1C(=O)c1ccc(C(N)=O)nc1","COc1cccc(C=c2sc3nc4ccccc4n3c2=O)c1OC","Cc1ccc(CNC(=O)NC2CN(Cc3ccccc3)CC2C)cn1","O=C(NC1(c2ccc(Cl)cc2)CCC1)c1ncoc1C1CC1","Cc1ccc2[nH]nc(C(=O)NC3CCc4nnc(C(C)C)n4C3)c2c1","Cc1sc(CCNC(=O)Nc2cccnc2)nc1-c1ccccc1","CNC(=O)c1ccc(CN(C)C(=O)CC2CCCC(C)C2)cc1","O=C(c1cccc2c1OCO2)N(CC1CCCCC1)c1ccccn1","O=C(c1cccc2c1OCO2)N(CC1CCCCC1)c1ccccn1","O=C(c1cccc2c1OCO2)N(CC1CCCCC1)c1ccccn1","O=C(c1cccc2c1OCO2)N(CC1CCCCC1)c1ccccn1","O=C(c1cccc2c1OCO2)N(CC1CCCCC1)c1ccccn1","O=C(c1cccc2c1OCO2)N(CC1CCCCC1)c1ccccn1","O=C(c1cccc2c1OCO2)N(CC1CCCCC1)c1ccccn1","O=C(c1cccc2c1OCO2)N(CC1CCCCC1)c1ccccn1","O=C(c1cccc2c1OCO2)N(CC1CCCCC1)c1ccccn1"
m_89a6f2,"CC1CN(Cc2nc(C(F)(F)F)cs2)CCN1S(C)(=O)=O","Cc1noc(C2CCN(C(=O)c3c(F)cccc3C(F)(F)F)C2)n1","CNc1cc(N2CCCC2CNc2ncc(C#N)cc2Cl)ncn1","CN(Cc1cnccn1)C(=O)NC1CCN(c2ccc(Cl)cc2)C1","Cc1ccn(C)c1C(=O)N(C)CC1CCCN(C)C1c1cncn1C","CC(=O)Nc1ccc(F)c(C(=O)Nc2ccc(F)cc2NC2CC2)c1","Cc1ccc(N2CCCN(CC(=O)Nc3cccc(F)c3)CC2)nn1","O=C(CCC(=O)NC1CCCCCC1)Nc1ccc2[nH]c(=O)[nH]c2n1","CC(C)c1nc2n(n1)CC(NCc1cc(-c3cccs3)on1)CC2","Cc1c(C(=O)N2CCCN(Cc3noc(C4CC4)n3)CC2)ccn1C","COc1cc(C(=O)N2CC(c3nc(C4CC4)n[nH]3)C(C3CC3)C2)on1","Cc1n[nH]c(CC(=O)N2CC3CCC(NC(=O)C4CCCC4)C3C2)n1","CCc1nnc2n1CCN(C(=O)c1nc(-c3cccs3)oc1C)C2","CCC(CC)n1nc(C)cc1C(=O)Nc1cc(C2CCOCC2)[nH]n1","O=C1CC(c2nc(-c3ccc(F)cc3)no2)CN1C1CCCCCC1","CNC(=O)c1ccc(NC2CCCN(c3ccccc3F)C2=O)nn1","CC(C)(C)C(=O)N1CCCC(c2nc(-c3cc(C(N)=O)c[nH]3)no2)C1","O=C(NCc1cccc(F)c1)NCc1nc(-c2ccc(F)cc2)n[nH]1","COc1ccc(NC(=O)N2CCC(C(F)(F)F)C(C)(C)C2)c(C)n1","Cc1n[nH]c(C2CN(CC(=O)NCCc3ccccc3C)CCO2)n1","COc1ccccc1OCCNS(=O)(=O)c1cc(F)cc(F)c1","Cc1ccnc(O)c1C(=O)NC1CCN(c2nccn(C)c2=O)CC1","Cc1cnccc1NS(=O)(=O)c1ccc(C#N)c(C(F)(F)F)c1","CC(C)CCn1cccc1CN1CCCC(c2nnc3n2CCC3)C1","CC(C)Cc1cc(C(=O)N2CCN(c3ncccn3)CC2)cc(O)n1"
m_89b9d2,"Cc1cc(C(=O)N2CCCC(C(=O)O)C2)c(Cl)cc1F","CC1(C(=O)O)CCN(C(=O)c2cccc(-n3cccn3)c2)C1","Cc1cc(C(=O)N(CCC(=O)O)C2CC2)c(Cl)cc1F","CC(C)(O)C1CCCN1C(=O)c1cc(F)c(O)c(Cl)c1","O=C(O)C1CCN(C(=O)c2cccc(OC(F)F)c2)CC1","O=C(O)C1CCCN(C(=O)c2c[nH]nc2-c2ccccc2)C1","O=C(O)C1COCCN1C(=O)c1ccc(-n2cccn2)cc1","CC1(C(=O)O)CCN(C(=O)Cc2c(F)cccc2Cl)C1","COCC1CCN(C(=O)Cn2nc(C)c(Cl)c2C)CC1","O=C(CC1CCOC1)NC(C(=O)O)c1cc(F)ccc1F","Cc1cccc2c(N3CCCCC3CNC(N)=O)ncnc12","O=C(COc1ccc(F)cc1Cl)NC1(C(=O)O)CCC1","Cc1cc(C(=O)N2CCCC(C(=O)O)C2)c(Cl)cc1F","Cc1cc(C(=O)N2CCCC(C(=O)O)C2)c(Cl)cc1F","Cc1cc(C(=O)N2CCCC(C(=O)O)C2)c(Cl)cc1F","Cc1cc(C(=O)N2CCCC(C(=O)O)C2)c(Cl)cc1F","Cc1cc(C(=O)N2CCCC(C(=O)O)C2)c(Cl)cc1F","Cc1cc(C(=O)N2CCCC(C(=O)O)C2)c(Cl)cc1F","Cc1cc(C(=O)N2CCCC(C(=O)O)C2)c(Cl)cc1F","Cc1cc(C(=O)N2CCCC(C(=O)O)C2)c(Cl)cc1F","Cc1cc(C(=O)N2CCCC(C(=O)O)C2)c(Cl)cc1F","Cc1cc(C(=O)N2CCCC(C(=O)O)C2)c(Cl)cc1F","Cc1cc(C(=O)N2CCCC(C(=O)O)C2)c(Cl)cc1F","Cc1cc(C(=O)N2CCCC(C(=O)O)C2)c(Cl)cc1F","Cc1cc(C(=O)N2CCCC(C(=O)O)C2)c(Cl)cc1F"
m_8b6b8e,"Cc1nn(C)c(C)c1CC(=O)Nc1cccnc1O","COc1cc(C)ccc1OCc1nnnn1C1CC1","O=C(NCCc1ccc(F)cc1)c1cccnc1O","Cc1nnc(NC(=O)c2cccc(F)c2)n1C1CC1","CCc1c(C)sc2nc(-c3ccoc3)[nH]c(=O)c12","CCc1ccc(C(=O)NC(C)c2cccnc2)s1","O=C(c1cc(-c2ccc(F)cc2)on1)N1CCCC1","Cc1cc(C(=O)NCc2nccc(N)n2)sc1C","CC1(NC(=O)CCc2ccncc2)CCCCCC1","Cn1c(CNC(=O)c2ccco2)nnc1C1CCC1","CCCc1cc(C(=O)Nc2ccc(NC)nc2)no1","Cc1ccc(NC(=O)Cc2c(C)noc2C)cc1F","Cc1ccc(NC(=O)C2CCCCC(=O)N2)c(C)c1","Cc1ccc(C)c(NC(=O)CSc2nnc[nH]2)c1","Cc1nc(NC(=O)C(C)Oc2ccccc2)n(C)n1","Fc1cnc(N2CCN(c3ccnnc3)CC2)nc1","Cc1cc(C)c(CNC(=O)Cn2cccn2)c(=O)[nH]1","CCCCc1cc(NC(=O)c2ccc(O)nc2)[nH]n1","CCOc1cc(NCc2cccc(OC)n2)ncn1","CC(C)c1cc(C(=O)N2CC3CC=CCC3C2)on1","Cc1cnn(CC2CCCN2Cc2cc(C)no2)c1","Cc1nn(C)c(C)c1CC(=O)Nc1cccnc1O","Cc1nn(C)c(C)c1CC(=O)Nc1cccnc1O","Cc1nn(C)c(C)c1CC(=O)Nc1cccnc1O","Cc1nn(C)c(C)c1CC(=O)Nc1cccnc1O"
m_8bb047,"Cc1ncccc1NC(=O)Cc1c[nH]c2ncccc12","N#Cc1ccc(NC2c3ccccc3CC2O)c(F)c1","Cc1ccccc1C1CCN(C(=O)c2ccccn2)C1","O=C(O)c1cccc(NCC(CO)C2CCOC2)n1","O=C(CCc1cccnc1)Nc1nc2ccccc2[nH]1","COCC(O)CN(C)c1cc(N2CCCC2)ncn1","Cn1ncc2cc(S(=O)(=O)NC3(C)CC3)cnc21","COCc1cc(C(=O)N(C)C2CCNC2)ccc1F","CC(NS(=O)(=O)c1cnn(C)c1)c1cccnc1","O=C(c1ccncc1)N1CCC(c2ccccc2)CC1","O=C(NCc1cccnc1)c1ccc(C2CCC2)cc1","O=C(c1ccc(O)cn1)N1CCC(c2ccccc2)C1","COC(=O)C1CCc2nnc(C(=O)NC(C)C)n2C1","Cc1sc(-c2ccco2)nc1C(=O)NCCCO","O=C(NCc1cccc(F)c1)NC1CCC(O)CC1","Cc1cc(C(=O)N(C)C2CCNCC2)ccc1Cl","Cc1cscc1NC(=O)N1CCCC1CCCO","Cc1cc(C(=O)N2CCN(CC(C)O)CC2C)[nH]n1","CC1(C)CC(NCCC2CCC(=O)N2)CC(C)(C)C1","O=C(NC1CCOC1)NC1CCC2CCCCC2C1","Cn1ncnc1COc1ccc(S(N)(=O)=O)cc1","COc1cc(C)nc(N2CC(OC)CC2C(N)=O)n1","COCC1CN(c2ccc(C(=O)OC)cn2)CCO1","CC1NC(=O)CCC1Nc1cncc(OCCO)n1","CN(C)C(CNC(=O)c1cn(CCN)nn1)C1CC1"
m_8c72d4,"Cc1scc(C(=O)NCCN2CCN(C(=O)c3csc(C)c3C)CC2)c1C","O=C(Nc1ccc2nc(N3CCOCC3)sc2c1)c1cc(-c2ccccc2)[nH]n1","O=C(C1CC1)N1CCCC(c2nc(C3(c4cccc(C(F)(F)F)c4)CC3)no2)C1","Cc1c(C(=O)N2CCC(C3OCCCC3N)CC2)nnn1-c1ccc(F)c(F)c1","Cn1cc(C2C(CNC(=O)c3cc[nH]c3C3CC3)CC(=O)N2C(C)(C)C)cn1","COCCn1c(NC(=O)c2ccccc2Cl)c(C#N)c2nc3ccccc3nc21","Cn1c(=O)c2c(nc(N3CCN(CC(=O)N4CCOCC4)CC3)n2C)n(C)c1=O","O=C(NC1CCN(Cc2ccc(C(F)(F)F)cc2)C1)c1snc(O)c1Cl","CCN(CC)S(=O)(=O)c1ccc2nc(O)cc(C(=O)NCC(F)(F)F)c2c1","COc1ccc(NC(=O)C(C)NC(=O)c2ccccc2NC(=O)c2ccco2)cc1","O=C(c1ncsc1-c1ccccc1)N1CCC(S(=O)(=O)N2CCCC2)CC1","O=C(Nc1nccs1)C1CCN(c2ncnc3c2cnn3-c2ccccc2)CC1","Cc1cc(N2CCN(C(=O)c3ccc(Cn4cncn4)cc3)CC2)nc(C(C)C)n1","Cc1ccc(F)c(S(=O)(=O)N2CCC(Oc3cccnc3N3CCCC3)C2)c1","CC(C)N(CC(=O)N1c2ccc(S(N)(=O)=O)cc2CC1C)c1ccc(F)cc1","C=CCN1C(=O)c2ccc(C(=O)N(C)CC(=O)Nc3ccc(OC)cc3)cc2C1=O","COCCN(CC(=O)Nc1cccc(C)c1C)C(=O)c1cnn(-c2ccccc2)n1","Cc1noc2nc(-c3cccc(C(F)(F)F)c3)cc(C(=O)N3CC(C(C)O)C3)c12","Cc1cc(C(=O)N2CCN(c3ncc(Cl)cc3Cl)CC2)c2c(C)noc2n1","Cn1c(=O)c2c(ncn2CCCC(=O)NC2CCCCCC2)n(C)c1=O","NC(=O)CSCCC(=O)Nc1ccc(Cl)c(S(=O)(=O)N2CCCC2)c1","CCOCc1ccccc1CNC(=O)C1CCOC1c1cnn(-c2ccccc2)c1","Cc1scc(C(=O)NCCN2CCN(C(=O)c3csc(C)c3C)CC2)c1C","Cc1scc(C(=O)NCCN2CCN(C(=O)c3csc(C)c3C)CC2)c1C","Cc1scc(C(=O)NCCN2CCN(C(=O)c3csc(C)c3C)CC2)c1C"
m_8d19fa,"CCOc1cc2c(cc1CNc1ncnc(N)c1Cl)OC(C)C2","Cc1cccc2c1OCCC2NC(=O)c1coc(CC2CC2)n1","Cc1cccc2c1OCCC2NC(=O)c1ccc(-c2ncn[nH]2)cc1","COCCN1CC(C(=O)NC2(c3ccccc3F)COC2)CC1=O","Cc1cc(C)n(-c2cccc(NC(=O)CC(C)c3ccncc3)c2)n1","COc1ccc(C)cc1CCNC(=O)c1ccc(N(C)C)cc1","Cc1ccc(C(=O)N(C)C)cc1NCC(=O)NC(=O)NC(C)(C)C","Cc1cccc2c1OCCC2NC(=O)c1c[nH]c(=O)c2ccccc12","C=CCc1cc(C(=O)N2CCN(CCO)CC2)cc(OC)c1OC","O=C(c1cccc(NS(=O)(=O)c2cn[nH]c2)c1)N1CCCCC1","Cn1ncc2c(N)nc(N3CC(c4ccccc4)C4(CCC4)C3)nc21","O=C(NCCc1c[nH]c2ccccc12)c1ccc(NCC2CC2)nc1","CCOCC1CCCN(S(=O)(=O)c2csnc2C(=O)O)C1","CC(NC(=O)c1cc(Cl)cn1C)c1ccc(OCC(=O)O)cc1","O=C(NC1CCCc2ccc(F)cc21)N1CCCC(CCO)CC1","CCOc1cc2c(cc1CNc1ncnc(N)c1Cl)OC(C)C2","CCOc1cc2c(cc1CNc1ncnc(N)c1Cl)OC(C)C2","CCOc1cc2c(cc1CNc1ncnc(N)c1Cl)OC(C)C2","CCOc1cc2c(cc1CNc1ncnc(N)c1Cl)OC(C)C2","CCOc1cc2c(cc1CNc1ncnc(N)c1Cl)OC(C)C2","CCOc1cc2c(cc1CNc1ncnc(N)c1Cl)OC(C)C2","CCOc1cc2c(cc1CNc1ncnc(N)c1Cl)OC(C)C2","CCOc1cc2c(cc1CNc1ncnc(N)c1Cl)OC(C)C2","CCOc1cc2c(cc1CNc1ncnc(N)c1Cl)OC(C)C2","CCOc1cc2c(cc1CNc1ncnc(N)c1Cl)OC(C)C2"
m_8d374f,"CCCc1nc(C)c(C(=O)N2c3ccccc3NC(=O)C2C)s1","CC1CN(Cc2c(Cl)cccc2C(=O)O)CCN1S(C)(=O)=O","COc1ccc(C2CCN(c3cc(C)nc(-c4ccncc4)n3)C2)cc1","NS(=O)(=O)CC1CCN(c2ncnc3c2oc2ccccc23)CC1","OCC1(F)CCCN(c2nc3ccccc3nc2N2CCOCC2)C1","Cc1ccc(Cc2nc(-c3ccc(-n4nc(C)cc4C)nc3)no2)cn1","NS(=O)(=O)c1ccc(CCNC2CCCc3cc(F)ccc32)cc1","COc1cc(Cl)ccc1C(=O)N1CCC(CS(N)(=O)=O)CC1","O=C(O)CN1CCCCC(N2CCN(Cc3cccnc3)CC2)C1=O","O=C(NC1COc2ccccc21)c1ccc2c(c1)C(=O)N(C1CC1)C2=O","Cc1ccccc1C1CC(N(C(=O)c2cnc3[nH]ncc3c2)C2CC2)C1","O=S(=O)(Cc1ccccc1F)NCc1ccc(-n2cccn2)nc1","Cc1c(C(=O)Nc2cccnc2)cnn1-c1cccc(C(F)(F)F)c1","CCc1noc2ncc(S(=O)(=O)NC3CCCn4ncnc43)cc12","O=C(Nc1cccc(NC(=O)C2CC2)c1)c1ccccc1C(F)(F)F","CN(C)C(=O)C1CCCN(CC(=O)Nc2ccc(C#N)c(Cl)c2)C1","O=C(CC1CCCC1(F)F)Nc1cccc(-c2nc(C3CC3)n[nH]2)c1","Cc1cc(NC(=O)N2CCCC2c2nc(-c3ccccc3)n[nH]2)ccn1","CCc1nc(CS(=O)(=O)c2nccn2-c2cccc(C)c2C)no1","Cn1c(C2CCCN2c2ncc(Cl)cc2Cl)nc2ccccc21","CS(=O)(=O)c1cccc(Br)c1N1CCC(C(N)=O)C1","COc1ccc(C)cc1C1(CNC(=O)C2CCC(N)C2)CCOCC1","C=C(C)CN(C)C(=O)NCC1(c2cc(C)ccc2OC)CCOCC1","Cc1ccncc1C1CCN(C(=O)c2ccc(-n3cccn3)c(C)c2)C1","CCn1cc(Br)cc1C(=O)NC1(C(=O)O)CCSC1"
m_8d75c7,"Cc1cnc(C(NC(=O)Cc2ccc(-n3cnnn3)cc2)C2CC2)s1","COC1CN(C(=O)c2ccc(C)c(Cl)c2Cl)CC1c1c[nH]nn1","O=C(NCC1(O)CCCCCC1)Nc1nnc(C2CCOCC2)s1","COc1ccc(-c2noc(CCCC(=O)Nc3ccncc3O)n2)cc1","Cc1ccc(Cc2noc(C3CC(=O)N(Cc4ccccn4)C3)n2)s1","CC1CCCN(Cc2csc(NC(=O)C3CC3c3cccnc3)n2)C1","CC(CNC(=O)C1CCN(C2CC2)CC1)c1ccc(C(F)(F)F)cc1","FC(F)(F)c1nc(NC2CCN(C3CCCC3)CC2)c2nc[nH]c2n1","O=C(c1ccnc(OCC(F)F)c1)N1CCC(OC2CCCC2)CC1","CC(=O)N(CCc1ccccc1)CC(=O)N1CCC(c2nccn2C)C1","Cc1cnc(C(NC(=O)Cc2ccc(-n3cnnn3)cc2)C2CC2)s1","Cc1cnc(C(NC(=O)Cc2ccc(-n3cnnn3)cc2)C2CC2)s1","Cc1cnc(C(NC(=O)Cc2ccc(-n3cnnn3)cc2)C2CC2)s1","Cc1cnc(C(NC(=O)Cc2ccc(-n3cnnn3)cc2)C2CC2)s1","Cc1cnc(C(NC(=O)Cc2ccc(-n3cnnn3)cc2)C2CC2)s1","Cc1cnc(C(NC(=O)Cc2ccc(-n3cnnn3)cc2)C2CC2)s1","Cc1cnc(C(NC(=O)Cc2ccc(-n3cnnn3)cc2)C2CC2)s1","Cc1cnc(C(NC(=O)Cc2ccc(-n3cnnn3)cc2)C2CC2)s1","Cc1cnc(C(NC(=O)Cc2ccc(-n3cnnn3)cc2)C2CC2)s1","Cc1cnc(C(NC(=O)Cc2ccc(-n3cnnn3)cc2)C2CC2)s1","Cc1cnc(C(NC(=O)Cc2ccc(-n3cnnn3)cc2)C2CC2)s1","Cc1cnc(C(NC(=O)Cc2ccc(-n3cnnn3)cc2)C2CC2)s1","Cc1cnc(C(NC(=O)Cc2ccc(-n3cnnn3)cc2)C2CC2)s1","Cc1cnc(C(NC(=O)Cc2ccc(-n3cnnn3)cc2)C2CC2)s1","Cc1cnc(C(NC(=O)Cc2ccc(-n3cnnn3)cc2)C2CC2)s1"
m_8db7e3,"Cn1ncc(NC(=O)NC2CCNCC(C)(C)C2)c1C(F)F","O=C(Nc1cccnc1)C1CCC(NC(=O)C2CCCC2)CC1","Cc1nc(CC(=O)N2CCC(=O)Nc3ccccc32)c(C)s1","CNC(=O)C1CC(=O)N(C2CN(C(=O)C3CC(F)(F)C3)C2)C1","CC1CCCN(C(=O)CS(=O)(=O)c2cccc(Cl)c2)C1","Cc1ccc2c(CC(=O)N3CCC(O)CC(C)(C)C3)coc2c1","O=C(c1coc2ccccc12)N1CC2COCCC2(C(=O)O)C1","Cc1ccccc1C1CN(Cc2cc(=O)c(O)co2)C(C)CO1","Cc1nc(CC2CC2)sc1C(=O)N1CCOc2ccncc21","O=C(NCCn1ccnc1)c1cc(Cl)cc(C(F)(F)F)c1","COCc1nc(OC)cc(N2CCc3ccc(O)cc3CC2)n1","O=C1C(N(Cc2cccnc2)CC2CCCO2)CCN1C1CC1","CCn1nc(C)cc1C(=O)NC(C)(C)Cc1ccccc1OC","CC1CCc2c(F)cccc2C1NC(=O)NCc1ncnn1C","CCNC(=O)c1ccc(NC(=O)c2ncsc2C(C)C)cc1","Cc1nc2ccnn2c(C)c1C(=O)N1CC2OCCN(C)C2C1","CCC(NC(=O)C1CCCN(C(=O)N2CCCC2)C1)C(F)F","Cc1nn(-c2ccccc2)c(C)c1CC(=O)NCC(C)C(=O)O","C=CCN(C1CC1)S(=O)(=O)c1cc(Cl)ccc1C(=O)O","CC1(C2CC2)COCCN1Cc1nnc(-c2cccc(O)c2)o1","Cn1ncc(NC(=O)NC2CCNCC(C)(C)C2)c1C(F)F","Cn1ncc(NC(=O)NC2CCNCC(C)(C)C2)c1C(F)F","Cn1ncc(NC(=O)NC2CCNCC(C)(C)C2)c1C(F)F","Cn1ncc(NC(=O)NC2CCNCC(C)(C)C2)c1C(F)F","Cn1ncc(NC(=O)NC2CCNCC(C)(C)C2)c1C(F)F"
m_8e45f7,"CN(c1ccc(C(=O)O)cc1)S(=O)(=O)c1cnc2n1CCCC2","Cc1ncsc1C(=O)N(C)Cc1nccn1CC(F)(F)F","Cc1nn(C)c(C)c1CC(C)C(=O)N1CCCC(CCC(=O)O)C1","CNC(=O)CC1(O)CCCN(C(=O)c2ccc(OC(C)C)nc2)C1","COc1cc(OC)cc(C(=O)N(CCC(=O)O)C2CCOCC2)c1","CN(CC1CCOC1)C(=O)NC1CCCN(c2ccccc2F)C1","O=C1CSc2ccc(C(=O)Nc3cccc4cccnc34)cc2N1","CCc1nc(S(=O)(=O)Nc2ncc(C#N)s2)cn1CC1CC1","CCOC(=O)C1(NC(=O)CCc2c(C)nn(C)c2C)CCCCC1","Cc1cc(C)c(C(=O)N(C)C2CCCCC2S(C)(=O)=O)o1","CCC(C)(NC(=O)Nc1ccn(CC(=O)N(C)C)n1)C(F)(F)F","O=C(NC1C2Cc3ccccc3C21)N1CCN(c2cnccn2)CC1","CCOC1CC(NC(=O)c2cc(C(C)C)oc2C)(C(=O)O)C1(C)C","COc1ccccc1NC(=O)C(C)[S+]([O-])Cc1cccc(F)c1","Cc1cc(C)c(C(=O)NCC2(N3CCOCC3)CCN(C)CC2)o1","CCn1nc(C)c(S(=O)(=O)Nc2ccc(C(=O)O)cc2C)c1C","COc1ccccc1NC(=O)C(C)[S+]([O-])Cc1ccccc1F","CC(C)=CC1C(C(=O)Nc2ccccc2CS(C)(=O)=O)C1(C)C","CC(C)C1C(=O)NCCN1C(=O)c1csc(-c2cccs2)n1","CN(c1ccc(C(=O)O)cc1)S(=O)(=O)c1cnc2n1CCCC2","CN(c1ccc(C(=O)O)cc1)S(=O)(=O)c1cnc2n1CCCC2","CN(c1ccc(C(=O)O)cc1)S(=O)(=O)c1cnc2n1CCCC2","CN(c1ccc(C(=O)O)cc1)S(=O)(=O)c1cnc2n1CCCC2","CN(c1ccc(C(=O)O)cc1)S(=O)(=O)c1cnc2n1CCCC2","CN(c1ccc(C(=O)O)cc1)S(=O)(=O)c1cnc2n1CCCC2"
m_8eaf01,"COc1cc(CCNC(=O)C2CC3CC(N)C3C2)ccn1","Cc1ccc(C(=O)NC2CCC(=O)NC23CCC3)c(=O)[nH]1","COc1cc(CCNC(=O)C2NCC23CCCC3)ccn1","CC(=O)Nc1ccn(C2CCN(c3ncccc3F)C2)n1","CCN1CC2=C(C1=O)C(c1cccc(F)c1)NC(=O)N2C","Cc1cnc(CN2CC(O)C(Oc3cnn(C)c3)C2)nc1","CNC(=O)c1ccc(N2CCC3(CCCN(C)C3)C2)nn1","N#Cc1cnc(N2CCCC(c3nnn[nH]3)C2)c(Cl)c1","CC(C)(C)NS(=O)(=O)c1cc(C(=O)O)ccc1Cl","COC1CC(c2nc(C)c(C)[nH]2)N(CC2=CCCCC2)C1","CN1CCn2nc(NC(=O)NCCc3cn[nH]c3)cc2C1","O=C(O)Cn1ccc(NC(=O)c2cnn(CC3CC3)c2)n1","Cn1nccc1C1OCCCC1CNCCn1ccnc1","CCc1nnc(C2CCCN(CCc3cn[nH]c3)C2C)o1","Cc1n[nH]cc1CNC(=O)c1n[nH]c2c1CC(C)OC2C","CC(C)(C)c1nnc(CN2CCCC(c3ccn[nH]3)C2)o1","Cc1cc(C(=O)N2C(C(=O)O)CC3CCCCC32)oc1C","COc1cc(C)c(OCc2nnc3n2CCOC3)c(C)c1","COc1ccnc(N2CCN(Cc3cc(C)on3)CC2)n1","COc1cc(CCNC(=O)C2CC3CC(N)C3C2)ccn1","COc1cc(CCNC(=O)C2CC3CC(N)C3C2)ccn1","COc1cc(CCNC(=O)C2CC3CC(N)C3C2)ccn1","COc1cc(CCNC(=O)C2CC3CC(N)C3C2)ccn1","COc1cc(CCNC(=O)C2CC3CC(N)C3C2)ccn1","COc1cc(CCNC(=O)C2CC3CC(N)C3C2)ccn1"
m_9068e1,"Cc1nn(C(C)(C)C)cc1C(C)NC(=O)N1CCSCC1","CCSC1CCCCN(C(=O)NC(C)c2cnn(C)c2)C1","CSC(C)C(=O)Nc1ccc(-c2n[nH]c(C)n2)c(Cl)c1","CC(C)(C)n1cnc(C(=O)Nc2ccccc2-c2cc[nH]n2)n1","CCC1(CC)CN(C(=O)c2ccn(C)c(=O)c2)c2ccccc21","NC(=O)NC(=O)CCN1CCN(C(=O)CC2CCCC2)CC1","O=C(NCCOc1ccc(F)cc1F)N1CC(CC2CC2)C1","Cc1cc(S(=O)(=O)Nc2c(C#N)c(C)nn2C)sc1C","COc1nnc(NC(=O)NC(C)(C)c2cccc(F)c2)s1","N#CCCN(CC1CC1)C(=O)Cc1cccc(C(F)(F)F)c1","Cc1nc(-c2cccc(NCc3cn(C)nc3C(C)C)c2)n[nH]1","Cc1c(C2C(Nc3ccc(C#N)cn3)CC(=O)N2C)cnn1C","CCOc1ccc(OCC)c(S(=O)(=O)n2ccc(C)n2)c1","COc1cc(CCNC(=O)NCC2CCC(O)C2)ccc1F","CNC(=O)C1CCCN1C(=O)CNC(=O)c1cc(Cl)c[nH]1","Cc1cc(F)cc(S(=O)(=O)N2CCC(c3nnc[nH]3)C2)c1","O=S(=O)(c1cccnc1)N1CCOc2ccc(Cl)cc21","N#CC1CCN(C(=O)Nc2cccc(OCC(F)F)n2)CC1","NC1CC2CCCC(C1)C2NC(=O)CCOC1CCOCC1","CCc1ccccc1S(=O)(=O)NCC1CCN(C)C(=O)C1","Cc1cc(S(=O)(=O)NCc2nncn2C)ccc1C(=O)O","COCC1CC(OC)CN1C(=O)c1cn(CCC(C)C)nn1","Cc1ccc(C(N)=O)cc1NC(=O)c1csc2ccccc12","O=C(O)c1csc(CNC(=O)C2CC2C2CCCCC2)n1","Cc1ccc(NC(=O)C2(C(=O)Nc3ccc(C)nc3)CC2)cn1"
m_907412,"CC(=O)Nc1ccn(C2CCN(c3ccnc(C4CC4)n3)C2)n1","COc1ccc2c(c1)OCC(C(=O)N(C)Cc1ccccn1)C2","CCCCS(=O)(=O)N1CCC(n2ccc(NC(C)=O)n2)C1","Cc1nnc2ccc(N3CCN(c4ccccc4F)CC3)nn12","COc1cc(=O)[nH]cc1C(=O)N(C)CC1CCc2ccccc21","COc1cc(NC(=O)N2CCOC(c3ccccc3)C2)ncn1","O=C1CC(c2ccccc2)N(C(=O)CCc2c[nH]cn2)CCN1","CN(Cc1ccc(O)cc1)C(=O)Cc1c[nH]c2ncccc12","CCn1cnnc1C1CCCN(C(=O)CCc2ccccc2)C1","CC1CN(C(=O)c2c[nH]cc2-c2ccccc2)CC1(C)C(=O)O","Cn1nccc1NC(=O)C1CCCN1C(=O)Cc1ccccc1","NC(=O)C(c1ccc(F)cc1)N1CCCC(c2ccccc2)C1","NS(=O)(=O)CCNc1ncnc2sc3c(c12)CCCC3","CC(C)Nc1cccc(CNC(=O)N(C)Cc2ccncc2)c1","CCn1cc(C(=O)N2CC(F)CC2CO)c2ccccc21","COC(=O)CN1CCCC(CNc2nc(C(C)C)ns2)C1","Cc1csc(C2CN(c3cc(C(F)F)ncn3)CCO2)n1","Cc1cnccc1C(C)NCc1cccnc1N1CCOCC1","COc1ccnc(N2CCCN(S(=O)(=O)C3CC3)CC2)n1","Cn1cc(N2CC(C(=O)Nc3cccc(O)c3)CCC2=O)cn1","CC(=O)Nc1ccn(C2CCN(c3ccnc(C4CC4)n3)C2)n1","CC(=O)Nc1ccn(C2CCN(c3ccnc(C4CC4)n3)C2)n1","CC(=O)Nc1ccn(C2CCN(c3ccnc(C4CC4)n3)C2)n1","CC(=O)Nc1ccn(C2CCN(c3ccnc(C4CC4)n3)C2)n1","CC(=O)Nc1ccn(C2CCN(c3ccnc(C4CC4)n3)C2)n1"
m_90baa7,"COc1cccc(OCCN2CCN(C(=O)c3c(C)oc(C)c3S(N)(=O)=O)CC2)c1","COc1cccc(OCCN2CCN(C(=O)c3c(C)oc(C)c3S(N)(=O)=O)CC2)c1","COc1cccc(OCCN2CCN(C(=O)c3c(C)oc(C)c3S(N)(=O)=O)CC2)c1","COc1cccc(OCCN2CCN(C(=O)c3c(C)oc(C)c3S(N)(=O)=O)CC2)c1","COc1cccc(OCCN2CCN(C(=O)c3c(C)oc(C)c3S(N)(=O)=O)CC2)c1","COc1cccc(OCCN2CCN(C(=O)c3c(C)oc(C)c3S(N)(=O)=O)CC2)c1","COc1cccc(OCCN2CCN(C(=O)c3c(C)oc(C)c3S(N)(=O)=O)CC2)c1","COc1cccc(OCCN2CCN(C(=O)c3c(C)oc(C)c3S(N)(=O)=O)CC2)c1","COc1cccc(OCCN2CCN(C(=O)c3c(C)oc(C)c3S(N)(=O)=O)CC2)c1","COc1cccc(OCCN2CCN(C(=O)c3c(C)oc(C)c3S(N)(=O)=O)CC2)c1","COc1cccc(OCCN2CCN(C(=O)c3c(C)oc(C)c3S(N)(=O)=O)CC2)c1","COc1cccc(OCCN2CCN(C(=O)c3c(C)oc(C)c3S(N)(=O)=O)CC2)c1","COc1cccc(OCCN2CCN(C(=O)c3c(C)oc(C)c3S(N)(=O)=O)CC2)c1","COc1cccc(OCCN2CCN(C(=O)c3c(C)oc(C)c3S(N)(=O)=O)CC2)c1","COc1cccc(OCCN2CCN(C(=O)c3c(C)oc(C)c3S(N)(=O)=O)CC2)c1","COc1cccc(OCCN2CCN(C(=O)c3c(C)oc(C)c3S(N)(=O)=O)CC2)c1","COc1cccc(OCCN2CCN(C(=O)c3c(C)oc(C)c3S(N)(=O)=O)CC2)c1","COc1cccc(OCCN2CCN(C(=O)c3c(C)oc(C)c3S(N)(=O)=O)CC2)c1","COc1cccc(OCCN2CCN(C(=O)c3c(C)oc(C)c3S(N)(=O)=O)CC2)c1","COc1cccc(OCCN2CCN(C(=O)c3c(C)oc(C)c3S(N)(=O)=O)CC2)c1","COc1cccc(OCCN2CCN(C(=O)c3c(C)oc(C)c3S(N)(=O)=O)CC2)c1","COc1cccc(OCCN2CCN(C(=O)c3c(C)oc(C)c3S(N)(=O)=O)CC2)c1","COc1cccc(OCCN2CCN(C(=O)c3c(C)oc(C)c3S(N)(=O)=O)CC2)c1","COc1cccc(OCCN2CCN(C(=O)c3c(C)oc(C)c3S(N)(=O)=O)CC2)c1","COc1cccc(OCCN2CCN(C(=O)c3c(C)oc(C)c3S(N)(=O)=O)CC2)c1"
m_91512a,"CCc1cc(NC(=O)CC2CCCS(=O)(=O)C2)n(C)n1","CCc1cc(NC(=O)C2CC2c2ccccc2OC)n(C)n1","COc1c(N)ncnc1N1CCC(Cc2cccnc2)CC1","CCOC1CC(O)(CNC(=O)c2ccc(Cl)c(O)c2)C1","Cc1csc(N2CCCN(c3ccc(C#N)cn3)CC2)n1","O=C(Nc1ccc(C2CC2C(=O)O)cc1)c1coc(CO)c1","O=C(NCC(O)Cc1ccc(F)cc1F)C1CC1","O=C(NCc1ccon1)NC1(Cc2ccccc2)CCCC1","CC=C(C)c1nc(-c2cccc(CN3CCOCC3)c2)no1","COCc1nsc(N2CC(C)OC3(CCCOC3)C2)n1","O=C(CCn1cc(Cl)cn1)N1CCOCC12CCOC2","O=C(O)c1cccc2c1CCN(C(=O)C1CC3CCC1O3)C2","O=C(O)c1coc(C(=O)N2CCOCC2c2ccccc2)c1","Cc1nc(N2CCC(CN3CCCCC3)C2)c2cc[nH]c2n1","Cc1ccccc1-n1nccc1NC(=O)CCC1CCCO1","C=CCCC(=O)NC(c1ccc(OC)cc1)c1nccn1C","O=C(O)CC1COCCN1C(=O)c1cccc2ccccc12","O=C(NC1CC12CCNCC2)c1cnccc1C(F)(F)F","Cc1cc(NC(=O)C(C)Nc2cnn(CC(F)F)c2)on1","Cc1noc(C2CC2)c1NC(=O)N1CCCC(F)(F)CC1","CCc1cc(NC(=O)CC2CCCS(=O)(=O)C2)n(C)n1","CCc1cc(NC(=O)CC2CCCS(=O)(=O)C2)n(C)n1","CCc1cc(NC(=O)CC2CCCS(=O)(=O)C2)n(C)n1","CCc1cc(NC(=O)CC2CCCS(=O)(=O)C2)n(C)n1","CCc1cc(NC(=O)CC2CCCS(=O)(=O)C2)n(C)n1"
m_916daf,"Cc1ccc2cc(C(=O)N3CC(C(N)=O)C(C(F)(F)F)C3)[nH]c2c1","CCn1cnnc1C1CN(C(=O)c2c(C)[nH]c3ccccc23)CCO1","Oc1nc2ccccc2cc1CNCC1CCN(CC(F)(F)F)C1","O=C(NCc1ncc(-c2ccccc2)o1)C1CC(=O)N(CC2CC2)C1","Cn1cc(C2OCCC2CNS(=O)(=O)c2ccccc2F)cn1","O=C(Nc1ccc(-n2cccn2)nc1)N1CCCC2(CCOCC2)C1","Cc1ccc(NC(=O)Cc2nn(C)c(=O)c3ccccc23)cc1Cl","O=C(CN1C(=O)C2CCCCC2C1=O)NCc1cc2ccccc2[nH]1","Cn1cc(NC(=O)NC2CCCc3cccnc32)c(C(F)(F)F)n1","NC(=O)c1ccc(CC(=O)NCc2nnc(C3CC3)n2C2CC2)cc1","Cc1cc(Br)ccc1CC(=O)NC1CCN(C(N)=O)C1","O=C(C[S+]([O-])Cc1ccc(-n2cccn2)cc1)Nc1ccccc1","Cc1ccc(CC(=O)NC2CCN(C(N)=O)C2)cc1Br","O=C(Cn1cnnn1)N1CCc2cc(Br)cc(F)c2C1","COCc1nc(CNC(=O)NC(C)c2ccc(Cl)cc2)cs1","Cc1cc(Br)c2c(c1)CN(CCC(=O)NC(N)=O)CC2","CC1NCCCC1C(=O)NCC(n1cncn1)C(F)(F)F","Cn1cc(C(=O)NC2CC(c3ccccc3Cl)C2)c(C(F)F)n1","Cc1cc(Cl)ccc1OCC(=O)NC1CC(O)C12CCOCC2","Cc1cc([N+](=O)[O-])ccc1C(=O)NC(C)c1ccc2c(c1)CC(=O)N2","CC(C)S(=O)(=O)c1ccc(F)c(C(=O)NCC2CC=CCC2)c1","CC(NC(=O)CCn1cc(Br)cn1)C1CC2CCC1C2","Cc1nc2ccc(NC(=O)NC3CC(c4cccc(F)c4)C3)cn2n1","COC1CCCCC1NC(=O)NCc1ccnc(OCC(F)(F)F)c1","O=C(NCc1ccc(CCO)cc1)C1CCCOC1c1ccccc1"
m_921c43,"CC(C(=O)NC1CC1)N1CCOC(c2cccc(F)c2)C1","CC1(C)CN(C(=O)c2[nH]c3ccccc3c2Cl)CCO1","CN(CC1(CO)CC1)C(=O)Nc1ccc(C(C)(C)C)nn1","CCOc1ccc2c(c1)CN(C(=O)C1CC(F)CN1)CC2","CCNc1cc(CNC(=O)N2CCC(CO)CC2)ccn1","CCOc1ccc(C2CC2NC(=O)NCC(O)CC)cc1","COc1cc(OC)cc(N(C)C(=O)c2scnc2C)c1","COCCC(NC(=O)c1cc(C(C)C)no1)C(=O)O","CN1CCCN(C(=O)c2cnsn2)c2cc(F)ccc21","COC1CC1C(=O)N1CCN(c2nccn(C)c2=O)CC1","Cc1nc(CC(=O)Nc2ccc(C(=O)O)c(F)c2)cs1","COc1cc(N2CCN(CCOC3CCC3)CC2)ncn1","CCc1cc(C(=O)N2CCN(C3CCOCC3)CC2)[nH]n1","Cc1cc(C)n(CC2CN(Cc3cscn3)CCO2)n1","CNC(=O)CCCC(=O)NC(C)c1cc(C)c(F)c(C)c1","OCC1CN(c2ccnc3ccc(Cl)cc23)CCC1O","Cc1noc(C)c1CCCNC(=O)c1c(O)cccc1F","C#CCC(NCc1ncc(C)c(OC)c1C)c1ccccc1","COCc1ncc(C(=O)NCc2cccc(OC)c2)s1","COc1cc(CO)ccc1OCc1noc(C(C)(C)C)n1","Fc1cccc(CSc2nnnn2CC(F)(F)F)c1","CC1CN(C(=O)CN2CCSc3ccccc32)CCO1","CC(C)(C)c1cc(NC(=O)COCC2CC2)c(C#N)s1","COc1cc(CN(C)c2nc(C)cc(C(C)C)n2)sn1","Cc1ncsc1C(=O)Nc1cccc(OCC(=O)O)c1"
m_930a3b,"CC(NC(=O)NCCOc1ccc(CC#N)cc1)c1cnn(C)c1","CC(C(=O)NC1CCCCC1)S(=O)(=O)Cc1cccc(F)c1","CCC(CC)n1nc(C)cc1C(=O)NC1CCS(=O)(=O)CC1","CCC(CC)n1ncc(C(=O)N2CC(CO)c3ccccc32)c1C","COc1cc(C)c(Cl)cc1S(=O)(=O)Nc1ccccc1O","CCn1ccc(CC(=O)N2CCS(=O)(=O)CC2C(C)(C)C)n1","c1csc(-c2nc(CN3CCn4c(nnc4C4CC4)C3)co2)c1","Cc1cc(C)n(CC(=O)N2CCOC(CCc3ccccc3)C2)n1","NC(=O)C(NCCNC(=O)Cc1cccc(F)c1)c1ccccc1","Cc1n[nH]c(C)c1CC(=O)N1CCCC(CO)(c2ccccc2)C1","CC(NC(=O)c1ccc(OC2CCCCC2)cc1)c1nccn1C","CCCn1cc(C(=O)NC(C(=O)O)c2ccc3c(c2)CCO3)cn1","CCc1nnc(CC2CCC(Nc3nccn4c(C)nnc34)C2)o1","Cc1cc(C(=O)Nc2ccc(NC(=O)C3CC3)nc2)nn1C(C)C","O=C(c1ccncc1)N1CCCN(CCc2ccccc2F)CC1","Cc1cc(CNC(=O)C2CNCC2c2cnn(C)c2C)cc(C)n1","CC(NC(=O)NCCOc1ccc(CC#N)cc1)c1cnn(C)c1","CC(NC(=O)NCCOc1ccc(CC#N)cc1)c1cnn(C)c1","CC(NC(=O)NCCOc1ccc(CC#N)cc1)c1cnn(C)c1","CC(NC(=O)NCCOc1ccc(CC#N)cc1)c1cnn(C)c1","CC(NC(=O)NCCOc1ccc(CC#N)cc1)c1cnn(C)c1","CC(NC(=O)NCCOc1ccc(CC#N)cc1)c1cnn(C)c1","CC(NC(=O)NCCOc1ccc(CC#N)cc1)c1cnn(C)c1","CC(NC(=O)NCCOc1ccc(CC#N)cc1)c1cnn(C)c1","CC(NC(=O)NCCOc1ccc(CC#N)cc1)c1cnn(C)c1"
m_935b22,"Cc1ccc(CNC2CCN(c3ncccn3)CC2)c(C)c1","Cc1ccc(CN(C)C(=O)NCCc2ccccc2)c(C)c1","Cc1ccc(C)c(OCC(O)Cn2cnc3ccccc32)c1","CC1CCN(Cc2ccccc2CNS(C)(=O)=O)CC1","O=C(O)c1cccc(NS(=O)(=O)c2cncc(F)c2)c1","Cn1cc(C2OCCCC2CNc2cnc(C#N)cn2)cn1","CCn1c(CNCc2ccc(OC)nc2)nc2ccccc21","N#Cc1cc(NC(=O)c2ccc3nccn3c2)ccc1Cl","COc1ccc(CCNC(=O)C2CCC(=O)N2)c(Cl)c1","CN(C)c1ccc(C(=O)NC2(c3ccccc3)COC2)cc1","COC1CC(c2ncn[nH]2)N(Cc2coc3ccccc23)C1","COC(=O)c1ccc2c(c1)CN(C(=O)c1ccc(C)cn1)C2","CC1NC(=O)CCC1Nc1ccc(C(F)(F)F)c(C#N)n1","CN1C(=O)CC(Nc2ccc(C(F)(F)F)c(C#N)n2)C1=O","O=S(=O)(N1CCOCC1)N1CCCC1c1ccccc1","COc1ccc(C)cc1C(=O)N(Cc1ccccn1)C1CC1","Cc1ccc(NC(=O)CCCc2ccccc2)cc1C(N)=O","CCc1nnc2n1CCN(C(=O)C1CCc3ccccc31)C2","Cc1ccc(CNC2CCN(c3ncccn3)CC2)c(C)c1","Cc1ccc(CNC2CCN(c3ncccn3)CC2)c(C)c1","Cc1ccc(CNC2CCN(c3ncccn3)CC2)c(C)c1","Cc1ccc(CNC2CCN(c3ncccn3)CC2)c(C)c1","Cc1ccc(CNC2CCN(c3ncccn3)CC2)c(C)c1","Cc1ccc(CNC2CCN(c3ncccn3)CC2)c(C)c1","Cc1ccc(CNC2CCN(c3ncccn3)CC2)c(C)c1"
m_93b6a1,"O=C(O)C1CCCN1C(=O)CCc1cccc(F)c1F","Cc1noc(COC2CN(C(=O)CC3CCCO3)C2)n1","COC1CCN(C(=O)N2CCC3CCC(C2)N3C)CC1","NC12CCC1CN(C(=O)Cc1cncc3ccccc13)C2","CN1C2CCCC1CC(NC(=O)N1CCCC(O)C1)C2","CC1(C)CC(NC(=O)Cc2ccc(O)c(F)c2)CCO1","Cc1cc(C)n(Cc2cc(C(=O)O)c3ccccc3n2)n1","Cc1cc(C(=O)N2CC(C#N)C(c3ccccc3)C2)on1","COCC1CN(C(=O)Cc2ccnn2C)CC(C)(C)O1","CC(C)Cc1nc2c3ccccc3n(CC#N)c(=O)n2n1","CN(C(=O)c1ccc(O)c(Cl)c1)C1CC(C(=O)O)C1","Cc1nsc2ncn(CC(O)C3(O)CCC3)c(=O)c12","CC(=O)Nc1ccc(CC(=O)NCc2ccncc2)cc1","CC(C)(CN1CCCC1)NC(=O)CCc1cncs1","O=C(NC1CC12CCCCC2)c1ccnc2ccncc12","CC(C)c1cccc2c1CCN(C(=O)c1cnccn1)C2","O=C(C1CC(O)CN1)N1CCCN(C2CCCC2)CC1","Cn1ncnc1CNC(=O)NCc1cc(F)cc(F)c1","CCOC(=O)C(NC(=O)C1CC1)c1ccc(Cl)cc1","CC1CCCC(CSc2nnc(CO)n2C2CC2)C1","O=C(O)CNC(=O)c1ccn(-c2c(F)cccc2F)n1","CCCC1(CNC(=O)NCCc2ncc(C)s2)CC1","COC(C)c1noc(Cn2cnn(C(C)(C)C)c2=O)n1","CCc1noc(C)c1NC(=O)N1CCOC(C)(CC)C1","O=C(NC1CCOCC1)C1CCCN1c1nccs1"
m_94a765,"Cc1c(C(=O)Nc2cnn(C)c2)cnn1-c1ccc(F)cc1","c1nc(N2CCCC2)cc(N2CCC(n3cncn3)CC2)n1","Cn1nccc1C1OCCCC1CNS(=O)(=O)C1CC1","CCOc1cccc2c1OCC(C(=O)Nc1cnn(C)c1)=C2","C=CCn1c(SCc2ccon2)nc2ccccc2c1=O","Cc1cc(NC(=O)N2CCc3c(cccc3C(C)C)C2)no1","COc1ccc(C2CCCN2C(=O)Cn2cccn2)cc1C","O=c1[nH]ncc(N2CCSC3(CCCCC3)C2)c1Cl","CN(C)c1ccccc1N(C)C(=O)c1coc(CC2CC2)n1","Cn1cc(NC(=O)c2ccc(N3CCCCCC3)nc2)cn1","Cc1csc2ncnc(N3CCCCC3c3ncc[nH]3)c12","Cc1cc(C)c(-c2cc(NC(=O)C3CCOC3)[nH]n2)cc1C","O=C(C1COc2ccccc2O1)N(Cc1ccco1)C1CC1","Cc1cc(CC(=O)Nc2cc(C3CCCCCC3)[nH]n2)n[nH]1","Cc1nnc(CC(=O)NCC2(c3ccccc3)CCC2)s1","CN1CCN(c2ccccc2CNC(=O)c2ccco2)CC1","COC1CN(C(=O)c2[nH]ccc2C2CC2)CC1c1c[nH]nn1","Cc1nc(N2CCC(CN3CCCCC3)C2)c2cc[nH]c2n1","Cc1cc(C)cc(C(C)NC(=O)c2c(C(=O)O)cnn2C)c1","Cc1[nH]ncc1S(=O)(=O)N1CCCCCCC1C(=O)O","O=C(O)c1cccc2c1CCN(C(=O)CCn1cccn1)C2","Cc1cc(CNC(=O)N(C)CC2(c3ccccc3)CC2)on1","Cc1cc(NC(=O)CN2CCCC2Cc2ccccc2)no1","Cc1ccc(C2CCCN2C(=O)CCc2nn[nH]n2)cc1C","O=C(NCc1ccon1)NC1(Cc2ccccc2)CCCC1"
m_95e8da,"O=C(C1C2Cc3ccccc3C21)N1CCC(c2ncco2)CC1","N#CC1CCN(C(=O)Nc2cccc(OCC(F)F)n2)CC1","CN(Cc1ccc(F)cc1F)C(=O)C1CCCNC1C1CC1","CCCN(C(=O)Cn1ncn(C)c1=O)c1ccc(Cl)cc1","CC1(C)CNCCC1NS(=O)(=O)c1sccc1Cl","CCc1cnc(CCNC(=O)NC2CC23CCNCC3)s1","Cc1ccc(C(N)=O)cc1NC(=O)c1csc2ccccc12","COCCn1cc(CNC(=O)NC2CCC(C)CC2C)cn1","O=C(O)c1csc(CNC(=O)C2CC2C2CCCCC2)n1","O=C(O)C1CC1C(=O)NCCCc1nc2c(s1)CCCC2","CC1CCC(N2CC(C(=O)N(C)CCC(=O)O)CC2=O)CC1","CC(C)(C)C(NC(=O)c1cnn(CCO)c1N)C(F)(F)F","COc1ccc(CC2CCN(c3cnc(C#N)cn3)CC2)cc1","NS(=O)(=O)C1CCN(C(=O)Cc2ccc3c(c2)CCC3)C1","CCc1nc(CN(C)Cc2ccc(F)cc2C(=O)O)cs1","CCCn1c(C)nnc1CNC(C)c1ccc2ccccc2c1","CCn1cc(OC2COCC2NC(=O)c2cc(F)c[nH]2)cn1","CN(C)C(=O)CC1(O)CCCN(Cc2nnnn2C2CC2)C1","CC(C)(Oc1ccc(F)cc1)C(=O)N1CCC(C(N)=O)CC1","COc1ccc(C(=O)NC2CCCCCC2C(N)=O)c(F)c1","CNCC1CCCN(C(=O)C2Cc3cc(Cl)ccc3O2)C1","O=C(CC1CCCC1)N1CCN(CC2(O)CCCCC2)CC1","CCC1C(=O)NCCN1S(=O)(=O)c1cc2ccccc2o1","Cc1cc(CN2CCC(Oc3ccc(F)cc3F)CC2)no1","COc1ccc(CN2CCN(CCC(=O)O)CC2)cc1OC"
m_966da0,"CC(=O)N1CCC(CNC(=O)Nc2cn(C)nc2C(C)C)CC1","O=C(CCc1nccs1)N1CCC(N2CCCCC2=O)CC1","O=C(CN1CCCC1=O)NCC(c1cccs1)N1CCCC1","CC(C)(C)C(O)CN1CCN(C(=O)CNS(C)(=O)=O)CC1","CC1CN(C(=O)C(C)(C)C)CC(C)N1C(=O)Cc1cnnn1C","CCc1nnc(C(C)N2CCN(CCC(=O)NC3CC3)CC2)o1","CCc1nc(C(C)NC(=O)NCCCc2cnn(C)c2)cs1","CCn1nc(C)c(CNC(=O)N2CCC(N3CCNCC3)C2)n1","Cc1noc(C2C(C)OCCN2CCOc2ccccc2F)n1","CC(C)N1CCOC(CN2CCN(Cc3nccn3C)CC2)C1","CC1(C)CN(CC(F)(F)F)CCN1CC(=O)NC1CCCC1","COc1ccsc1C(=O)N1CCOCC1c1c(C)n[nH]c1C","CC(=O)N1CCC(C(=O)NCC2CCCc3sc(C)nc32)C1","CNC(=O)C1(NS(=O)(=O)c2ccc(C#N)cc2)CCCCC1","C=CCOCC(=O)N(Cc1nccs1)C1CC12CCNCC2","CC(=O)N1CCC(CNC(=O)Nc2cn(C)nc2C(C)C)CC1","CC(=O)N1CCC(CNC(=O)Nc2cn(C)nc2C(C)C)CC1","CC(=O)N1CCC(CNC(=O)Nc2cn(C)nc2C(C)C)CC1","CC(=O)N1CCC(CNC(=O)Nc2cn(C)nc2C(C)C)CC1","CC(=O)N1CCC(CNC(=O)Nc2cn(C)nc2C(C)C)CC1","CC(=O)N1CCC(CNC(=O)Nc2cn(C)nc2C(C)C)CC1","CC(=O)N1CCC(CNC(=O)Nc2cn(C)nc2C(C)C)CC1","CC(=O)N1CCC(CNC(=O)Nc2cn(C)nc2C(C)C)CC1","CC(=O)N1CCC(CNC(=O)Nc2cn(C)nc2C(C)C)CC1","CC(=O)N1CCC(CNC(=O)Nc2cn(C)nc2C(C)C)CC1"
m_97693a,"O=C(NC1(c2cccc(C(F)(F)F)c2)CCC1)c1cnc(-c2ncccn2)s1","O=C(O)C1CCC(c2nc3cc(F)ccc3c3nc(=O)c(-c4ccccc4)nn23)C1","CNC(=O)COc1cccc(CC(=O)NC(C)c2oc3ccccc3c2C)c1","COc1ccc(C(=O)N2CCN(S(=O)(=O)c3c(C)noc3C)CC2)cn1","CCN(CC)S(=O)(=O)c1ccc(CNC(=O)c2cccc(NC(N)=O)c2)cc1","NC(=O)C1(c2ccccc2)CCN(Cc2nc(-c3cc(F)c(F)c(F)c3)no2)C1","CC(C)C(=O)Nc1nc(CC(=O)N2CCNC(=O)C2c2ccccc2F)cs1","O=C(NC1CCS(=O)(=O)C1)c1nc(C(=O)N2CCCCCC2)c2ccccn12","Cn1c(CN2CCC(C3CCCCCN3C(=O)C3CC3)CC2)cc(=O)n(C)c1=O","O=S(=O)(c1ccc2c(c1)OCCCO2)N1CC(c2nc3ccccc3s2)C1","Cc1c(NS(=O)(=O)c2ccc3c(c2)OCCCO3)cccc1-n1cn[nH]c1=O","O=C(NC(Cc1ccccc1)C(=O)NC1CCCc2ccccc21)c1cccs1","CCOc1ncc(C(=O)N2CCCC(n3ccc(C(F)(F)F)n3)C2)cc1Cl","O=C(CN1CCCN(CC(=O)Nc2ccc(F)cc2)CC1)Nc1ccc(F)cc1","O=c1ccnc2sc(N3c4ccc(Br)cc4C4CCCCC43)nn12","Cc1ccccc1-n1c(SCC(=O)N2CCNC2=O)nnc1N1CCOCC1","Cc1nc(NC(=O)NCc2nnc3n2CCC3)sc1Cc1ccc(F)cc1F","CN1C(=O)Cc2cc(S(=O)(=O)Nc3cc4c(cc3C(=O)O)OCCO4)ccc21","CCOC1CC(CCNC(=O)c2cnc3c(cnn3Cc3ccccc3)c2)C1","O=C(NC1(c2cccc(C(F)(F)F)c2)CCC1)c1cnc(-c2ncccn2)s1","O=C(NC1(c2cccc(C(F)(F)F)c2)CCC1)c1cnc(-c2ncccn2)s1","O=C(NC1(c2cccc(C(F)(F)F)c2)CCC1)c1cnc(-c2ncccn2)s1","O=C(NC1(c2cccc(C(F)(F)F)c2)CCC1)c1cnc(-c2ncccn2)s1","O=C(NC1(c2cccc(C(F)(F)F)c2)CCC1)c1cnc(-c2ncccn2)s1","O=C(NC1(c2cccc(C(F)(F)F)c2)CCC1)c1cnc(-c2ncccn2)s1"
m_97cca9,"Cc1cc(C)cc(NC(=O)CN2CCCC(C(F)(F)F)C2)c1","Cn1nc(C(F)(F)F)cc1C(=O)NC1CCCn2ncnc21","Cc1ccc(C)c(NC(=O)c2csc(-c3cccs3)n2)c1","Cc1ccc(C(=O)NCc2ccc(N3CCOCC3)nc2)n1C","Cc1cc(NCC2CCOC2c2nnc(C)[nH]2)nc(C2CC2)n1","O=C(NCC1CCS(=O)(=O)C1)N1CCC2(CCCCC2)C1","Nc1nccnc1C(=O)NCC1(c2ccc(F)cc2)CCCC1","O=C(CCc1cccnc1)NC1CCCCC1CC(F)(F)F","Cc1ccncc1C(=O)N1CCCCC1c1[nH]ncc1C(=O)O","CC(C)n1cccc1C(=O)Nc1cc(C2CCCCC2)nn1C","Cc1oc(NC(=O)CN2CCn3c(C)nnc3C2)c(C#N)c1C","CCn1cc(NC(=O)c2cccc(OCC(F)(F)F)n2)cn1","CCc1nnc(N2CCC(O)(C(F)(F)F)C2)c(C#N)c1CC","Cc1noc2ncnc(NCc3cc(Cl)cc4c3OCC4)c12","CCOc1ccnc(N2CCN(S(=O)(=O)CC)CC2C)n1","O=C(c1ccoc1)N1CCN(c2nc3cccnc3s2)CC1","O=C(NC1(c2nnc[nH]2)CCC1)C1CC1c1cccc(Cl)c1","CCC1(C)CCN(C(=O)c2sc(S(N)(=O)=O)cc2C)C1","CCCS(=O)(=O)CC(=O)N1CCN(C)c2cc(F)ccc21","Cc1cc(C)c(C(=O)O)cc1NC(=O)c1oc(C2CC2)nc1C","O=S(=O)(CCC1CC1)N1CC2(CCNCC2)C2COCC21","Cc1cc(C)c(C(=O)N(CCC(F)(F)F)CC2CC2)c(=O)[nH]1","CCOc1cc(N2CCCC(c3nncn3C3CC3)C2)ncn1","CC1CN(C)c2ccccc2N(C(=O)c2ccc(O)nc2)C1","O=C1C(Nc2cccc(CO)c2)CCCN1c1ccccc1F"
m_982aac,"Cc1cc(C(=O)N2CCC(C3OCCC3C(N)=O)CC2)ccc1Cl","O=C(NC1CC1)C1CCCN1C(=O)CCc1cnn(-c2ccccc2)c1","COc1ccc(C(C)NC(=O)C2COCCN2C2CCCC2)cc1F","COCc1noc(C(C)N2CCN(Cc3ccc(Cl)cc3)CC2)n1","CN(C)Cc1cc(OC2CCN(C(=O)c3cccc(C#N)c3)C2)ccn1","CN(Cc1ccccc1Cl)C(=O)C1CCOC1CC1CCNCC1","COC(=O)N1CCCN(C(=O)Nc2nc3c(s2)CCCCC3)CC1","Cc1noc(C2CC(O)CN2C(=O)Nc2nnc(CC(C)C)s2)n1","COc1cc(N2CCN(Cc3ccsc3C(=O)O)CC2)ccc1F","COC1CCN(C2CCCC2NC(=O)COc2cc(C)ccc2F)C1","O=C(CCNC(=O)c1cccnc1SC(F)F)Nc1ccncc1","CC(=O)N(CC(=O)O)CC1CN(C(=O)c2cccc(F)c2C)CCO1","CC(CN1CCCC1=O)NS(=O)(=O)c1c(Cl)cccc1Cl","N#Cc1cnc2ccccc2c1N1CCC(C2OCCC2C(N)=O)CC1","NC(=O)C1CCN(C(=O)c2ccccc2-c2ccccc2C(=O)O)CC1","CC(C)(C)c1ccc(S(=O)(=O)CCNC(=O)NCCO)cc1","CC(=O)N1CC(O)CC1C(=O)NC1(c2cccc(Cl)c2)CCCC1","CC(=O)N1CCCC(O)(C(=O)NCC2(c3ccc(Cl)cc3)CC2)C1","CCCC(=O)Nc1cccc(S(=O)(=O)Nc2cccc(Cl)c2)c1","Cc1cc(C(=O)N2CCC(C3OCCC3C(N)=O)CC2)ccc1Cl","Cc1cc(C(=O)N2CCC(C3OCCC3C(N)=O)CC2)ccc1Cl","Cc1cc(C(=O)N2CCC(C3OCCC3C(N)=O)CC2)ccc1Cl","Cc1cc(C(=O)N2CCC(C3OCCC3C(N)=O)CC2)ccc1Cl","Cc1cc(C(=O)N2CCC(C3OCCC3C(N)=O)CC2)ccc1Cl","Cc1cc(C(=O)N2CCC(C3OCCC3C(N)=O)CC2)ccc1Cl"
m_987cff,"CCc1n[nH]c(C(C)Sc2nnc(C)c(C)c2C(N)=O)n1","Cn1nccc1C(=O)N1CCCCC1c1cc2ccccc2[nH]1","Cc1noc(C2C(C)OCCN2C(=O)c2oc(C)nc2C)n1","CC(C)(CNC(=O)c1ccc(C(=O)O)cn1)C1CCCCO1","CCn1ncc(C(=O)N2CC(O)C(Oc3cnn(C)c3)C2)n1","COC(=O)C(NC(=O)C(C)n1cncn1)c1ccccc1F","Cc1sc(NC(=O)C2CCC2)nc1-c1ccc(Cl)cc1","CC(Nc1nc(C(C)(C)C)ns1)c1nnc2n1CCCC2","CCC(CC)C(NC(=O)c1c(C)noc1C)c1cccs1","CC(=O)Nc1ccc(OCC(O)CN2CCC(C)CC2)cc1","CCOc1cc(N2CCOC(c3nc(C)cs3)C2)ncn1","Cc1csc(C(C)NC(=O)NC(C)C(=O)N(C)C)n1","CSc1ccccc1NC(=O)CN(C)c1nnc(C)s1","CN1CCN(C(=O)CCC2CCCCO2)CC1c1ncc[nH]1","Cn1cccc1C(=O)N1CCc2c(cnn2-c2ccccc2)C1","COc1ccnc(N2CCN(CC3(CC(=O)O)CC3)CC2)n1","CCc1nc(CN(C)Cc2ccc(F)cc2C(=O)O)cs1","O=S(=O)(CCNC1CCc2ncnn2C1)c1ccccc1","CC1CC(N2CCOC(CN(C)c3cccnn3)C2)C(=O)O1","CC(C)c1nnc(CN2CCN(C)c3cc(Cl)ccc32)o1","Cn1cccc1C(=O)N1CCCCC1c1nc2ccccc2[nH]1","CCc1nnsc1C(=O)NCc1nnc2n1CCCCC2","Cc1nnc(C2CN(Cc3n[nH]c(C(C)C)n3)CC(C)O2)o1","Cc1nc(C)c(C(=O)NC2CCOC2c2nccn2C)s1","CC1=C(C(=O)NCC2CCCOC2)C(C)n2nnnc2N1C"
m_9910fd,"COc1cccc(CN(C)S(=O)(=O)c2ccc3c(c2)OCCO3)c1","COc1ccccc1CN(C)C(=O)CSc1nnnn1C(C)(C)C","COC(C)(C(=O)N1CCN(c2nccs2)CC1)c1ccccc1F","COc1cccc(COCC(O)CN2CCOC3(CCCCC3)C2)c1","CC(c1ccc(S(C)(=O)=O)cc1)N(C)C(=O)Cc1cccc(F)c1","CC(NC(=O)N(C)Cc1ccncc1)c1cnn(Cc2ccccc2)c1","O=C1CCCCN1c1ccc(C(=O)N(Cc2ccccn2)C2CC2)cc1","COc1ccccc1CN(C(=O)c1ccnc(-n2cncn2)c1)C1CC1","CN(Cc1ncc(-c2ccccc2F)o1)CC(O)CN1CCOCC1","COc1cc(C(=O)NCCS(=O)(=O)Nc2ccccn2)ccc1C","COc1cccc(CC(=O)N2CCC(c3c[nH]c4ncccc34)CC2)c1","COc1ccccc1-c1cc(NC(=O)C2COc3ccccc3O2)[nH]n1","O=C(O)COc1ccc(NC(=O)c2cnn3c2CCCC3)cc1Cl","COc1cccc(CN(C)S(=O)(=O)c2ccc3c(c2)OCCO3)c1","COc1cccc(CN(C)S(=O)(=O)c2ccc3c(c2)OCCO3)c1","COc1cccc(CN(C)S(=O)(=O)c2ccc3c(c2)OCCO3)c1","COc1cccc(CN(C)S(=O)(=O)c2ccc3c(c2)OCCO3)c1","COc1cccc(CN(C)S(=O)(=O)c2ccc3c(c2)OCCO3)c1","COc1cccc(CN(C)S(=O)(=O)c2ccc3c(c2)OCCO3)c1","COc1cccc(CN(C)S(=O)(=O)c2ccc3c(c2)OCCO3)c1","COc1cccc(CN(C)S(=O)(=O)c2ccc3c(c2)OCCO3)c1","COc1cccc(CN(C)S(=O)(=O)c2ccc3c(c2)OCCO3)c1","COc1cccc(CN(C)S(=O)(=O)c2ccc3c(c2)OCCO3)c1","COc1cccc(CN(C)S(=O)(=O)c2ccc3c(c2)OCCO3)c1","COc1cccc(CN(C)S(=O)(=O)c2ccc3c(c2)OCCO3)c1"
m_997dbc,"CCOC(=O)C1CCN(S(=O)(=O)c2cc(Br)ccc2OC)CC1","Cc1noc2nc(-c3cccc(C(F)(F)F)c3)cc(C(=O)N3CC(C(C)O)C3)c12","O=C(CC1CCCN(C(=O)Nc2ccc(F)c(F)c2)C1)NCc1ccc(F)cc1","Cc1c(C(=O)N2CCC(C3OCCCC3N)CC2)nnn1-c1ccc(F)c(F)c1","CN(C)S(=O)(=O)c1cnn(-c2ccc(C(=N)N)c(C(F)(F)F)c2)c1","O=C(Nc1ccc2nc(N3CCOCC3)sc2c1)c1cc(-c2ccccc2)[nH]n1","O=C(Nc1nccs1)C1CCN(c2ncnc3c2cnn3-c2ccccc2)CC1","CC(=O)N1CC(C(=O)NCC(=O)Nc2ccc(F)c(F)c2F)Oc2ccccc21","CC(=O)NC1CCCN(C(=O)NCCOc2cccc(C(C)(C)C)c2)C1","COC1CCCCC1NC(=O)NCc1ccnc(OCC(F)(F)F)c1","Cn1cc(C2C(CNC(=O)c3cc[nH]c3C3CC3)CC(=O)N2C(C)(C)C)cn1","Cc1cc(C(=O)N2CCN(c3ncc(Cl)cc3Cl)CC2)c2c(C)noc2n1","Cc1c(C(=O)N(Cc2ccccc2)C2CCS(=O)(=O)C2)oc2ccccc12","O=C(NC1CCN(Cc2ccc(C(F)(F)F)cc2)C1)c1snc(O)c1Cl","COc1cc(S(=O)(=O)Nc2c(C)cc(C)cc2C)ccc1Br","CCOCc1ccccc1CNC(=O)C1CCOC1c1cnn(-c2ccccc2)c1","Cc1c(Cl)cnc(N2CCC(O)(Cc3cccc(Cl)c3)C2)c1C#N","CCOC(=O)C1CCN(S(=O)(=O)c2cc(Br)ccc2OC)CC1","CCOC(=O)C1CCN(S(=O)(=O)c2cc(Br)ccc2OC)CC1","CCOC(=O)C1CCN(S(=O)(=O)c2cc(Br)ccc2OC)CC1","CCOC(=O)C1CCN(S(=O)(=O)c2cc(Br)ccc2OC)CC1","CCOC(=O)C1CCN(S(=O)(=O)c2cc(Br)ccc2OC)CC1","CCOC(=O)C1CCN(S(=O)(=O)c2cc(Br)ccc2OC)CC1","CCOC(=O)C1CCN(S(=O)(=O)c2cc(Br)ccc2OC)CC1","CCOC(=O)C1CCN(S(=O)(=O)c2cc(Br)ccc2OC)CC1"
m_99e777,"CC(SCc1ccccc1)C(=O)NCCC(=O)N(C)C","COc1ccccc1CC(C)(CO)NCC(=O)NC(C)C","O=S(=O)(NCCc1ncn[nH]1)c1cccc2c1OCC2","CC(C)c1cccc(S(=O)(=O)N(C)Cc2nnc[nH]2)c1","CCOc1ccc(S(=O)(=O)n2nc(C)cc2C)cc1C","COC1CC(C(N)=O)N(C(C)CCc2cccc(F)c2)C1","CC(C(=O)NCCS(=O)(=O)Nc1ccccc1)C1CC1","O=C(NCc1cccnc1)c1ccc(C2CCCCC2)cc1","Cc1cc(C)c(S(=O)(=O)NCCn2cncn2)c(C)c1","Cc1ccc(CS(=O)(=O)C(C)c2nnnn2C)cc1C","CN(C)C(C(=O)N1CCC(C)(CO)CC1)c1cncn1C","Cc1ccc(C(=O)N2CCCC(O)(C(N)=O)C2)cc1Cl","O=C(NCc1ccnc2ccccc12)c1ccc(O)cc1F","CCc1nc(Cn2cc(CNC(=O)N(C)C)nn2)cs1","COc1cc(OC)cc(C(C(=O)O)N2CCN(C)CC2)c1","CC(CC1CCCCC1)NC(=O)N1C2CCC1CC(O)C2","Cc1cnn(C)c1-c1nc(C2(c3ccccc3)CCC2)no1","Cc1nsc(N2CCC3(CCC(N(C)C)CC3)CC2)n1","Cc1cccc(C(=O)Nc2cccc(-n3nnnc3C)c2)n1","CCNC(=O)Nc1c(C)cnn1Cc1cc(F)ccc1F","COc1cccc(CN2CCOC(C)C2C(N)=O)c1OC","CC(SCc1ccccc1)C(=O)NCCC(=O)N(C)C","CC(SCc1ccccc1)C(=O)NCCC(=O)N(C)C","CC(SCc1ccccc1)C(=O)NCCC(=O)N(C)C","CC(SCc1ccccc1)C(=O)NCCC(=O)N(C)C"
m_9b41d0,"Cc1nccn1-c1ccc(C(C)NCc2ncc[nH]2)cc1","Cc1cc(NC(=O)C(C)SCC(=O)NC2CC2)no1","Cc1cc(C)n(Cc2cc(C(=O)O)c3ccccc3n2)n1","N#Cc1ccc(OCC(=O)NCCc2ccccn2)cc1","O=C(NC1CC12CCCCC2)c1ccnc2ccncc12","Cc1noc(COC2CN(C(=O)CC3CCCO3)C2)n1","CC(NC(=O)NC1CCc2ccccc21)c1ccccn1","O=C(NC1CCCC1C(=O)O)c1ccc(C(F)F)cc1","COc1ccc(NC(=O)c2ccc(C)s2)cc1Cl","CC1CC(C#N)(C(=O)Nc2ccc3cc[nH]c(=O)c3c2)C1","COc1cc(C(=O)NC2CC(C(=O)O)C2)ccc1Cl","COC(C)(C(=O)NC(C)CC(=O)O)c1ccccc1F","CC1CC(C)C(C(=O)Nc2cc(C(=O)O)ccc2F)O1","CC(CNC(=O)N1CC(F)CC1CO)c1ccccn1","Cc1cc(C)c(CNC(=O)N2CCSCC2)c(=O)[nH]1","COCc1nc(OC)cc(N2CC(C)C(C)(CO)C2)n1","Cc1nc2ccc(N3CCOc4ccccc4C3)nn2n1","CC(=O)Nc1ccc(S(=O)(=O)NC(C)CC#N)cc1","O=C(NCC1Cc2ccccc2O1)c1cc(C2CC2)[nH]n1","CCCC(N)C(=O)N1CCN(CC(F)(F)F)C(C)C1","CC(C)c1cc(C(=O)N2CCOC(C(=O)O)C2)nn1C","Cc1cc(C)c2c(c1)N(S(=O)(=O)C1(C)CC1)CCO2","CCOC1CC(O)(CNc2nccc(OC)n2)C1(C)C","Cc1cccc(NC(=O)CCc2ccncc2)c1C(N)=O","Cc1nccn1-c1ccc(C(C)NCc2ncc[nH]2)cc1"
m_9b8030,"CC(C)C(=O)NCC1CCCN(C(=O)NCCNc2ncccn2)C1","Cc1c(C(=O)N2CCN(C)C3(CCOCC3)CC2)cnn1C(C)(C)C","COc1cccc(CNC(=O)N2CCOC(c3nc(C)cs3)C2)n1","Cn1cc(C(=O)NC2CCN(C(=O)OCC3CCCCC3)CC2)cn1","COc1cccc(C(=O)N2CCN(C(=O)C3CCOC3)CC2)c1OC","Cn1cc(C(=O)NCC2CCN(CC(O)CC3CCCC3)CC2)cn1","O=C(O)C1CCN(C(=O)C2CCCN(Cc3cccc(F)c3)C2)CC1","NC(=O)C1(O)CCN(C(=O)C2(c3ccc(F)cc3)CCCCC2)CC1","COC1(C(F)(F)F)CCN(C(=O)Nc2cnn(C(C)(C)C)c2)CC1","Cc1nn(C(C)C)cc1C(=O)NC(C)C(C)NC(=O)C1CCCCC1","CC(C)(C)n1cnc(C(=O)NCC(c2ccccc2)c2ccccc2)n1","Cc1ccoc1C(=O)N1CCN(c2ccnc(-c3ccccc3)n2)CC1","CC(C)(C)N1CC(NC(=O)N2CCC(Cn3cncn3)CC2)CC1=O","COCC(=O)N1CCN(c2nc3c(cnn3C(C)(C)C)c(=O)[nH]2)CC1","Cc1cc(C(=O)NC2CCN(CC(F)F)CC2)nn1-c1ccccc1","Cc1noc(C)c1CCC(=O)NCC(c1ccccc1)c1ccccc1","COc1ccc(C(C)NC(=O)N2Cc3ccccc3C2)c(OC)c1","CN(Cc1cccs1)C(=O)Nc1cc(C(C)(C)C)nn1C(C)(C)C","CC(C)C(=O)NCC1CCCN(C(=O)NCCNc2ncccn2)C1","CC(C)C(=O)NCC1CCCN(C(=O)NCCNc2ncccn2)C1","CC(C)C(=O)NCC1CCCN(C(=O)NCCNc2ncccn2)C1","CC(C)C(=O)NCC1CCCN(C(=O)NCCNc2ncccn2)C1","CC(C)C(=O)NCC1CCCN(C(=O)NCCNc2ncccn2)C1","CC(C)C(=O)NCC1CCCN(C(=O)NCCNc2ncccn2)C1","CC(C)C(=O)NCC1CCCN(C(=O)NCCNc2ncccn2)C1"
m_9b95d4,"COc1ccc(Br)cc1S(=O)(=O)N1CC2(CCOCC2)C1C1CC1","CCNC(=O)c1ccc(CNC(=O)C2CCCCN2C(=O)c2ccccc2)cc1","COCCN1C(=O)CC(CNc2nc3cc(F)ccc3o2)C1c1cnn(C(C)C)c1","CC(C)Oc1ccc(F)cc1S(=O)(=O)Nc1cc(C2CC2)nn1-c1ccccc1","Cc1occc1-c1nnc(SCC(=O)N2CCN(C(=O)c3ccco3)CC2)n1C","Cc1nn(C)c(C)c1-c1cc(C(=O)NC2CC(c3cccc(C(F)(F)F)c3)C2)[nH]n1","CCCCS(=O)(=O)N1CCC(C(=O)NC(C)(C)C(=O)NCC2CCCC2)CC1","CC(C)c1cccc(C(C)C)c1NC(=O)CCN1CCN(C(=O)C2CCCO2)CC1","COc1cccc(C(CNC(=O)c2ccc3nnc(C(F)F)n3c2)N2CCCC2)c1","CC1(NC(=O)c2cn(Cc3ccccc3)nc2-c2cccs2)CCS(=O)(=O)C1","COc1ccc(Br)cc1S(=O)(=O)N1CC2(CCOCC2)C1C1CC1","COc1ccc(Br)cc1S(=O)(=O)N1CC2(CCOCC2)C1C1CC1","COc1ccc(Br)cc1S(=O)(=O)N1CC2(CCOCC2)C1C1CC1","COc1ccc(Br)cc1S(=O)(=O)N1CC2(CCOCC2)C1C1CC1","COc1ccc(Br)cc1S(=O)(=O)N1CC2(CCOCC2)C1C1CC1","COc1ccc(Br)cc1S(=O)(=O)N1CC2(CCOCC2)C1C1CC1","COc1ccc(Br)cc1S(=O)(=O)N1CC2(CCOCC2)C1C1CC1","COc1ccc(Br)cc1S(=O)(=O)N1CC2(CCOCC2)C1C1CC1","COc1ccc(Br)cc1S(=O)(=O)N1CC2(CCOCC2)C1C1CC1","COc1ccc(Br)cc1S(=O)(=O)N1CC2(CCOCC2)C1C1CC1","COc1ccc(Br)cc1S(=O)(=O)N1CC2(CCOCC2)C1C1CC1","COc1ccc(Br)cc1S(=O)(=O)N1CC2(CCOCC2)C1C1CC1","COc1ccc(Br)cc1S(=O)(=O)N1CC2(CCOCC2)C1C1CC1","COc1ccc(Br)cc1S(=O)(=O)N1CC2(CCOCC2)C1C1CC1","COc1ccc(Br)cc1S(=O)(=O)N1CC2(CCOCC2)C1C1CC1"
m_9c4788,"CCCc1c(NC(=O)c2cnccn2)cnn1-c1cccc(C)c1","COc1ccc(CNc2nccn(-c3cccc(C)c3)c2=O)cc1","N#Cc1c(F)cccc1N1CCC(c2nnc3ccccn23)CC1","COc1cccc(CS(=O)(=O)c2nnc3n2CCCCC3)c1","COc1cncc(C(=O)N2CCCc3ccc(F)c(Cl)c32)n1","O=C1CC(C(=O)Nc2ccc3c(Cl)ccc(Cl)c3n2)CN1","COc1ccc2cc(C(=O)NCc3ccccc3OC)ccc2c1","CCOCC1CCN(C(=O)C(Oc2ccccc2)C(C)(C)O)C1","Cc1cc(C)n(-c2ccc(NC(=O)c3ccc(CO)nc3)cn2)n1","Cn1cc(S(=O)(=O)NCCc2ccco2)c(C2CCCC2)n1","Cc1cccc(N(C)C(=O)c2cc(S(C)(=O)=O)ccc2F)c1","Cn1c(SCC(O)C(F)(F)F)nnc1-c1ccc(F)cc1","O=C(O)C1CC(=O)N(c2cccc(-c3ccc4c(c3)CCO4)c2)C1","Cc1cnn(Cc2ccc(C(=O)Nc3cc4n(n3)CCC4)cc2)c1","Cc1ccnc(N2CC(COCC(=O)N(C)C)OC(C)(C)C2)c1","Cc1nocc1CN1CCCC(c2n[nH]c(-c3ccccc3)n2)C1","CNC(=O)c1cccnc1NS(=O)(=O)c1cn(C(C)C)cn1","CCc1nnsc1C(=O)NC1CCOC1c1cnn(C)c1C","CCCc1c(NC(=O)c2ccnn2C)cnn1-c1cccc(C)c1","CCn1cc(C2CN(Cc3nc(CCOC)no3)CCO2)cn1","Cc1ccc2[nH]c(C3CCCN(C(=O)c4cncnc4)C3)nc2c1","N#Cc1cc2c(nc1N1CCC(c3nc(C4CC4)no3)C1)CCC2","Cc1c[nH]c(CNC(=O)c2ccc(OC(F)F)cn2)c(C)c1=O","CCCc1c(NC(=O)c2cnccn2)cnn1-c1cccc(C)c1","CCCc1c(NC(=O)c2cnccn2)cnn1-c1cccc(C)c1"
m_9dc5c4,"O=C(Cc1csc(-c2nnc[nH]2)n1)OCC=Cc1ccccc1","Cc1ccc(CNC(=O)c2ccccc2NC(=O)c2ccnn2C)cc1","Cc1cc(C)cc(C2CCN(C(=O)Cn3ncc4cc(C)cnc43)C2)c1","Cc1ccc(NC(=O)CC2=CCCCC2)cc1N1CCCS1(=O)=O","O=C(CN1CCN(c2ccccn2)CC1)Nc1ccc(F)c(Cl)c1","CCCN1Cc2cccc(NC(=O)c3ccc(-n4cncn4)nc3)c2C1","Cc1ccc(C2CCN(C(=O)c3ccc(-n4cncn4)nc3)CC2)cn1","CCN(CC(=O)Nc1c(Cl)cccc1Cl)c1ccc(C#N)nc1","CC(C)(CC(=O)N1CCN(c2cc(C#N)ccn2)CC1)c1ccccc1","COc1c(C)cc(S(=O)(=O)Nc2cnc3c(c2)COCC3)cc1C","COc1cc(CNC(=O)NCCCF)cc(Br)c1OC","CC(C)S(=O)(=O)CC(=O)N1CC(n2cc(-c3ccccc3)nn2)C1","O=C1c2cnn(-c3ccccc3)c2CN1CC(=O)N1C2C=CCC1CC2","CCS(=O)(=O)c1ccc(NC2CCc3nc(C(C)C)nn3C2)cc1","CCc1onc(C)c1C(=O)Nc1cc2c(cc1Br)CCC2","O=C(NCCc1nnc2ccccn12)c1ccc(C2CCCCC2)cc1","COc1ccc(C#N)cc1NC(=O)CC1(C(=O)O)Cc2ccccc2C1","CCOc1ccc(C(C)(C)C)cc1S(=O)(=O)NCc1ccccn1","CC1CN(c2ccc(CNC(=O)c3cc(Cl)cn3C)cn2)CCO1","COC(=O)CN1CCCN(C(=O)CCOc2cccc(C)c2C)CC1","Cc1cc(C(=O)NC2CCN(CC(F)F)CC2)nn1-c1ccccc1","COc1cccc(CS(=O)(=O)c2nnc(-c3ccccc3F)[nH]2)n1","CCc1noc(C)c1C(=O)N1CCC(Oc2ccccc2Cl)CC1","Cc1ccccc1C1CC(N(C(=O)c2cnc3[nH]ncc3c2)C2CC2)C1","CC1CN(C)c2ccccc2N(C(=O)c2ccc(-n3cncn3)nc2)C1"
m_9e99f7,"Cn1cc(-c2nc(C3CCCCCN3C(=O)Cc3ccccc3F)no2)cn1","O=C(CN1CCOc2cccc(F)c21)NCc1cccc(C(=O)NC2CC2)c1","COc1ccc(NC(=O)N2CCCC(c3cc(F)ccc3F)C2)c(C)n1","CN1CCN(Cc2ccccc2OCC(=O)NCC2CC2)c2cc(F)ccc21","CN(C)c1noc(CN2CCCC2C(=O)N2CCCC2C2CCCC2)n1","O=C(NCC1CCN(S(=O)(=O)c2cccs2)C1)N1CC(CC2CC2)C1","CC(NC(=O)C1CC(=O)N(Cc2cccc(C(F)(F)F)c2)C1)C(=O)N(C)C","Cc1cc(C)n(C(C)CC(=O)N2CCC(CNC(=O)c3ccccn3)CC2)n1","CC1CC(C)(C)CC2(C1)NC(=O)N(CCN1C(=O)c3ccccc3C1=O)C2=O","COc1ccc(-c2noc(CCCC(=O)N3CC(C)C4CCCCC43)n2)cc1","OC(COc1ccc(-c2ccccc2)cc1)CN1CCOC2(CCOCC2)C1","O=C(Cn1cnnn1)NC1CCCC1c1ccccc1C(F)(F)F","CCCC(=O)N1CCCC(c2nc(-c3cc(OC(F)F)ccc3F)no2)C1","O=C(C1=CC(O)C(O)C(O)C1)N1CCOC(c2ccccc2F)C1","CC1(C)CC(NC(=O)NCc2nc(C(F)(F)F)cs2)CCO1","O=C(Cn1c(=O)cnc2ccccc21)N1CCC(O)(C(F)F)CC1","Nc1ncc(Cl)cc1S(=O)(=O)N(Cc1ccccc1)C(CO)C1CC1","CC(NC(=O)c1n[nH]c2ccccc12)c1cc(F)ccc1N1CCN(C)CC1","CN(CC1COc2ccccc2O1)C(=O)NC1CCN(c2ccccc2)CC1","CC(C)c1oc(C2CCCN2C(=O)CNC(=O)C2CC2)nc1-c1ccccc1","CNc1cc(N2CC(O)CC2CNC(=O)c2ccc3c(c2)CCCC3)ncn1","CCOC(=O)Nc1nc2ccc(NC(=O)c3ccnc4[nH]ccc34)cc2s1","O=C(NCc1nnc2ccc(C(F)(F)F)cn12)N1CCCC12CCCCC2","CCc1nc(-c2ccc(C(=O)N3CCCN(CC(F)(F)F)CC3)cc2)n[nH]1","CN(Cc1ccccc1C(F)(F)F)C(=O)CC12CC3CC(CC(O)(C3)C1)C2"
m_9f1fb6,"CCNC(=O)N1CCC(CN(CCO)C(C)C)CC1","Cc1onc(-c2ccc(C(F)(F)F)cc2)c1C(=O)O","CC1CN(c2ncccc2S(N)(=O)=O)CCCO1","COc1cccc(C(=O)NC2(CC(=O)O)CC2)c1","Cc1ccn(-c2ccc(NCC3C4COCC34)nn2)n1","COC1CC(C(N)=O)N(c2ccnc3ccccc23)C1","COC1CC(c2ncc[nH]2)N(Cc2cnc(C)nc2)C1","CC(=O)Nc1cc(C(C)(C)C)nn1-c1cccc(C)c1","CC1(C)CCC(NC(=O)c2ccc3nnnn3c2)CC1","Cn1ccnc(N2CCN(c3ccccn3)CC2)c1=O","CCOC1CC(NCC(O)COC)C12CCCCC2","Cc1cccc2c(N3CCOC(C)(C)C3C)ncnc12","Nc1[nH]nc(C2CCCC2)c1-c1ccc2c(c1)OCO2","COc1cccc(C(=O)Nc2[nH]nc(C3CC3)c2C)c1","COc1ccc2c(c1)C(NC(=O)c1cn[nH]c1)CCO2","CC(C)c1ccc2ncnc(NC3CC(CO)C3)c2c1","Cc1nccc(C(=O)NC23CC4CC(CC(C4)C2)C3)n1","CC(C)(C#N)C(=O)NCCc1c[nH]c2cc(F)ccc12","Cn1ccc(NC(=O)CC2OC(=O)c3ccccc32)n1","CCC1C(=O)N(C)CCN1c1ccc2nccnc2n1","CC(NC(=O)C(=O)Nc1ccc(C#N)cc1)C(C)(C)C","N#Cc1ncn(CC(=O)NC2CC2C2CCCCC2)n1","CCNC(=O)N1CCC(CN(CCO)C(C)C)CC1","CCNC(=O)N1CCC(CN(CCO)C(C)C)CC1","CCNC(=O)N1CCC(CN(CCO)C(C)C)CC1"
m_9fcc62,"C=C(C)CN1CCC(C(=O)Nc2ccccc2)CC1","CCc1ccc(O)c(NC(=O)Cc2cc(C)on2)c1","Cc1cc(=O)[nH]cc1C(=O)N1CC2CC=CCC2C1","O=C(Nc1ccc2c(c1)OCO2)c1ccc(=O)[nH]c1","O=C(NCc1ccccc1F)c1[nH]ccc1C1CC1","CN(C)C1CN(c2nc(C3CC3)nc3c2CCC3)C1","Cc1cccc(N2CCC(c3nc(C)no3)CC2)n1","CNC(=O)c1ccc(N2CC3CC=CCC3C2)nn1","CC(C)(C)c1cc(NC(=O)c2nccnc2N)[nH]n1","O=C(c1cccnc1)N1CCC(CC2CCCC2)C1","O=c1[nH]c(-c2ccncn2)nc2ccc(Cl)cc12","CCCN1Cc2cccc(NC(=O)C3CCC3)c2C1","CCc1nc(CN2CCCC2c2ncccn2)n[nH]1","O=C(NCc1nnc[nH]1)C1CC1c1ccc(F)cc1","O=C(CC1CCC1)N1CCC(c2ccccn2)CC1","Cn1ncc2c(N3CCCC4NCCC43)ncnc21","COc1ccc(CNc2cccnc2C)cc1OC","Cc1ncsc1C(=O)N1c2ccccc2CC1C","CN(C)C(=O)NCc1cccc(Cn2ccnc2)c1","CCCCc1cc(NC(=O)c2ccc(O)nc2)[nH]n1","Cc1nc(NC(=O)C(C)Oc2ccccc2)n(C)n1","Cn1ccc(NC(=O)Nc2ccnn2CC2CC2)n1","O=C(CCC1CCCC1)Nc1ccc2c(c1)CCN2","Cn1cccc1C(=O)NC1CCc2c(O)cccc21","Cc1cc(C)c(CNc2nnc(C)c(C)n2)c(C)c1"
m_a06450,"CCn1nc(C)c(S(=O)(=O)N2CC(n3ccnc3)Cc3ccccc32)c1C","CC(NC(=O)C1CC(=O)N(Cc2cccc(C(F)(F)F)c2)C1)C(=O)N(C)C","CCN(Cc1ccc2[nH]ccc2c1)C(=O)NC1CCN(CC(=O)N(C)C)CC1","O=C1CCCc2cc(S(=O)(=O)N3CCC(Nc4ccccc4)C3)ccc2N1","COc1c(C)c2c(c(O)c1CC=C(C)CCC(=O)Nc1cn[nH]c1)C(=O)OC2","O=C(NCC1(CN2CCOCC2)CCCCC1)NC1CCc2c(O)cccc21","O=C1C(Nc2ccccc2CN2CCOCC2)CCN1c1cccc(Cl)c1","Cc1ccc(-c2nc(C(=O)N(CC(=O)N(C)C)CC(F)(F)F)cs2)cc1","CCN(C(=O)CN(C)S(=O)(=O)Cc1ccc(C#N)cc1)c1ccccc1C","O=C1CCCc2cc(C(=O)N3CCn4cccc4C3c3ccccc3)ccc2N1","CC1COCCN1C(=O)NCc1cccc(N(C)S(C)(=O)=O)c1","O=C(c1ccc(C(F)(F)F)cn1)N1CCC(O)(Cn2ccnn2)C1","COc1ncc(Br)cc1CNC(=O)NC1CCC(C(=O)O)CC1","O=S(=O)(Cc1ccccc1Oc1ccccc1)c1nnc2n1CCCCC2","CC(C)Cn1ncc(C(=O)NC2CCOc3c(Cl)cccc32)c1C(F)F","OC(COc1ccc(-c2ccccc2)cc1)CN1CCOC2(CCOCC2)C1","O=C(O)c1cccc2c1CN(C(=O)C1CCCN(C(=O)N3CCCC3)C1)CC2","CCN1CCc2nc3ccccc3c(C(=O)N(C)CC3(O)CCOCC3)c2C1","CCc1c(C(=O)N(C)Cc2nc(CCOC)no2)cnn1-c1ccccc1C","Cc1ccccc1-n1ncc(NC(=O)NC2CCN(C(C)C)CC2)c1C(C)C","CCc1c(NC(=O)N2CCN(CC)C3(CCOC3)C2)cnn1-c1ccccc1","O=C(CN1CCOC2(CCOC2)C1)N1c2ccccc2NC(=O)C12CCCC2","CC(C)C(NC(=O)c1cc(Cl)ccc1OC(F)F)c1nc(C2CC2)no1","CCN(CC)Cc1ccc(C(=O)N2CCCNC(=O)C2Cc2ccccc2)o1","CCn1nc(C)c(S(=O)(=O)N2CC(n3ccnc3)Cc3ccccc32)c1C"
m_a0edff,"COc1ccc(CN2CCC(O)(C(F)(F)F)CC2)c(OC)c1","COc1ccc(C(=O)NCCc2ccc(OC)c(F)c2)c(O)c1","CSc1c[nH]nc1NS(=O)(=O)c1ccc(C)c(C)c1","COc1cc(C(=O)NC2(c3nc(C)c[nH]3)CCOC2)ccc1F","COCCc1ccnc(NC(=O)CN2CCCCC(O)C2=O)c1","Cc1n[nH]c(C(C)C)c1C(=O)N1CCC(C2CCCOC2)CC1","N#Cc1ccc(NC(=O)CCN2CCC(CO)CC2)cc1Cl","Cc1ccc(C)c(NS(=O)(=O)c2c[nH]nc2C(F)(F)F)c1","COc1cc(C(=O)Nc2cnn(CC(=O)O)c2)cc(OC)c1C","CCC1(CC)C(NC(=O)C2CCn3cncc3C2)C(C)C1OC","COc1cccc(CNc2nnc(C(F)(F)F)s2)c1OC","CNc1cc(N2CCC(C3OCCC3C(N)=O)CC2)nc(C)n1","Cc1ccc(S(=O)(=O)Cc2nnc(C3CCC3)n2C)cc1C","O=C(O)CCN(C(=O)c1ccnc(C2CC2)n1)C1CCOCC1","O=C(c1noc2c1COCC2)N1CCCC(C2CCCCN2)C1","Cc1nc(C)c(CCNC(=O)NC(C)c2cccc(O)c2)s1","CN(C)C(=O)COc1ccccc1CNc1cc(Cl)ccn1","COc1ccccc1CNC(=O)NCCC(=O)NC1CCCC1","COc1cccc(CC(C)(C)NC(=O)C(C)C2CCOCC2)c1","CC1(C#N)CCCN(C(=O)NC2CCOC3(CCCCC3)C2)C1","COc1ccccc1CC1CCCN(C(C)C(=O)NC(N)=O)C1","CCN(c1ccccc1)S(=O)(=O)c1cc(C(=O)O)ccc1C","CC(Nc1ncnc2nn(C)cc12)c1ccc(OC(F)F)cc1","N#Cc1ccccc1NS(=O)(=O)c1ccc2c(c1)OCO2","O=C(O)CN(C(=O)c1cccc(OCC2CCCO2)c1)C1CC1"
m_a12514,"O=C(c1ccc2[nH]cnc2c1)N1CC(N2CCOCC2)C1","CN(Cc1cscn1)S(=O)(=O)c1ccc(F)cc1","CC1CCN(C(=O)c2cc3cccnc3[nH]2)C(C(N)=O)C1","CC1COc2ccccc2N1CC(=O)NCc1ccco1","CN(C)c1nc(NC2CCCOCC2)nc2ccccc12","CC(=O)Nc1ccn(C2CCN(c3nccc(C)n3)C2)n1","Cc1cnc(C(C)NC(=O)c2cccc3cn[nH]c23)s1","O=C1Nc2ccccc2CCC1N1CCOCC2(CC2)C1","O=C1CCCc2cc(C(=O)NC3CCCCC3)ccc2N1","COC(=O)c1cccc(Oc2ncnc3ccsc23)c1","CC(C)c1noc(CNc2ccc3c(c2)CCNC3=O)n1","CC1CN(C(=O)c2cc3ccccc3c(=O)[nH]2)CC(C)O1","CCn1nncc1C(=O)NCC1(O)Cc2ccccc2C1","Cc1cc(NC(=O)c2cnn3c2CC(C)CC3)c[nH]c1=O","CCN1CCCC1CNS(=O)(=O)c1cc(C)oc1C","Cn1nc(C2CCCC2)cc1NC(=O)c1cncc(O)c1","Cn1[nH]c(=O)c2c(C(=O)NCC3CC3)cc(C3CC3)nc21","COCC(Nc1cccc(-c2nc(C)c(C)o2)c1)C1CC1","Cc1cccc(N2CC(C(=O)N3CCCC3)CC2=O)c1C","CCC(O)CN1CCN(c2nncc3ccccc23)CC1","CC(C)(C)C(=O)N1CCN(c2cccc3[nH]ncc23)CC1","Cc1cccc(C2(C(=O)NCc3csc(C)n3)CC2)c1","O=C(NCC1CC=CCC1)NC1c2ccccc2CC1O","CCC1C(C(=O)NCC2(c3ccccc3)CC2)CCN1C","CCCn1c(C)nnc1CNC(C)c1cccc(C)c1C"
m_a3c949,"N#Cc1cc(F)ccc1CN1CCCC(c2noc(C3CC3)n2)C1","O=C(Nc1cnc(C2CC2)nc1)NC1C2CCOC2C12CCCC2","Cc1ccc(CNc2ccc(C(=O)N3CCCCC3C)cc2C)o1","CSc1ccc(C(CNc2ncnc3nc[nH]c23)N(C)C)cc1","CCNS(=O)(=O)c1ccc(CNC(=O)C2(C(=O)O)CC2)cc1","O=C(O)c1cc(NC(=O)C2CCN(CC(F)F)CC2)ccc1O","CCc1cnccc1C(=O)NC1(c2noc(C3CC3)n2)CCCC1","Cc1cccc(N2CCC(N3CCS(=O)(=O)CC3)CC2)n1","Cc1c(C2C(C(=O)N3CCC(F)(F)C3)CC(=O)N2C)cnn1C","Cc1cccc(OCC(=O)N2CCCN(c3cccnn3)CC2)c1","Cc1cnc(C)c(N2CC(c3nc(C(C)C)n[nH]3)C(C3CC3)C2)n1","Cn1ccc(C(=O)NCc2ccccc2OC2CCCC2)cc1=O","Cc1nc(C2CCCN(c3cc(C(C)C)nc4ncnn34)C2)n[nH]1","Cc1ccc2oc(C(=O)N3CCC(c4nc(C)no4)CC3)cc2n1","CCCCS(=O)(=O)N1CCC(CNc2ncc(C)c(C)n2)C1","CC(C)CN(Cc1cnn(C)c1)S(=O)(=O)N1CC2CCC1C2","O=C(O)c1cccc(C(=O)NC2CCCOC2c2ccncc2)c1","O=C(NCCc1cccnc1)NC1CCCN(c2ncccn2)C1","Cn1cnc2c(c1=O)CCN(C(=O)c1cc3c(F)cccc3[nH]1)C2","COc1ccc(-c2nc(CCNC(=O)c3cn[nH]c3C)co2)cc1","CC(=O)Nc1ccc(S(=O)(=O)N2CCCCC2C(=O)O)cc1","N#Cc1cc(F)ccc1CN1CCCC(c2noc(C3CC3)n2)C1","N#Cc1cc(F)ccc1CN1CCCC(c2noc(C3CC3)n2)C1","N#Cc1cc(F)ccc1CN1CCCC(c2noc(C3CC3)n2)C1","N#Cc1cc(F)ccc1CN1CCCC(c2noc(C3CC3)n2)C1"
m_a5509a,"CCn1nncc1CNCC1CCCOC1c1nccn1C","CCn1nncc1CNCC1CCCOC1c1cnn(C)c1","COCCn1nc(C)c(CNC(=O)C2(C#N)CCCC2)c1C","CCc1nnc(CC2CCC(NC(=O)c3ncoc3C)C2)o1","Cc1cnn(CCNCc2csc(-c3cccs3)n2)c1","CC1Cc2c(C(=O)NCc3ccc(F)cn3)n[nH]c2C(C)O1","CCc1noc(C(C)N2CCN(c3cnn(C)c3)C(=O)C2)n1","CN1CCN(C(=O)CCc2ccco2)c2cc(Cl)ccc21","CCc1nocc1CSc1nnc(-c2ccco2)n1CC","COC1CC(c2nc(C)c(C)[nH]2)N(Cc2ccncc2F)C1","Cc1nn(C)c(C)c1C1OCCC1C(=O)Nc1cnoc1C","O=C(Nc1ccccc1O)C1CCN(C2CCOC2=O)CC1","CCNS(=O)(=O)N1CCCC(c2cc(F)ccc2F)C1","COc1ccccc1CN(C)C(=O)CN1CCCC1C(=O)O","COCc1n[nH]c(C2CN(c3nnnn3C)CC2C2CC2)n1","COC1CN(C(=O)Cn2nc(C)cc2C)CC1c1c[nH]nn1","O=C(NCC(c1cccs1)N1CCOCC1)c1ncc[nH]1","CCc1nn(C)c(CC)c1CNC(=O)NCc1ccoc1C","Cc1nccc(N2CCN(CC(O)C3CCCCC3)CC2)n1","OCC1CCCN1c1cc(NCCc2cccs2)ncn1","CCc1nc(CNC2CC(=O)N(C)C2c2ccnn2C)no1","COc1cc(C)c(CN(C)Cc2c(C)noc2C)cc1OC","CN(C)c1ccnc(C(=O)N2CCCC(CCC(N)=O)C2)c1","CCC=CCNC(=O)C1CCC(=O)N(C)C1c1nccn1C","NC(=O)c1csc(C(=O)NC2(c3cccc(F)c3)CC2)c1"
m_a5bb0e,"CC(=O)N1CCCN(C(=O)C2SCCc3sccc32)CC1","C=CCC1(C(=O)NCC(=O)Nc2ccc(F)c(F)c2F)CCC1","CCc1ccsc1C(=O)NC(c1ccccc1)c1n[nH]c(C)n1","CCN1CCC2OCCN(C(=O)c3cc(O)ccc3Cl)C2C1","Cc1cccc2c(CC(=O)N3CCCCC3c3ncon3)c[nH]c12","NS(=O)(=O)c1ccccc1CN1CCc2c(F)cc(F)cc21","CCC(OC1CCCC1)C(=O)NCCC(=O)N1CCCCCC1","O=C(c1cc(-c2ccccc2)no1)N1CCCC(C(F)(F)F)C1","CC1CCCC(OCC(=O)NCCC(=O)N2CCCCCC2)C1","O=C(c1cncc(-c2ccc3c(c2)CCO3)c1)N1CCCC1CO","COCC(=O)NC(C(=O)NCC1CC1C1CCCCC1)C(C)C","CCC(C)n1ncc2c(C(=O)O)cc(C=Cc3cn(C)nn3)nc21","O=C(c1ncccc1Br)N1CCOC2CCCCC21","CCNc1ncc(C(=O)NC(C)(C)c2nccs2)cc1Cl","CN(C)CC1CCCCN1C(=O)CNC(=O)NC1CCCCC1","CC(C)c1nc(C(CO)NC(=O)c2ccc(O)c(F)c2)cs1","Cc1ccc(-n2nc(C(=O)NC(C)c3ncn(C)n3)cc2C)cc1","CS(=O)(=O)N1CCc2c(NC(=O)C3CC3C(=O)O)cccc21","CNC(=O)CC1(O)CCCN(c2c(C#N)cnc3ccccc23)C1","NC(=O)CC1CN(C(=O)c2nn(-c3ccccc3)c3c2CCC3)C1","COC(=O)C1(NC(=O)c2cnc(C(C)(C)C)s2)CCCCC1","CC(=O)N1CCCN(C(=O)C2SCCc3sccc32)CC1","CC(=O)N1CCCN(C(=O)C2SCCc3sccc32)CC1","CC(=O)N1CCCN(C(=O)C2SCCc3sccc32)CC1","CC(=O)N1CCCN(C(=O)C2SCCc3sccc32)CC1"
m_a5d8e5,"COC(=O)c1ccc(NC(=O)NCc2noc(-c3cccs3)n2)cc1","Cc1cc(SCC(=O)NCC(N)C2CC2)c(C)cc1Br","O=C(NC1COc2ccccc2C1)N1CC2(CCC2)C1C1CCOCC1","CC(Cc1ccccc1F)C(=O)N1CCC(c2nc(C(N)=O)c[nH]2)CC1","CCc1nc2n(n1)CCCC2NC(=O)C(C)Oc1cccc(C(C)C)c1","CC(C(=O)NC1CCC(=O)N(C2CC2)C1c1nccn1C)=C1CCCC1","CC(C)c1n[nH]c(C(N)=O)c1NC(=O)c1cccc(C(F)(F)F)c1F","CC(C)c1n[nH]c(C(N)=O)c1NC(=O)c1cc(C(F)(F)F)ccc1F","CCn1cc(C(=O)N2CCOC(c3ccnc(N4CCCC4)n3)C2)cn1","O=C(C1=CCCCCC1)N1CCOC(c2ccnc(N3CCCC3)n2)C1","CCn1ccnc1C1CCCCN1C(=O)c1cc2cc(Cl)ccc2[nH]1","CN1CCCC(CNc2nc3c(F)cccc3n2C)C1c1ccnn1C","COC(=O)c1ccc(NC(=O)NCc2noc(-c3cccs3)n2)cc1","COC(=O)c1ccc(NC(=O)NCc2noc(-c3cccs3)n2)cc1","COC(=O)c1ccc(NC(=O)NCc2noc(-c3cccs3)n2)cc1","COC(=O)c1ccc(NC(=O)NCc2noc(-c3cccs3)n2)cc1","COC(=O)c1ccc(NC(=O)NCc2noc(-c3cccs3)n2)cc1","COC(=O)c1ccc(NC(=O)NCc2noc(-c3cccs3)n2)cc1","COC(=O)c1ccc(NC(=O)NCc2noc(-c3cccs3)n2)cc1","COC(=O)c1ccc(NC(=O)NCc2noc(-c3cccs3)n2)cc1","COC(=O)c1ccc(NC(=O)NCc2noc(-c3cccs3)n2)cc1","COC(=O)c1ccc(NC(=O)NCc2noc(-c3cccs3)n2)cc1","COC(=O)c1ccc(NC(=O)NCc2noc(-c3cccs3)n2)cc1","COC(=O)c1ccc(NC(=O)NCc2noc(-c3cccs3)n2)cc1","COC(=O)c1ccc(NC(=O)NCc2noc(-c3cccs3)n2)cc1"
m_a87b11,"CCN(C(=O)Cc1cccc(C(=O)O)c1)C1CCCOC1","OCc1ccc(CN2CCCC2C2CCCCC2O)cc1","COc1cc(C(=O)NCCc2cc[nH]n2)cc(OC)c1C","Cc1ccccc1C1(C(=O)N2CCOC(C(=O)O)C2)CC1","Cc1c(NC(=O)C2OCC3CCCC32)cccc1C(=O)O","CC(NC(=O)C1CCCC1)C(Cc1ccccc1)C(=O)O","CC(CC(=O)NC1CCCCC1)(C(=O)O)c1ccccc1","CC(C)OC1(C)CC1NC(=O)Cc1ccc(C(=O)O)cc1","CC(C)c1cccc(C(=O)NC2CCC(C(=O)O)CC2)c1","CCOc1cccc(C[S+]([O-])Cc2ccccc2C)n1","COc1cccc(-c2noc(CN3CCOCC3C)n2)c1","CCC(C)(C)NC(=O)CNc1cccc(C)c1C(=O)NC","COc1ccc(CN(C(=O)C2CC2C(=O)O)C2CC2)cc1","Cc1cccc(N(CCC(N)=O)C(=O)CNCC2CC2)c1","COC(=O)C1C2CCC(C2)C1NC(=O)c1cnc(C)cn1","CCN(C(=O)Cc1cccc(C(=O)O)c1)C1CCCOC1","CCN(C(=O)Cc1cccc(C(=O)O)c1)C1CCCOC1","CCN(C(=O)Cc1cccc(C(=O)O)c1)C1CCCOC1","CCN(C(=O)Cc1cccc(C(=O)O)c1)C1CCCOC1","CCN(C(=O)Cc1cccc(C(=O)O)c1)C1CCCOC1","CCN(C(=O)Cc1cccc(C(=O)O)c1)C1CCCOC1","CCN(C(=O)Cc1cccc(C(=O)O)c1)C1CCCOC1","CCN(C(=O)Cc1cccc(C(=O)O)c1)C1CCCOC1","CCN(C(=O)Cc1cccc(C(=O)O)c1)C1CCCOC1","CCN(C(=O)Cc1cccc(C(=O)O)c1)C1CCCOC1"
m_a94f72,"CC(CC(=O)O)NC(=O)c1ccnn1CC1CCC1","Cn1nccc1CCC(=O)NC1CCC(C(=O)O)C1","Cc1cc(CC(=O)N2CCC(CO)(C(C)C)C2)n[nH]1","NC(=O)C1CCC(NC(=O)NC2CC3CCCC32)C1","CCC(C)N(CC(=O)OC)C(=O)c1ccnc(C)n1","CC(CN(C(=O)c1ccccc1F)C1CC1)C(=O)O","CCCN(CC(=O)O)C(=O)C(C)n1nc(C)cc1C","CC(Oc1cccc(F)c1)C(=O)NCC(F)(F)F","CCOc1ccnc(N2CCC(O)CC(C)(C)C2)n1","CCC1CC(C(=O)Nc2c[nH]c(C(N)=O)c2)CCO1","COC(C(=O)N1CCC2CC2(O)C1)c1cnn(C)c1","CCCN(CC(=O)NC)C(=O)c1ccc(C)[nH]c1=O","CCCCN(CC(N)=O)C(=O)c1ccc(C)[nH]c1=O","COCC1(C(=O)Nc2ccc(C(=O)O)cc2)CCC1","COc1ccc(CNC(=O)C2CC2(C)C)cc1OC","COC1(C(=O)NCc2ccc(C(=O)O)cc2)CCC1","CN(CCn1cccn1)Cc1ccsc1C(=O)O","Cc1cn2c(n1)C(CNC(=O)C1CCCO1)CCC2","Cn1nc(CC(C)(C)C)cc1NC(=O)C1(C)COC1","NC(=O)CC1(O)CCCN(CCc2ccncc2)C1","CCc1nnc(N2CC(C)C(C(N)=O)C2)nc1CC","CC(CC(=O)O)NC(=O)c1ccnn1CC1CCC1","CC(CC(=O)O)NC(=O)c1ccnn1CC1CCC1","CC(CC(=O)O)NC(=O)c1ccnn1CC1CCC1","CC(CC(=O)O)NC(=O)c1ccnn1CC1CCC1"
m_a98076,"N#Cc1c[nH]c(C(=O)NC2CN(Cc3ccccc3)CCC2CO)c1","O=S(=O)(Cc1ccccc1)Nc1cccc(C(F)(F)F)n1","Cn1nccc1C(=O)NC1CCC2CN(Cc3ccccc3)CC2C1","Cn1cc(N2CCN(C(=O)C3(Cc4ccccc4)CCC3)CC2)cn1","CN(CC1(O)CCN(Cc2ccccc2)C1)C(=O)c1cc(C#N)c[nH]1","O=C(O)c1ccc(CNC(=O)C2CCCN2Cc2ccccc2)cc1","COc1ccc(C(CNC(=O)c2ccccc2C)N2CCCC2)cc1","Cc1cccc(S(=O)(=O)N2CCC(N3CCCOCC3)CC2)c1","COc1ccccc1CN(C)CC(=O)NC1CCCc2ccccc21","Cc1cccc(C(=O)NCc2nnc3n2CCC(C(F)(F)F)C3)c1","Cc1ccc(CNC(=O)NC2CN(Cc3ccccc3)CC2C)cn1","O=C(N1CCCC(Cn2cncn2)C1)C1(c2ccccc2)CCCC1","CN(C)C(=O)c1ccc(NC2CCCN(Cc3ccccc3)C2)nc1","CC(CCS(C)(=O)=O)NC(=O)NC(c1ccccc1)C1CCC1","Cc1ccc(NC2CCN(C(=O)C3Cc4ccccc4O3)CC2)nn1","Cc1nc(C)c(C(=O)NC2CCN(Cc3ccccc3)C2=O)nc1C","O=C(c1nccc2occc12)N1CCCC(CO)(c2ccccc2)C1","CCC(CNC(=O)CN(C)c1ncnc2nc[nH]c12)c1ccccc1","Cc1ccc(NC(=O)CN(C)C(=O)c2cnc3c(c2)nnn3C)cc1","CC(NC(=O)Nc1ccn(CC(F)F)n1)C1COc2ccccc21","CCC(NC(=O)C(=O)N(Cc1ccccc1)C1CC1)c1ccccc1","Cc1cccc(C(NCc2cnc3nc(C)cc(C)n23)C(C)(C)C)c1","CN(CC(=O)NCC1CC1c1ccccc1)c1ncnc2nc[nH]c12","CC1CN(Cc2ccccc2)CCN1C(=O)c1cnc2[nH]nnc2c1","CN1CCCN(C(=O)CS(=O)(=O)C2CCCC2)c2ccccc21"
m_aa5754,"CCOC(=O)CCC(C)Sc1nc2ncncc2[nH]1","COC(=O)C1C2CCC(C2)C1NC(=O)c1cscn1","CC(SCc1coc(-c2ccc(F)cc2)n1)C(N)=O","COc1cccc(CNC(=O)c2ccc3cc[nH]c3c2)c1","COc1ccnc(C(=O)NC(C)(CC(=O)O)C(C)C)c1","Cc1cc(NC(=O)CCN2CCCCC2C(N)=O)no1","COc1ccc(CNC(=O)N2CCOCC2)c(OC)c1","CC1CCNC(=O)C1NC(=O)Cc1cccc(Cl)c1","Cc1cnc(NC(=O)c2ccc([S+](C)[O-])cc2)s1","COc1cccc(CNCCc2c[nH]c3ccccc23)c1","CCN1CCCC1CN(C)C(=O)C1(C(=O)O)CC=CC1","Cc1ncc(CN2CCC(N3CCNC3=O)CC2)s1","O=C(NCC1CC1)C1(NCc2csnn2)CCCC1","CSc1ccc(OCCN2CCNC(=O)CC2)cc1","O=C(CNC(=O)c1cccs1)NC1CC(C(=O)O)C1","CN(c1nc2cccc(F)c2s1)C1CC(C(=O)O)C1","Cc1csc(NC(=O)C2(c3ccccc3)CC2)n1","CCC1CCCN(C(=O)CCc2cc(OC)no2)CC1","COc1c(C)cnc(CSc2n[nH]c(=O)n2C)c1C","COCC1CN(Cc2cccc(OC)n2)CC(C)(C)O1","CCOC(=O)CCC(C)Sc1nc2ncncc2[nH]1","CCOC(=O)CCC(C)Sc1nc2ncncc2[nH]1","CCOC(=O)CCC(C)Sc1nc2ncncc2[nH]1","CCOC(=O)CCC(C)Sc1nc2ncncc2[nH]1","CCOC(=O)CCC(C)Sc1nc2ncncc2[nH]1"
m_ab3260,"CC1(C(=O)O)CCN(C(=O)c2cc3cccc(Br)c3o2)C1","COc1ccc(C)cc1S(=O)(=O)N1CCOC(c2cnn(C)c2)C1","CC(Sc1nncn1C)C(=O)NC1CCC(C(=O)N2CCCC2)C1","Cn1cc(C2CN(S(=O)(=O)c3ccc4c(c3)OCO4)CCO2)cn1","Cc1ccc(F)c(OCC(=O)N2CC(=O)Nc3c(C)ccnc32)c1","O=C(CCNC(=O)C1CCCC1)NC(c1ccccc1)c1ccccn1","Cc1cc(CC(C)NC(=O)N2CCCn3c(cc4ccccc43)C2)n[nH]1","COc1ccccc1-c1cc(NC(=O)C2COc3ccccc3O2)[nH]n1","COC1CN(C(=O)CCc2cn(C)c3ccccc23)CC1c1c[nH]nn1","COc1cc(Cl)cc(C(=O)N2CC(C)OC(c3nnc(C)o3)C2)c1","CC(N)C(C)C(=O)Nc1ccc(Oc2ccc(C(F)(F)F)cc2)nc1","Cc1c(C(=O)N2CCC(CN)C2)nnn1-c1ccc(OC(F)F)cc1","CC1CCN(C(=O)c2ccc(Cn3cccn3)cc2)CC12CCCCC2","O=C(CN1CCN(C(C(=O)O)C2CC2)CC1)Nc1ccccc1Cl","Cc1ccsc1C1CC1C(=O)N1CCOC(CN(C)CC(N)=O)C1","O=C(O)c1ccc(C(=O)N2CCC(OCC3CCOC3)CC2)c(F)c1","Cc1noc(C2CN(C(=O)CCc3cccc(F)c3F)CC(C)O2)n1","CN(CC1(CO)CC1)C(=O)NC1CCCN(c2ccccc2Cl)C1","CC(C)CNC(=O)N1CCCC(CC(=O)NC2CCCCCCC2)C1","Cc1noc(C2COCCN2C2CN(C(=O)c3cc(Cl)c[nH]3)C2)n1","CC(c1ccccn1)N(CC(=O)N1CCCCCC1)Cc1ccccc1","CCc1n[nH]c(=O)c(-c2nc(-c3ccc4c(c3)CCC4)cs2)c1CC","Cc1ccccc1CNC(=O)CN1CCC(O)(Cn2ccnn2)C1","Cc1[nH]c(C2CCCN2C(=O)CC2(O)CCCC2)nc1-c1ccccc1","CCOC(=O)c1ccc(NS(=O)(=O)c2cc(F)ccc2OC)cc1"
m_ab91a8,"CN(C)Cc1cccc(C(=O)N2CCC(N)C2)c1","COC1(C)CC1Nc1ncnc2ccc(F)cc12","CC(O)(CNC(=O)C1Cc2ccccc21)C(=O)O","CCCc1ccc(N2CC(C(=O)O)CC2=O)cc1","O=C(NC1CC2CC(C(=O)O)CC21)c1ccn[nH]1","Cc1nc(C2CCCN(C3CCNC3=O)C2)n[nH]1","CN(CCC(=O)O)c1nc2ccccc2c(=O)[nH]1","Cc1n[nH]c(NC(=O)Cc2cccc(F)c2)c1C","CC1CN(c2ncnc3cccc(F)c23)CCO1","O=C(Cc1cccnc1)NC1CCCCNC1=O","CC(C(=O)N1Cc2cn[nH]c2C(C)(C)C1)C1CC1","NCc1cccc(CN2CCCC(C(N)=O)C2)c1","Cc1cccc(C2CCCN2CCC(=O)O)c1C","CC(C)c1ccc(N2CC(C(=O)O)CC2=O)cc1","CC1CC1C(=O)Nc1ccc2c(c1)OCCCO2","CNC(=O)C1CCCC1NC(C)c1ccccn1","COc1ccccc1C(=O)NCC1CCCCC1","CCOc1nc2cc(C(=O)N(C)CC)ccc2[nH]1","O=C(NCc1ccc[nH]c1=O)C12CCC1CNC2","O=C(c1n[nH]c2c1CCC2)N1CC2CCC(C1)O2","Cn1c(=O)c2c(ncn2CCCC#N)n(C)c1=O","CC1Cc2c(C(=O)NCC3CC3)n[nH]c2C(C)O1","Cc1ccccc1C(=O)NC1CCC(C(=O)O)C1","CCC(CO)NC(=O)C(c1ccccc1)C1CC1","Cc1ccc(OCC(=O)Nc2nnn(C)n2)cc1"
m_abbd02,"CCCOc1ncccc1CNC(=O)NC(CC)c1nccs1","CC(=O)N1CCC(Nc2cc(F)ccc2OCC(F)(F)F)CC1","CNC(=O)C1CCN(C(=O)NCc2ccc(OC(C)C)nc2)CC1","CN1CCCC2(CCN(S(=O)(=O)c3cc4ccccc4o3)C2)C1","COc1cc(Cl)ccc1C(=O)NCC1CCOC1c1ncn[nH]1","O=C(O)C1CC1C(=O)NC1CCCN(c2ccccc2Cl)C1=O","CN1CCC(CNS(=O)(=O)c2cc(F)cc(Cl)c2)CC1=O","COc1ccc2c(c1)C=C(C(=O)N1CCC(C(=O)O)CC1)CO2","CN(CC1OCCC1c1ncn[nH]1)C(=O)COc1ccccc1F","O=C(NC1CCN(c2nccs2)CC1)N1CC2CCCCC2C1","N#Cc1ccccc1S(=O)(=O)N1C(C(=O)O)CC2CCCCC21","CC(=O)N1CCCC(C(=O)N2CC(Cc3ccccc3Cl)C2)C1","CCn1cc(CNC(=O)C2CNCC23CCCCC3)c(=O)[nH]c1=O","Cn1ccc(C(=O)Nc2cc(Cc3ccccc3)ccc2O)cc1=O","CCN1CCOC(CNC(=O)c2nonc2C)C1c1ccnn1C","CC(=O)NC1CCCN(C(=O)Cn2nnnc2C2CCCCC2)C1","Cc1n[nH]c(C)c1C1COCCN1Cc1cnc2ccc(C#N)cn12","CCn1nncc1C(=O)N1CCC(Cc2ccc(F)c(F)c2)CC1","CCOc1ccc(CC(=O)N2CCOC(COCC3CC3)C2)nc1","CCn1nnc(C)c1CNC1CCOC1c1cnn(CCOC)c1","CC(C)c1nnc(C2CN(Cc3nnc(C(C)C)n3C)CCO2)o1","Cc1nc(C2CCCC2)sc1C(=O)NCc1ccc(C(=O)O)o1","CCCCN1CCC(NC(=O)Nc2nc3c(s2)CCCC3)CC1","O=C(Nc1ccc(Oc2ccc(Cl)cc2)nc1)C1COCCO1","O=C(NC1CCCN(Cc2noc(C3CC3)n2)C1)C1(O)CCCC1"
m_acdfec,"COCCN(CCC#N)S(=O)(=O)N1CCc2cc(F)ccc2C1","COc1ccc(-c2nsc(NC(=O)c3cnc(C)nc3C)n2)cc1","CNC(=O)Cc1ccc(NC2CCCN(c3cnn(C)c3)C2=O)cc1","CN(C)c1ccc(C(=O)N(Cc2ccco2)Cc2cccs2)cn1","COc1cc(NC(=O)C2(S(C)(=O)=O)CCCC2)ccc1C(=O)O","Cc1nc(C2CC2)oc1C(=O)N1CCCC1c1ccc(N(C)C)nn1","CC1CC(c2ccccc2F)N(C(=O)CN2CCNCC2=O)C1","CC(C)(C)c1ncc(NC(=O)CC23CC4CC(CC(O)(C4)C2)C3)cn1","O=C(O)CCc1ccc(OCc2coc(-c3cccc(F)c3)n2)cc1","Cn1nccc1C1CCCCN1S(=O)(=O)c1ccc(F)cc1F","COc1ccccc1C(C)NC(=O)CC(C)(C(=O)O)c1ccccc1","NC(=O)COc1cccc(NC(=O)C2CCN(CC(F)F)CC2)c1","Cc1occc1-c1cc(NC(=O)COc2ccccc2)n(CCO)n1","COCCN(CCC#N)S(=O)(=O)N1CCc2cc(F)ccc2C1","COCCN(CCC#N)S(=O)(=O)N1CCc2cc(F)ccc2C1","COCCN(CCC#N)S(=O)(=O)N1CCc2cc(F)ccc2C1","COCCN(CCC#N)S(=O)(=O)N1CCc2cc(F)ccc2C1","COCCN(CCC#N)S(=O)(=O)N1CCc2cc(F)ccc2C1","COCCN(CCC#N)S(=O)(=O)N1CCc2cc(F)ccc2C1","COCCN(CCC#N)S(=O)(=O)N1CCc2cc(F)ccc2C1","COCCN(CCC#N)S(=O)(=O)N1CCc2cc(F)ccc2C1","COCCN(CCC#N)S(=O)(=O)N1CCc2cc(F)ccc2C1","COCCN(CCC#N)S(=O)(=O)N1CCc2cc(F)ccc2C1","COCCN(CCC#N)S(=O)(=O)N1CCc2cc(F)ccc2C1","COCCN(CCC#N)S(=O)(=O)N1CCc2cc(F)ccc2C1"
m_ace790,"NC(=O)CS(=O)(=O)Cc1cccc(C(F)(F)F)c1","O=S(=O)(c1cc(F)c(F)c(F)c1)N1CC(CO)C1","CC1CC(C#N)(C(=O)Nc2ccc3cc[nH]c(=O)c3c2)C1","CC(C)c1cccc2c1CCN(C(=O)c1cnccn1)C2","Cc1noc(COC2CN(C(=O)CC3CCCO3)C2)n1","COCCC1CCN(C(=O)NC2CC3(C2)CC3N)CC1","O=C(NC1CCCC1C(=O)O)c1ccc(C(F)F)cc1","CN1C2CCCC1CC(NC(=O)N1CCCC(O)C1)C2","O=C(NC1CC12CCCCC2)c1ccnc2ccncc12","Cc1cc(C(=O)N2CC(C#N)C(c3ccccc3)C2)on1","CC1(C)CC(NC(=O)Cc2ccc(O)c(F)c2)CCO1","Cc1cc(CN(C)C(=O)c2cccc3ncccc23)no1","O=C(O)Cc1cccc(NC(=O)C2(C(F)F)CCC2)c1","CNC(=O)CCNc1nc(-c2ccncc2)nc(C)c1C","O=C(O)CNC(=O)c1ccn(-c2c(F)cccc2F)n1","NC12CCC1CN(C(=O)Cc1cncc3ccccc13)C2","C=CCC(C)NS(=O)(=O)c1cccc(CC(=O)O)c1","CCc1c(NCc2cn[nH]c2)cnn1-c1ccccc1C","COc1ccc(CC(=O)N(CC(=O)O)C2CC2)cc1F","CC1CN(C(=O)NCC(=O)N2CCCCC2)CC(C)O1","CC(NC(=O)CCc1nc2ccccc2c(=O)[nH]1)C1CC1","CC1Cc2cc(S(=O)(=O)N(C)CC(=O)O)ccc2O1","CCc1cnc(N2CCN(C(=O)C(C)(C)O)CC2)s1","CN(CC(O)CO)C(=O)c1c[nH]nc1C1CCOCC1","N#Cc1c2c(cn(CC(=O)NCC3CCC3)c1=O)CCC2"
m_acfc1e,"CCC(C)NC(=O)CCNC(=O)NCc1ccccc1OC","COc1cccc(COC(C)C(=O)N2CCCC2C(=O)O)c1","CCC(Cc1ccccc1)N(C)C(=O)c1cccc2cn[nH]c12","CC1(C)CN(C(=O)c2n[nH]c3ccccc23)CCS1(=O)=O","CN(CC(N)=O)CC1CN(Cc2ccc(CO)cc2)CCO1","CCCCS(=O)(=O)NC(C)c1cccc(C(F)(F)F)c1","CC(C)=CCOc1cccc(C(=O)N2CC(F)CC2CO)c1","Cc1ccc(-n2nc(C)c(C(=O)Nc3ccccn3)n2)c(C)c1","Cc1ccc(CC(C)N(C)C(=O)c2cccc3cn[nH]c23)cc1","CN1CCC(CNC(=O)c2c[nH]c(C#N)c2)C1c1cccnc1","O=S1(=O)CCCC1CNC1CCC(Cc2ccccc2)C1","Cc1ccccc1C(=O)Nc1ccn(CCS(C)(=O)=O)n1","CN(C(=O)C1CCn2ccnc2C1)c1ccc(F)c(Cl)c1","Cc1ccc(C2C(C)CCCN2C(=O)Nc2ccncc2)cc1","COc1cc(CCC(=O)N2CCC(C(=O)O)C2)cc(OC)c1","COc1nn(C)cc1NS(=O)(=O)c1cc(C(=O)O)cc2c1CCC2","CC(C)CNC(=O)N1CCCC(CC(=O)NC2CCCCCCC2)C1","O=C(O)C1CN(C(=O)c2cc(Cl)ccc2OC2CCCC2)CCO1","O=C(O)CCN(C(=O)C1CC1c1cccc(Cl)c1)C1CCOCC1","O=S(=O)(NC1(CO)CC1)c1ccc(Oc2ccccc2)c(Cl)c1","CC(C)c1nnc(COc2ccccc2S(=O)(=O)NCC2CC2)o1","O=C(CN1CCCCC(O)C1=O)N1CCN(CC(F)(F)F)C(=O)C1","O=C(CN1CCCCC(O)C1=O)N1CCCN(CC(F)(F)F)CC1","O=C(NCC(O)COCC1CC1)C1CC1c1ccccc1F","COC1(C)CCCN(C(=O)NCc2ccc(C#N)s2)CC1"
m_aec773,"O=C(NC1CCS(=O)(=O)C1)NC1CCCOc2ccc(F)cc21","Cc1ccc(Br)c2[nH]c(C(=O)NCC[S+](C)[O-])cc12","COCC1CN(C(=O)c2cccc(CS(N)(=O)=O)c2)CC(C)O1","CC(Nc1ncc(C(F)(F)F)cc1Cl)C1(S(C)(=O)=O)CC1","Cc1c(Br)cc(F)cc1C(=O)NC1(CC(N)=O)CCC1","CC(C)CCS(=O)(=O)CC(=O)N1CCn2c(nnc2C(C)C)C1","O=C(NCC1(C(=O)O)CCOCC1)c1ccc(Br)cn1","CN1C(=O)CC(CNS(=O)(=O)CC(C)(C)C)C1c1nccn1C","CC(C)NS(=O)(=O)NCC(c1ccc(Cl)cc1)n1ccnc1","CCCN(CCC)S(=O)(=O)N1CCN(C(=O)c2ccc[nH]2)CC1","CC(C)c1nc(C(=O)NCC(C(=O)O)c2ccccc2)cs1","O=C(NC1CCS(=O)(=O)C1)NC1CCCOc2ccc(F)cc21","O=C(NC1CCS(=O)(=O)C1)NC1CCCOc2ccc(F)cc21","O=C(NC1CCS(=O)(=O)C1)NC1CCCOc2ccc(F)cc21","O=C(NC1CCS(=O)(=O)C1)NC1CCCOc2ccc(F)cc21","O=C(NC1CCS(=O)(=O)C1)NC1CCCOc2ccc(F)cc21","O=C(NC1CCS(=O)(=O)C1)NC1CCCOc2ccc(F)cc21","O=C(NC1CCS(=O)(=O)C1)NC1CCCOc2ccc(F)cc21","O=C(NC1CCS(=O)(=O)C1)NC1CCCOc2ccc(F)cc21","O=C(NC1CCS(=O)(=O)C1)NC1CCCOc2ccc(F)cc21","O=C(NC1CCS(=O)(=O)C1)NC1CCCOc2ccc(F)cc21","O=C(NC1CCS(=O)(=O)C1)NC1CCCOc2ccc(F)cc21","O=C(NC1CCS(=O)(=O)C1)NC1CCCOc2ccc(F)cc21","O=C(NC1CCS(=O)(=O)C1)NC1CCCOc2ccc(F)cc21","O=C(NC1CCS(=O)(=O)C1)NC1CCCOc2ccc(F)cc21"
m_aef2b4,"O=C(Nc1ncccn1)c1ccc(Oc2ccccc2)cc1","CC(=O)Nc1cccc(OCCNC(=O)N2CCCC2)c1","Cc1noc(C)c1CCC(=O)Nc1nc2c(s1)CCC2","CN(C)CCC1CCCN1C(=O)CCn1ccccc1=O","Cc1c(CNC(=O)Nc2ncc(C(C)C)s2)cnn1C","COc1cc(=O)[nH]cc1C(=O)NC1CCC2(CC1)CC2N","COC1CC(c2ncn[nH]2)N(C(=O)c2ccncc2F)C1","CCN(Cc1cccc(-c2ccncc2)c1)S(N)(=O)=O","O=C(Nc1ncccn1)c1ccc(Oc2ccccc2)cc1","O=C(Nc1ncccn1)c1ccc(Oc2ccccc2)cc1","O=C(Nc1ncccn1)c1ccc(Oc2ccccc2)cc1","O=C(Nc1ncccn1)c1ccc(Oc2ccccc2)cc1","O=C(Nc1ncccn1)c1ccc(Oc2ccccc2)cc1","O=C(Nc1ncccn1)c1ccc(Oc2ccccc2)cc1","O=C(Nc1ncccn1)c1ccc(Oc2ccccc2)cc1","O=C(Nc1ncccn1)c1ccc(Oc2ccccc2)cc1","O=C(Nc1ncccn1)c1ccc(Oc2ccccc2)cc1","O=C(Nc1ncccn1)c1ccc(Oc2ccccc2)cc1","O=C(Nc1ncccn1)c1ccc(Oc2ccccc2)cc1","O=C(Nc1ncccn1)c1ccc(Oc2ccccc2)cc1","O=C(Nc1ncccn1)c1ccc(Oc2ccccc2)cc1","O=C(Nc1ncccn1)c1ccc(Oc2ccccc2)cc1","O=C(Nc1ncccn1)c1ccc(Oc2ccccc2)cc1","O=C(Nc1ncccn1)c1ccc(Oc2ccccc2)cc1","O=C(Nc1ncccn1)c1ccc(Oc2ccccc2)cc1"
m_b047da,"COCC(=O)Nc1ccc(Sc2nc(C)cc(C)n2)cc1","COc1cccc(S(=O)(=O)N(C)CCC(=O)O)c1OC","CCC(O)CN(CC)C(=O)c1ccc2c(c1)[nH]c(=O)n2CC","CC(NC(=O)c1c[nH]nc1C1CCOCC1)c1ccn(C)n1","CC(CC(=O)NC(C)c1nccn1C)Cc1cccc(F)c1","OCCn1nccc1C1CCN(Cc2cccc(F)c2)CC1","Cc1nn(C)c2sc(C(=O)NCc3ccc(F)cc3)cc12","CCn1ccnc1C1OCCCC1NCc1cnn(C)c1C","CC(=O)N1CCCC(CNC(=O)c2ccc(C(C)C)cn2)C1","CC(C)N(CCC(=O)O)C(=O)c1ccc(C(F)(F)F)cc1","Cc1cc2c(cc1C)C(C(=O)NC1(CC(=O)O)CCC1)CO2","COc1cccc(OC)c1S(=O)(=O)N(C)CCC(=O)O","O=C(O)CCc1ccc(NC(=O)CCc2ccsc2)cc1","O=S(=O)(CCN1CCc2cncnc2C1)c1ccccc1","CC(C)C1(CO)CCCN(C(=O)c2cncnc2C2CC2)C1","CCC(O)CN1CCN(C(=O)c2ccc3nncn3c2)CC1","CC(C)NC(=O)C1CCN(c2snc3ccccc23)CC1","COc1cnc(NC(=O)N2CCC(c3ccccc3)C2)s1","CCn1cc(C(=O)N2CC(C(=O)O)C(C(F)(F)F)C2)cn1","COC1CC(c2nc(C)c(C)[nH]2)N(C(=O)c2ccc(C)o2)C1","CCc1cc(NC(=O)NC2CCN(CC3CC3)CC2)n(C)n1","CN1CCCC(CNC(=O)c2ccon2)C1c1cncn1C","Cc1ccc(C(=O)NC2COCC2Oc2cnn(C)c2)nn1","Cc1nn(C)c(C)c1C(=O)NCC(C)(C)c1ccccc1F","COc1ccc(N2CC(C(=O)OC(C)C3CC3)CC2=O)cc1"
m_b084eb,"CCn1cc(Br)cc1C(=O)NC1(c2nnc[nH]2)CCC1","COc1ccc2cc(CNC3CCOC3c3ccnn3C)ccc2c1","COc1ccccc1S(=O)(=O)N1C(C(=O)O)CC2CCCCC21","CCN1CC(c2nc(-c3cc(NC)nc4ccccc34)no2)CC1=O","Cc1nsc(N2CCCN(C(=O)NCC3(C)CCCC3)CC2)n1","CC1CN(CCCNC(=O)NCC2CCCC3(CC3)C2)CC(C)O1","CCc1cc(C(=O)NC(C(=O)O)c2ccc3c(c2)CCO3)n[nH]1","COC(=O)Cc1csc(NC(=O)C(NC(C)=O)C2CCCC2)n1","Cn1ccnc1C1OCCC1NCc1cnn(Cc2ccccc2)c1","Cc1cc(NC(=O)C2(C)CCC(=O)NC2)nn1-c1cccc(C#N)c1","CC(N)C1CCCCN1S(=O)(=O)c1cc(F)ccc1Cl","COc1ccc(C(=O)O)cc1S(=O)(=O)Nc1c(C)nn(C)c1C","CCOc1ccc(S(=O)(=O)NCc2nc(C3CC3)no2)c(C)c1","Cc1nn(-c2ccccc2)cc1CNCC1CCOC1c1cn[nH]c1","CCC(C)(CNC(=O)N1CCc2sccc2C1)N1CCOCC1","O=C(CO)N1CCN(C2CCN(c3ccccc3Cl)C2=O)CC1","O=C(NC1CCN(C2CC2)CC1)c1ccc(-c2ccccc2)[nH]c1=O","O=C(Nc1cccc2ncccc12)C1CCCN(CC(F)(F)F)C1","CCn1cc(Br)cc1C(=O)NC1(c2nnc[nH]2)CCC1","CCn1cc(Br)cc1C(=O)NC1(c2nnc[nH]2)CCC1","CCn1cc(Br)cc1C(=O)NC1(c2nnc[nH]2)CCC1","CCn1cc(Br)cc1C(=O)NC1(c2nnc[nH]2)CCC1","CCn1cc(Br)cc1C(=O)NC1(c2nnc[nH]2)CCC1","CCn1cc(Br)cc1C(=O)NC1(c2nnc[nH]2)CCC1","CCn1cc(Br)cc1C(=O)NC1(c2nnc[nH]2)CCC1"
m_b0ce2a,"COc1nccc(NC(=O)NC2CCCCNC2=O)n1","CCSc1ccccc1OCc1nnc(C)n1CC","Cc1nc(CNc2nc(C3CCCC3)ns2)[nH]c1C","CC(C)CC(C(=O)O)N1C(=O)C2C3C=CC(C3)C2C1=O","Cc1ccc(OCC(=O)N2CCC(C)(C(=O)O)C2)cc1","Cc1nc(C(=O)N2CCCC(C(C)(C)C(=O)O)C2)c[nH]1","Cc1cccc(NC(=O)C(=O)N(C)C(C)CC#N)c1F","CCOC(=O)c1cn(C)nc1NC(=O)c1occc1C","CNc1ccc(C(=O)N2CCCCC(COC)C2)cn1","CCOC(=O)C(C)Sc1ncn(-c2ccccc2)n1","Cc1cc(F)ccc1C(=O)N1CCCC(C)C1C(=O)O","Cc1cnn(CCC(=O)N2C3CCC2C(C(=O)O)C3)c1","COCC1CCCN(c2nc3c(cnn3C)c(=O)[nH]2)C1","Cc1cc(F)ccc1C(=O)NC1C2CCC(C2)C1CO","Fc1ccc(-c2noc(CCn3cncn3)n2)cc1F","Cn1cc(N2CCN(Cc3cscn3)CC2=O)cn1","Clc1ccc(C2CN(Cc3ccn[nH]3)CCO2)cc1","COc1nccc(NC(=O)NC2CCCCNC2=O)n1","COc1nccc(NC(=O)NC2CCCCNC2=O)n1","COc1nccc(NC(=O)NC2CCCCNC2=O)n1","COc1nccc(NC(=O)NC2CCCCNC2=O)n1","COc1nccc(NC(=O)NC2CCCCNC2=O)n1","COc1nccc(NC(=O)NC2CCCCNC2=O)n1","COc1nccc(NC(=O)NC2CCCCNC2=O)n1","COc1nccc(NC(=O)NC2CCCCNC2=O)n1"
m_b11a90,"CC(C)n1nc(-c2ccccc2)cc1NC(=O)N(CCC#N)C1CC1","CCc1nnc2n1CCN(C(=O)c1ccc(-c3ccco3)nc1C)C2","COCC1COCCN1C(=O)CCn1cnc2sccc2c1=O","Cc1ccc(C)c(OCC(O)Cn2nccc2-c2cccnc2)c1C","CCCOc1ccc(C(=O)O)cc1NS(=O)(=O)c1cnn(C)c1","COC(=O)c1coc(C(=O)N2CCCC2c2nc3ccccc3[nH]2)c1","Cn1cc(C(=O)NC2CC(c3ccccc3Cl)C2)c(C(F)F)n1","CC(C)Oc1ccc(C(=O)O)cc1NS(=O)(=O)c1cn(C)cn1","NC(=O)CC1(NC(=O)c2ccncc2Br)CCCCC1","COc1cccc(C2CC(N(C)C(=O)c3ccc(C(=O)O)cc3)C2)c1","Cc1nn(-c2cc(N3CCOCC3)ncn2)c(C)c1Br","Cc1oc2nc[nH]c(=O)c2c1C(=O)NCC1CCCc2ccccc21","Cc1cc(N2CCN(C(=O)C3CCCCC3)CC2)nc2ccccc12","Cc1nn(-c2ccccc2)cc1C(=O)N(Cc1cnn(C)c1)C(C)C","COc1ccccc1CCNC(=O)Cn1cnc2ccccc2c1=O","COCc1ccccc1-c1noc(CC2CNCCS2(=O)=O)n1","Cc1ccc2[nH]c(C3CCCN3C(=O)Cc3c(C)n[nH]c3C)nc2c1","O=C(Cn1cnnn1)N1CCc2cc(Br)cc(F)c2C1","O=C(NC1CCOCC1O)c1cnn2cccc(Br)c12","Cc1c(Br)cc(S(=O)(=O)NCCF)cc1C(=O)O","COC(=O)C1(NC(=O)C2COc3ccc(Br)cc32)CC1","COC1CC(c2ncc[nH]2)N(C(=O)c2coc(Br)c2)C1","O=C(O)C1(C(=O)NC2CCOc3c(Br)cccc32)CC1","Cc1noc(C2CN(Cc3cc(Br)c[nH]3)CCN2C)n1","CN(CCF)S(=O)(=O)c1ccc(C(=O)O)cc1Br"
m_b4039c,"Cc1nc(C2CCCN2C(=O)c2cc3c(s2)CCCC3)no1","COc1ccc(C(=O)NC2CCCOC2c2cnn(C)c2)nn1","COCc1csc(NC(=O)N2CCCC2C2CCC2)n1","Cc1ccc(C(=O)NC2CCOC(c3cnn(C)c3)C2)cc1F","Cc1c(C(=O)N2CC(C)(CC(F)(F)F)C2)cnn1CC(C)C","CCc1n[nH]c(=O)c(CNC(=O)NCCn2cccc2)c1CC","COc1ccc2c(c1)N(Cc1ccc([S+](C)[O-])cc1)CCO2","CCOc1cc(CNC(=O)c2cc(CC)nn2C)ccc1OC","Cc1nn(CC(C)C)c(C)c1CC(=O)N1CCCC(C2CC2)C1","COc1ccc(C(=O)N2CCC(c3ccc(Cl)cc3)C2)nn1","Cc1nnc(C2OCCC2CNc2nc3cccc(F)c3o2)[nH]1","CCCN1CCN(C(=O)c2nc(C)oc2C)c2cc(F)ccc21","Cc1nc(C2CCCN2C(=O)c2cc3c(s2)CCCC3)no1","Cc1nc(C2CCCN2C(=O)c2cc3c(s2)CCCC3)no1","Cc1nc(C2CCCN2C(=O)c2cc3c(s2)CCCC3)no1","Cc1nc(C2CCCN2C(=O)c2cc3c(s2)CCCC3)no1","Cc1nc(C2CCCN2C(=O)c2cc3c(s2)CCCC3)no1","Cc1nc(C2CCCN2C(=O)c2cc3c(s2)CCCC3)no1","Cc1nc(C2CCCN2C(=O)c2cc3c(s2)CCCC3)no1","Cc1nc(C2CCCN2C(=O)c2cc3c(s2)CCCC3)no1","Cc1nc(C2CCCN2C(=O)c2cc3c(s2)CCCC3)no1","Cc1nc(C2CCCN2C(=O)c2cc3c(s2)CCCC3)no1","Cc1nc(C2CCCN2C(=O)c2cc3c(s2)CCCC3)no1","Cc1nc(C2CCCN2C(=O)c2cc3c(s2)CCCC3)no1","Cc1nc(C2CCCN2C(=O)c2cc3c(s2)CCCC3)no1"
m_b43690,"Cc1ccccc1C1CC(C)N(C(=O)c2cn[nH]c2C)C1","Cc1n[nH]c(C)c1CC(=O)N1CCC1Cc1ccccc1","Cn1nnnc1-c1cccc(NCc2ccccc2F)c1","Cc1n[nH]c(C)c1CC(=O)N(C)C1CCc2ccccc21","Cc1n[nH]c(C)c1CC(=O)N(C)C1Cc2ccccc2C1","Cc1cc(C)c(CNC(=O)NCc2ccccn2)c(C)c1","CCC1(CNC(=O)c2cccc3c2OCCO3)CC1","Cc1ccc(NCc2nnc(-c3ccccc3)o2)cc1F","CN(Cc1ccc(N)nc1)c1nccc(C(F)(F)F)n1","CN1CCN(C(=O)c2ccc(=O)n(C)c2)c2ccccc21","CC(=O)Nc1ccc(CC(=O)NCc2ccncc2)cc1","Cc1cc(NS(=O)(=O)c2cc(F)ccc2C)n(C)n1","Cn1nccc1C(=O)NCC1(Cc2ccccc2)CCC1","Cc1ccccc1C1CC(C)N(C(=O)c2cn[nH]c2C)C1","Cc1ccccc1C1CC(C)N(C(=O)c2cn[nH]c2C)C1","Cc1ccccc1C1CC(C)N(C(=O)c2cn[nH]c2C)C1","Cc1ccccc1C1CC(C)N(C(=O)c2cn[nH]c2C)C1","Cc1ccccc1C1CC(C)N(C(=O)c2cn[nH]c2C)C1","Cc1ccccc1C1CC(C)N(C(=O)c2cn[nH]c2C)C1","Cc1ccccc1C1CC(C)N(C(=O)c2cn[nH]c2C)C1","Cc1ccccc1C1CC(C)N(C(=O)c2cn[nH]c2C)C1","Cc1ccccc1C1CC(C)N(C(=O)c2cn[nH]c2C)C1","Cc1ccccc1C1CC(C)N(C(=O)c2cn[nH]c2C)C1","Cc1ccccc1C1CC(C)N(C(=O)c2cn[nH]c2C)C1","Cc1ccccc1C1CC(C)N(C(=O)c2cn[nH]c2C)C1"
m_b51204,"CN(C)c1noc(CN2CC(C)(C)OC3(CCCC3)C2)n1","Cc1ncsc1C(=O)Nc1ccn(C(C)(C)C(=O)O)n1","Cc1noc(CCCC(=O)NC2CCC(=O)NC2(C)C)n1","COC1CN(C(=O)C2CCCc3[nH]nnc32)C(C)(CO)C1","Cc1noc(C)c1CCNC(=O)C1CCCOC1C(C)C","CC1CC(C(=O)N2CCC(n3cn[nH]c3=O)CC2)C(C)O1","CCN(Cc1nc(C(=O)O)co1)Cc1ccccc1Cl","CNCC1CCN(C(=O)CCCOc2ccccc2F)C1","Cc1csc(C2CCCCN2C(=O)CC2CCCO2)n1","O=C(O)c1cc(NC(=O)c2ccncc2Cl)ccc1F","CN1CC(C(=O)NC2(CO)CCCC2)C(C(F)(F)F)C1","CN(CC1CCn2ccnc2C1)C(=O)c1cccc(C#N)c1","CCOc1cc(C(=O)NC2(C(=O)O)CCOCC2)ccn1","COC(=O)C1CCC(C(=O)N2CC3CN(C)CC3C2)CC1","Cn1nnnc1SCC(=O)Nc1cc(C(C)(C)C)no1","Cc1cc(C)n(CC(=O)NCc2nc(C(=O)O)cs2)n1","CC(C)C1CCOC1C(=O)N1CC(c2cc(CO)on2)C1","NCC1CCC(CNC(=O)C2(C(=O)O)CC=CCC2)CC1","O=C(O)CCC1CCCCN1C(=O)CCCn1cncn1","CCOC(=O)c1csc(CNC(=O)c2ccsc2)n1","O=C(CN1C(=O)C2CCCCC2C1=O)Nc1nncs1","CC1CCC(C(N)=O)CN1c1nnc(C(F)(F)F)s1","O=C(CCC1CCCCO1)N1CCN(C(=O)C2CC2)CC1","CC1(C(=O)NCC2(CN3CCOCC3)CCCCC2)CC1","Cc1nc(CN2CCCN(C3CC(C)OC3=O)CC2)no1"
m_b53b6e,"CN(Cc1ccccc1N1CCCC1)C(=O)c1cn(C2CCNCC2)nn1","COCc1nnc(C23CCC2CCN3C(=O)c2ccc(C3CC3)nc2C)o1","CN(C)c1nc2cc(C(=O)NC3CC(Cn4cccn4)CC3O)ccc2[nH]1","O=C(O)CCC1CCCCN1C(=O)Cn1cc(Br)ccc1=O","NC(=O)NC1CCN(C(=O)c2cc3cc(Br)sc3[nH]2)CC1","CCOc1ccc2cc(C(=O)N3CCC(C(F)(F)F)C(C)(C)C3)[nH]c2c1","CCn1ncnc1CNC(=O)N1CCC(c2c[nH]c3ccc(F)cc23)CC1","Cc1cc(C(=O)N2CC(C)C(C(N)=O)C2)ccc1Br","O=C(NC1CC(Cn2ccnc2)CC1O)c1c[nH]cc1-c1ccc(F)cc1","O=C(NC1CCCCC1F)c1ccc(S(=O)(=O)N2CCCCC2)cc1","Fc1cnc(N2CCN(c3nc(C(F)(F)F)nc4[nH]cnc34)CC2)nc1","CC1Cc2c(C(=O)N3CCN(S(C)(=O)=O)C(C)(C)C3)n[nH]c2C(C)O1","COc1ccc(CN(C)C(=O)NCCCc2nc(C(C)C)no2)cc1","CN(Cc1ccccc1N1CCCC1)C(=O)c1cn(C2CCNCC2)nn1","CN(Cc1ccccc1N1CCCC1)C(=O)c1cn(C2CCNCC2)nn1","CN(Cc1ccccc1N1CCCC1)C(=O)c1cn(C2CCNCC2)nn1","CN(Cc1ccccc1N1CCCC1)C(=O)c1cn(C2CCNCC2)nn1","CN(Cc1ccccc1N1CCCC1)C(=O)c1cn(C2CCNCC2)nn1","CN(Cc1ccccc1N1CCCC1)C(=O)c1cn(C2CCNCC2)nn1","CN(Cc1ccccc1N1CCCC1)C(=O)c1cn(C2CCNCC2)nn1","CN(Cc1ccccc1N1CCCC1)C(=O)c1cn(C2CCNCC2)nn1","CN(Cc1ccccc1N1CCCC1)C(=O)c1cn(C2CCNCC2)nn1","CN(Cc1ccccc1N1CCCC1)C(=O)c1cn(C2CCNCC2)nn1","CN(Cc1ccccc1N1CCCC1)C(=O)c1cn(C2CCNCC2)nn1","CN(Cc1ccccc1N1CCCC1)C(=O)c1cn(C2CCNCC2)nn1"
m_b6b7fe,"Cc1nc(S(=O)(=O)Cc2cccc(C(N)=O)c2)n(CC(C)C)c1C","Cc1cccc(-c2noc(CC3CCN(Cc4ccccn4)CC3)n2)n1","Cc1cccc(N2CCN(C(=O)Nc3ccc(C4CC4)nn3)CC2)c1C","COCc1n[nH]c(C2CN(CC(=O)N3CCOCC3)CC2C2CC2)n1","O=C(O)c1ccc(NS(=O)(=O)c2ccc3c(c2)CCCO3)cc1O","CC(C)c1noc(-c2ccnc(N3CCN(C)c4ccccc4C3)c2)n1","O=S(=O)(NCc1cn2c(n1)CCCC2)c1ccc2c(c1)OCCO2","O=C(COCC1CC1)Nc1cccc(C[S+]([O-])C2CCCCC2)c1","Cc1cccc(C(=O)NC(C)C(=O)Nc2ccc(-c3nnc[nH]3)cc2)c1","CC(C)CC(NC(=O)c1ccccc1COC1CCOCC1)C(=O)O","CSc1sc(NC(=O)c2cccc3c2OC(C)C(=O)N3)nc1C","COc1cc(S(=O)(=O)NCC2C(C)(C)C2(F)F)ccc1C(=O)O","Cc1cnc(CNC(=O)c2cc3nccc(C(F)(F)F)n3n2)c(C)c1","O=S(=O)(Nc1nnc(C2CCCCC2)o1)c1ccc2c(c1)CCO2","O=C(NCc1cccnc1)N1CCOC(c2ccc(F)c(Cl)c2)C1","Cc1cc(S(=O)(=O)N2CCCN(c3ccccn3)CC2)ccc1F","CCn1c(C(C)Nc2cc(COC)nc3ncnn23)nc2ccccc21","COc1ccc(-n2nc(C(=O)Nc3cnc(C4CC4)nc3)cc2C)cc1","Cc1oc(C#N)cc1C(=O)N1CC(c2nc(C3CC3)n[nH]2)C(C2CC2)C1","CC(C)n1cnnc1C1CCCN(c2ccc(S(C)(=O)=O)cn2)C1","O=C(CNC(=O)C1Cc2ccccc2S1)NCCN1CCOCC1","Cc1cc(C(=O)N(C)Cc2ccc(N(C)C)nc2)nn1-c1ccccc1","Cc1ccc(F)cc1S(=O)(=O)N1CCN(Cc2ccccn2)CC1","COc1ccccc1CN(C(=O)c1ccnc(-n2cncn2)c1)C1CC1","COc1cc(F)c(S(=O)(=O)N(C)C2CCNCC2)cc1OC"
m_b70863,"CNC(=O)C1CC(=O)N(C2CN(C(=O)Cc3cccnc3C)C2)C1","CNC(=O)C1CC(=O)N(C2CN(C(=O)Cc3ccc(C)nc3)C2)C1","Cn1ccc(C(=O)NC2COCC2Oc2cn[nH]c2)c1C1CCC1","Cc1ccc(CC(=O)N2CCCC(O)(Cc3nc(C)no3)C2)cn1","CCn1cc(OC2COCC2NC(=O)Cc2cccnc2C)cn1","CC(c1ccccc1F)N(C)C(=O)NCc1ccnc(N(C)C)c1","Cc1ccc(CC(=O)N2CCN(C(C)C(=O)NC3CC3)CC2)cn1","O=C(Nc1cnc(C2CC2)nc1)N1CCc2c(F)cc(F)cc2C1","CC(=O)Nc1ccc(C)c2c1CCCN2C(=O)C1CC(C)CCO1","O=C1C(Nc2ncnc3ccc(F)cc23)CCN1C1CCOCC1","CN(CC1CCN(C)C1c1cccnc1)C(=O)Nc1ccsc1","Cc1csc2ncnc(NC3CCN(C(=O)CC(C)C)CC3)c12","COc1ccc(OC)c(-c2cc(C(=O)N(C)C(C)C3CC3)no2)c1","COCCn1cc2c(n1)C(NC(=O)c1cc(OC)ccn1)CCC2","CC1(CNC(=O)N2CCCN(c3ccccc3)CC2)CCC(=O)N1","CCc1nnc(C23CCCC2CN(C(=O)c2cnnn2CC)C3)o1","O=C(NC1CCCN(c2cccnn2)C1)c1ccc(CO)c(F)c1","CCn1cc(C2OCCCC2CNC(=O)c2ncccc2O)cn1","O=S(=O)(c1ccc2c(c1)CCO2)N1CCCC1c1ccncc1","O=C(Cc1ccccc1O)NC1CCN(c2ccc(F)cc2F)C1","CC1CN(C(=O)CN2CCCC2=O)c2cccc(Cl)c2O1","O=C(O)c1cccnc1CN1CCC(Oc2ccc(F)cc2)CC1","CC(C)c1[nH]ccc1C(=O)NC(c1nccn1C)C1CCOCC1","CCC(CC)(CC(=O)O)NC(=O)C1CCCN(C(=O)Cc2ccccc2)C1","O=C(O)c1ccc(S(=O)(=O)NCC2(N3CCOCC3)CC2)cc1Cl"
m_b7be8a,"O=C(O)C1COCCN1C(=O)c1coc(C2CC2)n1","CC(C)N(CCOc1ccc(C#N)cc1)C1CCOCC1","NC(=O)CC1CN(C(=O)C2(c3ccccc3)CCCO2)C1","CN(C)C(=O)C1(CNc2ccnc(C3CC3)n2)CCCC1","CN1CCN(c2ncnc3c2ncn3C)CC1C(C)(C)C","NC1CCN(C(=O)COc2ccc(C(F)(F)F)cc2)C1","CC(C)C1(CNC(=O)c2cnn(C)c2-n2cnnc2)CC1","Cc1cccc(C(=O)N2C(C(=O)O)CC3CCCCC32)n1","O=C(Cc1ccccc1F)Nc1cn[nH]c1C1CCNC1","c1cc(N2CCC3(CCC3)CC2)nc(N2CCOCC2)n1","CC1CC[S+]([O-])CCN1CC(=O)NCC1CCCO1","CC1CN(C(=O)c2ccncc2C(F)(F)F)CC(C)O1","COCC1(C(=O)Nc2cnc3c(c2)CCC3)CCCCC1","CCNC(=O)CSc1ccc(C#N)c(C(F)(F)F)c1","CSCC1CCCN1Cc1nc(N)c2ccccc2n1","CCc1nnc(CSc2nnc(C)c(C)c2C#N)n1C","Cc1nc(C(=O)N2CCC(Cc3ncc[nH]3)CC2)c(C)o1","OCC1CCN(CCNCc2cccc3cn[nH]c23)CC1","CC(NC(=O)c1ccc(C#N)cc1)c1nc2ccccc2[nH]1","Cn1nccc1C(=O)NCC1CCN(CC(F)(F)F)C1","CC(=O)NC1CCCN(C(=O)c2ccc(C(=O)O)cc2)C1","C=CCOC(C)C(=O)Nc1cc(C(F)(F)F)c[nH]c1=O","COc1ccc(C2OCCC2NCc2cncn2C)cn1","Cc1nnc(C23CCCC2CN(c2ncccc2F)C3)o1","CN1C(=O)CCN(C(=O)c2cnsn2)c2ccccc21"
m_b7d932,"Cc1ccc(S(=O)(=O)N2CCN(CCCn3ccnc3)CC2)cc1","O=C(CN1CCN(C(=O)c2c[nH]nn2)CC1)Nc1ccccc1Cl","O=C(CN(Cc1cccs1)c1ccc(F)cc1)NC1CCOCC1","Cc1cc(CNC(=O)NCC2CCCN(Cc3cccs3)C2)no1","O=C(O)CCC1CCCCN1C(=O)c1cn(Cc2cccs2)nn1","CC1CCC(N2CCC(N(C)C(=O)C3CC34CCOCC4)CC2)CC1","CN(Cc1cccs1)C(=O)Nc1cc(C(C)(C)C)nn1C(C)(C)C","COc1ccccc1CNC(=O)CN1CCCC1C1COCCC1O","Cc1cnn(CC2CN(CC(=O)N(C)Cc3cccs3)CCO2)c1","CN(Cc1ccsc1)C(=O)c1ccc(Cl)c(N2CCCC2=O)c1","CC(CCn1cncn1)NC(c1nc(C(C)C)no1)C1CCOCC1","CC1CC(C)CN(S(=O)(=O)NCC(O)Cc2ccccc2)C1","Cc1ccc(S(=O)(=O)N2CCN(CCCn3ccnc3)CC2)cc1","Cc1ccc(S(=O)(=O)N2CCN(CCCn3ccnc3)CC2)cc1","Cc1ccc(S(=O)(=O)N2CCN(CCCn3ccnc3)CC2)cc1","Cc1ccc(S(=O)(=O)N2CCN(CCCn3ccnc3)CC2)cc1","Cc1ccc(S(=O)(=O)N2CCN(CCCn3ccnc3)CC2)cc1","Cc1ccc(S(=O)(=O)N2CCN(CCCn3ccnc3)CC2)cc1","Cc1ccc(S(=O)(=O)N2CCN(CCCn3ccnc3)CC2)cc1","Cc1ccc(S(=O)(=O)N2CCN(CCCn3ccnc3)CC2)cc1","Cc1ccc(S(=O)(=O)N2CCN(CCCn3ccnc3)CC2)cc1","Cc1ccc(S(=O)(=O)N2CCN(CCCn3ccnc3)CC2)cc1","Cc1ccc(S(=O)(=O)N2CCN(CCCn3ccnc3)CC2)cc1","Cc1ccc(S(=O)(=O)N2CCN(CCCn3ccnc3)CC2)cc1","Cc1ccc(S(=O)(=O)N2CCN(CCCn3ccnc3)CC2)cc1"
m_b81b9d,"Cc1ccc2[nH]c(CN(C)Cc3cccnc3)cc2c1C","COc1cccc(NC(=O)CN(CC(N)=O)C(C)C)c1","COC1(C)CC(NC(=O)c2ccc(C(=O)O)o2)C1(C)C","Cc1nc(C(=O)N2CCCC(C3CCOCC3)C2)no1","O=C(O)CCN(CC1CCCO1)C(=O)c1ccnnc1","CC(C)COc1cncc(N2CC3COCC(C2)O3)n1","COc1ccncc1NC(=O)c1ccc2ccccc2n1","COCc1nc(OC)cc(N2CCOC3(CCC3)C2)n1","Cc1cc(C)c(C(=O)O)cc1NC(=O)C1COCCO1","N#Cc1ccc(N2CCCN(c3cccnn3)CC2)cc1","Cc1cc(=O)n(C)cc1NC(=O)NC(C)C1CCCO1","CCC1OCCCC1C(=O)Nc1cc(C(N)=O)n(C)c1","CCn1nncc1C(=O)N1CCOC2CCN(C)CC21","CCNC(=O)CC1CCCCN1C(=O)c1cnnn1C","Cc1ccc2[nH]c(CN(C)Cc3cccnc3)cc2c1C","Cc1ccc2[nH]c(CN(C)Cc3cccnc3)cc2c1C","Cc1ccc2[nH]c(CN(C)Cc3cccnc3)cc2c1C","Cc1ccc2[nH]c(CN(C)Cc3cccnc3)cc2c1C","Cc1ccc2[nH]c(CN(C)Cc3cccnc3)cc2c1C","Cc1ccc2[nH]c(CN(C)Cc3cccnc3)cc2c1C","Cc1ccc2[nH]c(CN(C)Cc3cccnc3)cc2c1C","Cc1ccc2[nH]c(CN(C)Cc3cccnc3)cc2c1C","Cc1ccc2[nH]c(CN(C)Cc3cccnc3)cc2c1C","Cc1ccc2[nH]c(CN(C)Cc3cccnc3)cc2c1C","Cc1ccc2[nH]c(CN(C)Cc3cccnc3)cc2c1C"
m_b8415b,"O=C(N1CCC(n2cncn2)C1)C1(c2ccc(Br)cc2)CC1","O=C(c1ccccc1)N1CCN(C(=O)c2ccc(-n3ccnc3)cc2)CC1","CC(c1nc(C(C)(C)C)no1)S(=O)(=O)c1ccc(Cl)c(Cl)c1","Cc1[nH]c2ncnc(NC(=O)c3ccc(CCC(F)(F)F)cc3)c2c1C","CCN1CCN(Cc2ccc(NC(=O)c3cc4ccccc4[nH]3)cc2)CC1","CNS(=O)(=O)c1ccc(C(C)Nc2nccc(C(F)(F)F)n2)cc1","CN1CCCc2ccc(S(=O)(=O)NCC3CCc4nccn4C3)cc21","CCCOc1ccc2[nH]cc(CCNC(=O)c3cncc4[nH]ccc34)c2c1","Cc1ccc(C(=O)Nc2ccc3c(c2)CCC3)cc1NC(=O)c1ccco1","CS(=O)(=O)c1ccc(F)c(C(=O)Nc2cccc(-c3nnc[nH]3)c2)c1","CSc1ccc(Cl)c(C(=O)Nc2cccc(N3CCCC3=O)c2)c1","O=C(Nc1ccc(CNC(=O)C2Cc3ccccc3O2)cc1)c1ccco1","CC1(C)Cc2c(cnn2-c2ccccc2)CN(c2nccn3nnnc23)C1","COC(=O)C1CC(O)CN(CC(=O)Nc2cc(Cl)ccc2Cl)C1","CC(C)C(NC(=O)c1ccccc1F)C(=O)NCc1cccc(Cl)c1","COC(=O)C(NS(=O)(=O)c1cnc(-c2ccccc2)o1)C(C)C","CCCn1c(NC(=O)c2ccc3c(c2)C(=O)N(C)C3=O)nc2ccccc21","O=C(Nc1cnn(-c2ccccc2)c1C(F)F)C1CN(C2CCOC2)C1","CNS(=O)(=O)c1cc(C(=O)NC2(c3cccc(C)c3)CCCC2)co1","Cn1ccc(NS(=O)(=O)c2ccc(C(=O)NCC(F)(F)F)cc2)n1","NC(=O)c1cccc(C(=O)Nc2ccc(-c3cn4c(n3)CCCC4)cc2)c1","C=CCN(C1CC1)S(=O)(=O)c1ccc(C(=O)NCC(F)(F)F)cc1","Cc1nc(C(F)(F)F)ccc1C(=O)NCC(C(=O)O)C1CCOCC1","Cc1sc(CCNC(=O)Nc2cccnc2)nc1-c1ccccc1","COc1ccc(C)cc1S(=O)(=O)N1CCC(Cc2cccnc2)CC1"
m_b8a6f4,"COc1ccccc1OCCNS(=O)(=O)c1cc(F)cc(F)c1","Cc1cnccc1NS(=O)(=O)c1ccc(C#N)c(C(F)(F)F)c1","Cc1ccnc(O)c1C(=O)NC1CCN(c2nccn(C)c2=O)CC1","CC(C)n1nccc1NC(=O)c1ccc(S(=O)(=O)C(F)F)cc1","CC(C)Cc1nnc(NS(=O)(=O)c2cnn(C(C)(C)C)c2)s1","CC(C)Cc1nnc(NC(=O)c2cc(-c3ccccc3O)n[nH]2)s1","O=C(NCCc1nnc2c(=O)[nH]ccn12)C1CCC2CCCCC2C1","CC(=O)N1CCN(Cc2cccc(NC(=O)c3cnn(C)c3)c2)CC1","CC(C)Cc1cc(C(=O)N2CCN(c3ncccn3)CC2)cc(O)n1","Cc1c(NC(=O)c2ccc(O)nc2)cccc1C(=O)N1CCOCC1","Cn1cnnc1CC1(O)CCCN(CCOc2ccc(C#N)cc2)C1","COC1CC(c2nncn2C)N(Cc2ccc(C(F)(F)F)cn2)C1","CC(C)C(NC(=O)c1nccc2ccccc12)C(=O)N1CCOCC1","COc1ncccc1C(=O)Nc1cnn(CC(=O)NC2CCCC2)c1","Cc1cc(C)n2c(SCC(=O)Nc3c(C)cccc3C)nnc2n1","Cc1n[nH]c(C2CN(CC(=O)NCCc3ccccc3C)CCO2)n1","Cn1ccc(C(=O)NC2CCCN(c3ccccc3F)C2=O)cc1=O","O=C(O)c1cccc(NS(=O)(=O)c2ccccc2OC(F)F)c1","CCc1c(NC(=O)NC2CCCc3cccnc32)cnn1CC(C)C","CCOc1ccc(C(=O)N2CCC(Nc3ccc(C)nn3)CC2)cn1","Cc1cncn1CC(=O)N1CC2CCCC2(c2nnc(C3CC3)o2)C1","CN(C)c1ccc(C(=O)N(Cc2ccco2)Cc2cccs2)cn1","COC1CC(CNC(=O)c2cccn2C2CC2)N(c2ccncn2)C1","Cc1noc(C2CCC(CNCc3c[nH]nc3C(C)(C)C)O2)n1","CNC(=O)c1ccc(C)c(NC(=O)c2csc(-c3ccoc3)n2)c1"
m_b8f328,"Cc1cc(NC(=O)c2cccc(F)c2)sc1C(=O)NCCc1cccs1","CCC(CNC(=O)c1cc(Cn2cc(C)cn2)on1)Oc1ccccc1Cl","COc1ccc(-c2nn(-c3ccccc3)cc2C(=O)N(C)Cc2nnc[nH]2)cc1","CC(Sc1nnc2sc3ccccc3n12)C(=O)NCc1ccc(F)cc1","Cc1ccc(CN(CCc2ccccc2)S(=O)(=O)N(C)C(C)C)s1","O=C(O)c1ccc(S(=O)(=O)N2CCN(C3CC3)CC2)c(Br)c1","CN(C(=O)NCc1ccc(-c2ccccc2C#N)cc1)C1CC2CCC(C1)N2C","O=C(NCC(C(=O)O)C1CCOCC1)C1CCCN(C(=O)c2ccccc2)C1","O=C(O)C1CCCN(S(=O)(=O)C2CN(C(=O)c3cccc(Cl)c3)C2)C1","Cc1cc(C)n(-c2ccc(C(=O)Nc3ccc(Oc4cc(C)[nH]n4)cc3)cn2)n1","Cc1ccc(CN(C)C(=O)c2cn(Cc3ccccc3)nc2-c2cccnc2)o1","O=C(Cc1coc(-c2ccc(F)cc2)n1)Nc1ccccc1Nc1ccncc1","CC(=O)N1CCC(C(=O)N(CC(=O)O)Cc2ccc(C(F)(F)F)cc2)CC1","CCc1ncc(NC(=O)C2CC(=O)N(CCOc3ccccc3Cl)C2)cn1","Cc1nc(-c2ccccc2)sc1CNC(=O)NCC(=O)NC1CC1","Cc1ccc(S(=O)(=O)N2CCCC(c3nncn3C)C2)cc1C(F)(F)F","Cc1cc(C(=O)NC2CCN(Cc3noc(C4CCCCC4)n3)CC2)c(C)o1","CN(Cc1cccc(Cl)c1)C(=O)c1ccc(CCNS(C)(=O)=O)s1","COc1ccc(N(C)C(=O)c2ccc(-n3cc(Br)cn3)cc2)cn1","O=C(c1nc(C2CC2)n(-c2ccccc2Cl)n1)N1CCOC2(CCCC2)C1","CCc1ccc(NC(=O)C(C)Sc2nncn2CCc2cccs2)cc1","CCn1nccc1CN(C)S(=O)(=O)c1cccc(S(=O)(=O)N(C)C)c1","O=C(NCc1ccccc1-c1ccc(Cn2ccnc2)cc1)NC12CCCC1C2","O=c1nc2c3ccccc3nc(CSCCO)n2nc1-c1ccccc1","Cc1cc(NC(=O)c2cccc(F)c2)sc1C(=O)NCCc1cccs1"
m_b9f2b4,"CCC(CC)c1cc(C(=O)NC2CCN(CC3(O)CCCCC3)CC2)on1","CS(=O)(=O)c1ccccc1C(=O)Nc1cc2c(cc1C(=O)O)OCCO2","CC(Oc1ccc(S(C)(=O)=O)cc1)C(=O)Nc1ccc2c(c1)OCCO2","CCn1ncc(NS(=O)(=O)c2ccc(C(=O)O)cc2C)c1C(F)(F)F","Cc1nc(-c2cccc(Cl)c2)sc1C(=O)NC1CCN(C(C)C)C1=O","CCn1cc(C2OCCC2NS(=O)(=O)c2cnc3onc(C)c3c2)cn1","CN(C)c1ccc(CNC(=O)N2CCCC(NC(=O)OC(C)(C)C)C2)cn1","CN1CCN(C(=O)C2CN(CC3CCOCC3)CC2C(F)(F)F)CC1=O","CS(=O)(=O)C1(C(=O)NCc2cccc(-n3ccc(C(=O)O)n3)c2)CCC1","CN(C)CC(=O)N1CCN(C(=O)c2ccc(C(F)(F)F)cc2Cl)CC1","O=C(O)C1CCCN(C(=O)CCCc2nc(-c3ccc(Cl)cc3)no2)C1","O=C(c1[nH]c2ccc(F)cc2c1Cl)N1CCCC(O)(Cn2ccnn2)C1","Cc1noc2ncnc(NC3CCN(c4ccccc4C(F)(F)F)C3=O)c12","Cc1ccc(C(=O)O)cc1S(=O)(=O)Nc1cnn(CC(C)C)c1C1CC1","CC(=O)Nc1ccc(S(=O)(=O)N2CCN(c3ccccc3F)CC2)cc1","CCC1(CC)CNC(=O)C1NC1CCN(C(=O)c2ccccc2Cl)CC1","O=C(NCC(c1ccc(F)cc1)N1CCOCC1)N1CCC2CCC(O)C21","Cn1cc(C(=O)N2CCC(c3ccc(C(F)(F)F)cc3)C2)c(C2CCC2)n1","NC(=O)NC(CC(=O)N1CCCC1c1cccs1)c1ccc(Cl)cc1","CCN1CCC(NC(=O)Cn2cc(-c3ccc(Cl)c(OC)c3)nn2)CC1","O=C(NCc1ccc(OC2CCCC2)nc1)NC(CO)c1ccccc1","CCCC(=O)NCC1CCCN(C(=O)c2cnc(-c3ccsc3)s2)C1","CCC(CC)c1cc(C(=O)NC2CCN(CC3(O)CCCCC3)CC2)on1","CCC(CC)c1cc(C(=O)NC2CCN(CC3(O)CCCCC3)CC2)on1","CCC(CC)c1cc(C(=O)NC2CCN(CC3(O)CCCCC3)CC2)on1"
m_baccbd,"Cc1ccccc1C(C)CC(=O)NCCN1CCS(=O)(=O)CC1","CCC(CNC(=O)CN(C)c1ncnc2nc[nH]c12)c1ccccc1","Cn1ccnc1-c1cc(NC(=O)Cn2nc3ccccn3c2=O)[nH]n1","Cc1c(-c2cc(CNc3c(F)cc(Cl)cc3F)on2)cnn1C","O=C(c1cccc2c1OCO2)N(CC1CCCCC1)c1ccccn1","Cc1n[nH]cc1C1CCN(c2nccn3nc(C(C)(C)C)cc23)CC1","Cc1cc(S(=O)(=O)NC2CCN(CC(F)F)CC2)sc1C","Cc1ccc(C(C)NCc2ccc(N3CCN(C)CC3)nc2)c(C)c1","Cc1ccc(C2CN(Cc3cc(-c4ccco4)on3)CCO2)c(C)c1","Cc1cnc(C(=O)N2CC(c3nc(C(C)C)n[nH]3)C(C3CC3)C2)cn1","CC1CN(C(=O)Cc2coc(-c3ccc(F)cc3)n2)CCC1(F)F","CN(CC(=O)NC1CCS(=O)(=O)C1)c1ncnc2sccc12","Cc1nnc(C23CCCC2CN(c2ccncc2C(F)(F)F)C3)o1","O=C(NCCc1cn2c(n1)CCCC2)c1cccnc1C(F)(F)F","Cc1noc(C)c1CNC(=O)C1(c2cccc(F)c2)CCCC1","O=C(c1ncccc1C(F)(F)F)N1CCC(Cc2ncc[nH]2)CC1","COC(=O)c1ccc(C)c(NC(=O)Cc2ccc(NC(C)=O)cc2)c1","Cc1nc(NC2CC(=O)N(C)C2c2ccnn2C)c2cnn(C)c2n1","CN(CC1CCCN(C)C1c1ccnn1C)c1ncnc2nc[nH]c12","O=C(Nc1cccnc1N1CCCC1)NC1c2ccccc2CC1O","CCn1cnc2c(NC(C)Cc3nc4ccccc4s3)ncnc21","CS(=O)(=O)C1(C(=O)N2CCN(c3ccccc3O)CC2)CCC1","Cc1nc(C)c(S(=O)(=O)N2CCC(c3ncccn3)CC2)s1","COc1ccc(C(CN(C)C)NC(=O)c2sccc2Cl)cc1","Cn1nc(C(=O)NCCc2cc(C(F)(F)F)ccn2)cc1C1CC1"
m_bb75e4,"COc1ncc(NCc2ccc(Cl)s2)cc1C(N)=O","COc1ncc(NCc2sccc2Cl)cc1C(N)=O","Cc1cnc(C(=O)N2Cc3ccccc3CC2C(=O)O)cn1","Cn1cc(CC(=O)N2CCc3c(cccc3C(=O)O)C2)cn1","CC(C)(C)C1CCN(C(=O)c2ccnc3ccncc23)CC1","Cc1ccc2cccc(OCc3nnc(C(C)(C)C)o3)c2n1","COc1ccnc(CNC(=O)c2cnn3ccc(C)nc23)c1","O=C(NCCc1nc2ccccc2[nH]1)c1c(O)cccc1F","O=C(Nc1ncccc1O)c1cccc(N2CCCC2=O)c1","CCOCC1CCN(C(=O)NCc2ncc(CC)s2)C1","CC1CN(C(=O)Nc2ncc(C(C)C)s2)CC(C)(C)O1","Cc1nc(N2CC(S(C)(=O)=O)C2)c2c(C)csc2n1","O=C(NC1CCN(c2ccccc2)CC1)c1cccnc1O","CC(C)(C)c1cc(NC(=O)N2CCOC(C(=O)O)C2)no1","CC(c1nc(-c2cccs2)no1)N1CCc2ccccc21","COc1ncc(NCc2ccc(Cl)s2)cc1C(N)=O","COc1ncc(NCc2ccc(Cl)s2)cc1C(N)=O","COc1ncc(NCc2ccc(Cl)s2)cc1C(N)=O","COc1ncc(NCc2ccc(Cl)s2)cc1C(N)=O","COc1ncc(NCc2ccc(Cl)s2)cc1C(N)=O","COc1ncc(NCc2ccc(Cl)s2)cc1C(N)=O","COc1ncc(NCc2ccc(Cl)s2)cc1C(N)=O","COc1ncc(NCc2ccc(Cl)s2)cc1C(N)=O","COc1ncc(NCc2ccc(Cl)s2)cc1C(N)=O","COc1ncc(NCc2ccc(Cl)s2)cc1C(N)=O"
m_bbb21f,"Cc1ccc(C=CCC(=O)NCC2CC(=O)N(C3CC3)C2)cc1","CCn1cnnc1C1CN(Cc2cc3ccccc3o2)CCO1","CCC(NC(=O)Cc1c[nH]c2ncccc12)c1c(C)noc1C","CC(C)c1cc(C(=O)N2CCC(C)(c3ccccc3)CC2)no1","CCn1cnnc1CNC(=O)C1(c2cc(C)cc(C)c2)CCC1","COc1cc(=O)[nH]cc1C(=O)N(C)CC1CCc2ccccc21","O=C(NCCc1ccccc1F)NCc1cn2ccccc2n1","CCCc1nc(C)c(CN2CCCc3c(C(=O)O)cccc32)o1","Cc1cnccc1C(C)NCc1cccnc1N1CCOCC1","CCOc1ccc2cc(C(=O)NC(C)c3nnnn3C)[nH]c2c1","Cn1nccc1NC(=O)C1CCCN1C(=O)Cc1ccccc1","CN(CC1(c2ccccc2)CC1)C(=O)NCCc1ccnn1C","Cc1cc(NC(=O)NCC(F)(F)c2cccc(F)c2)nn1C","Cc1ccccc1C1CCN(C(=O)NCc2cnn(C)c2)CC1","Cc1nc(CC(C)C)oc1C(=O)Nc1ccc2c(c1)CCCO2","CC(C)Cn1cc(NC(=O)NC2CCc3c(O)cccc32)cn1","N#Cc1cccc(CNC(=O)NC2CCN(C3CCCC3)C2)c1","COc1ccccc1CC1CCCN1S(=O)(=O)NC(C)C","Cn1cnnc1C1CN(C(=O)C2(c3ccccc3)CC2)CCO1","COc1ccccc1CC1CCCN(C(=O)C2(C#N)CCC2)C1","O=C1CN(Cc2noc(C3CCC3)n2)C(c2ccccc2)CN1","CN(C(=O)NCc1nccn1CCCc1ccccc1)C1CC1","Cc1ccc(S(=O)(=O)CC(C)NC(=O)NC(C)(C)C)cc1","Cc1n[nH]c(C2CN(C(=O)c3ccc4c(c3)CCC4)CCO2)n1","Cc1ccccc1C1C(=O)NCCN1Cc1noc(C2CC2)n1"
m_bbc0aa,"Cc1ccccc1C1(C(=O)N2CCCC(O)(C(N)=O)C2)CC1","O=C(NC1CCCC1CCO)N1CCc2ccccc2CC1","CC(C)NC(=O)CCCC(=O)NCC1(c2ccccc2)CC1","CN(CC1(c2ccccc2)CC1)C(=O)NC1CCCOCC1","CN(C)CC1CN(C(=O)Cc2cnn3ccccc23)CCO1","CCCC(=O)NCC(=O)N1CCCCC1Cc1ccccc1","CCC1(C)CN(C(=O)NCc2cn3ccccc3n2)CCO1","CCN(CC1CCOC1)C(=O)NCc1cn2ccccc2n1","CC(C)CNC(=O)c1cccc(CN2CC(O)C3(CC3)C2)c1","CCOC1CCCN(C(=O)Cc2cccc3c2CCNC3)C1","O=C(NC1CCC(O)CC1)N1CCC(Cc2ccccc2)C1","NC(=O)CC1(O)CCCN(Cc2ccc(C3CCC3)cc2)C1","CC1CC(c2ccccc2)CCN1c1ncnc(N)c1Cl","CN1C(=O)CN(CC(=O)N2CCCC2c2cccnc2)C1=O","CCn1cnnc1C1CN(Cc2ccc(CO)cc2)CCO1","Cn1cc(Cl)cc1C(=O)N1CC(C(=O)O)c2ccccc21","COc1ccc(C(NC(=O)N(C(C)C)C2CC2)C2CC2)cc1","Cc1ccccc1C1(C(=O)N2CCCC(O)(C(N)=O)C2)CC1","Cc1ccccc1C1(C(=O)N2CCCC(O)(C(N)=O)C2)CC1","Cc1ccccc1C1(C(=O)N2CCCC(O)(C(N)=O)C2)CC1","Cc1ccccc1C1(C(=O)N2CCCC(O)(C(N)=O)C2)CC1","Cc1ccccc1C1(C(=O)N2CCCC(O)(C(N)=O)C2)CC1","Cc1ccccc1C1(C(=O)N2CCCC(O)(C(N)=O)C2)CC1","Cc1ccccc1C1(C(=O)N2CCCC(O)(C(N)=O)C2)CC1","Cc1ccccc1C1(C(=O)N2CCCC(O)(C(N)=O)C2)CC1"
m_bcb981,"CCCS(=O)(=O)N1CCCC1C(=O)NCc1ccc(F)cc1","Cc1cc(C(=O)N(C)CC2OCCN(C)C2c2ccccc2)[nH]n1","Cc1cc(C(=O)N2CC(c3nc(C(C)C)n[nH]3)C(C3CC3)C2)[nH]n1","CC(C)C(Sc1ccccc1)C(=O)NCc1nnc2n1CCC2","CCCS(=O)(=O)NCC1CCN(Cc2ccccc2F)CC1","Cc1cc(C(=O)Nc2ccc(F)c(-c3nc[nH]n3)c2)nn1C(C)C","Cc1n[nH]c(C)c1NC(=O)Nc1ccnn1Cc1ccc(F)cc1","CNC(=O)c1ccn(C2CCCN(c3ccnc(C(C)C)n3)C2)n1","O=C(O)c1ccnc(C(=O)N(Cc2ccc(F)cc2)CC2CC2)c1","CCCCc1cc(N2CCC(n3ccc(NC(C)=O)n3)C2)ncn1","c1ccc(Cc2nnc(N3CCCC(C4CCNC4)C3)s2)cc1","CCn1ccnc1CNC1CCN(S(=O)(=O)C(C)C)CC1C","Cc1c(C(=O)N2CCCC2c2ccc(N)nn2)cnn1CC(C)C","Cc1cc(F)ccc1C(=O)OCCc1c(C)[nH]c2ncnn2c1=O","Cc1nc2cc(=O)[nH]n2c(C)c1CC(=O)NCCc1cncn1C","Cc1cc(C)n(CC(=O)N2CCC(c3nnc4n3CCC4)CC2)n1","CN(CC1OCCN(C)C1c1ccccc1)C(=O)Cc1ccn[nH]1","CC(C)(C(=O)N1CCC(NS(C)(=O)=O)C1)c1cccc(F)c1","Cc1ccoc1C(=O)Nc1cccc(C(=O)N2CCCC(O)C2)c1","O=c1c2ccccc2cnn1CC(O)COCc1ccccc1F","CC1(Cc2ccc(F)cc2)CCCN1Cc1cncc(C(=O)O)c1","CC(C(N)=O)S(=O)(=O)Cc1csc(-c2ccc(F)cc2)n1","CNC(=O)CS(=O)(=O)Cc1csc(-c2ccc(F)cc2)n1","COc1ccc(CC2CCN(C(=O)C(C)n3cncn3)CC2)cc1","COc1ccc(CC2CCCN2C(=O)Nc2cc(C)nn2C)cc1"
m_bcd97d,"O=C(CC1=CCCCC1)NC1CCCC1C(=O)O","CCCn1nccc1C(=O)NC1CC(C(=O)O)C1","Cc1nonc1NC(=O)COc1ccc(F)cc1","Cc1ccc2cc(C(=O)Nc3ccncc3)[nH]c2c1","O=C(O)CC1(NC(=O)C2CC=CC2)CCCCC1","CN(C(=O)CC1=CCCCC1)C1CC(C(=O)O)C1","CC(C)n1cnc(C(=O)NCC2CCCC2O)c1","O=C(CC1=CCCCC1)NCC1CCCC(O)C1","CC(N)C1CCCCN1C(=O)c1cncc(F)c1","O=C(O)C1CCCCN1C(=O)c1ccc(F)cc1","CCc1nc(C)c(C(=O)NC2CCN(C)C2=O)o1","Cc1ccc(CNC2(CCO)CCOC2)cc1O","O=C(O)C1CCCN(C(=O)CC2=CCCCC2)C1","CCC1OCCCC1C(=O)Nc1cn(C)nc1C","CCN(CC(=O)O)C(C)Cc1ccc(OC)cc1","CCN(CCCC(=O)O)C(C)c1cccc(O)c1","Cc1oc(CN(C)C(=O)C2CC2C)cc1C(=O)O","O=C(CC1=CCCCC1)NC1CCCC1C(=O)O","O=C(CC1=CCCCC1)NC1CCCC1C(=O)O","O=C(CC1=CCCCC1)NC1CCCC1C(=O)O","O=C(CC1=CCCCC1)NC1CCCC1C(=O)O","O=C(CC1=CCCCC1)NC1CCCC1C(=O)O","O=C(CC1=CCCCC1)NC1CCCC1C(=O)O","O=C(CC1=CCCCC1)NC1CCCC1C(=O)O","O=C(CC1=CCCCC1)NC1CCCC1C(=O)O"
m_bcdd81,"Cc1cnn(C(C)(CC2CCOCC2)C(=O)O)c1","Cc1noc(CNC(=O)N(C)C2CCCCC2)n1","NCC1CCN(C(=O)COc2ccc(F)cc2)C1","CCOC1CC(NC2COCC2n2ccnn2)C1","CN(C)C(=O)C1(C(=O)NC2CC3CCC2O3)CC1","NC1CCN(C(=O)CCOc2ccccc2F)C1","Cc1ocnc1C(=O)N1CCC(CC(=O)O)CC1","CCC(C)(C)C1CCC(NC(=O)NC2CC2)CC1","O=C(Nc1cccc2ncccc12)c1cccs1","CN(C)c1cccc(C(=O)NC(CO)C(=O)O)c1","COc1ccccc1Oc1ncnc2ccccc12","CCCCN(CCCC)C(=O)Cc1nc(C)n[nH]1","Cc1noc(C)c1CCC(=O)NC1(C(=O)O)CC1","Cc1cc(CN(C(C)C)C2CCCCC2O)on1","NC(=O)N(Cc1cccc(F)c1)CC1CCCO1","CC(C)CNC(=O)CNC(=O)CC1CCCCC1","O=C(C1CCNC1)N1CCc2c(F)cc(F)cc21","COc1ccc(Cc2nnnn2CCO)cc1F","Cn1cc(CCNC(=O)NCC2CCCO2)cn1","CNC(=O)NCC1CCCCN1Cc1ccon1","CN1CCC(C(=O)N2CC(O)(C3CC3)C2)CC1=O","CN(C(=O)C1=CCC(C)(C)CC1)C1CCNC1=O","Cc1cc(C(=O)N2CCC(C(N)=O)CC2)c(C)o1","Cc1cc(C(=O)N2CCOC3CCCCC32)no1","O=C(C1CC12CCNCC2)N1CC2CCC(C1)O2"
m_bd0de9,"COc1ccc(NC(=O)c2csc(C)n2)cc1OC(F)F","Cc1cc(S(=O)(=O)N(C)Cc2cscn2)cc(C)c1F","O=C(NCCCN1CCCCCC1=O)c1cccc2[nH]ncc12","O=c1[nH]c2ccccc2n1C1CCN(CCC2CCNC2)CC1","CN(C)C(=O)C1CCCC(NC(=O)c2sccc2Cl)C1","Cc1cnc(C(C)(C)NS(=O)(=O)c2c(N)noc2C)s1","Cc1cc(Cl)cc(C)c1NC(=O)COc1ccc(C#N)cc1","COc1cncc(S(=O)(=O)N2CCCC(C)C2C(=O)O)c1","CC(C(=O)N1CCCC1CC1CCCC1)C(N)c1ccccc1","Cc1nc(CNS(=O)(=O)c2c(C)nn(C)c2C)sc1C","CN(Cc1cscn1)c1cc(C(F)(F)F)nc2ncnn12","O=C(Nc1cccc(COc2cccc(F)c2)c1)C1CCNC1","Cc1n[nH]cc1CNC1CCN(S(=O)(=O)C(C)C)CC1C","Cc1oc(NC(=O)CN2CCn3c(C)nnc3C2)c(C#N)c1C","Cc1cccc(C2(CNC(=O)C3CCNC(=O)C3)CCCC2)c1","COc1cc(CCC(=O)N2CCC(Cc3ccccc3)C2)on1","CC(C)=CCN1CC(C(F)(F)F)C(S(=O)(=O)N(C)C)C1","COc1ccc(NC(=O)c2csc(C)n2)cc1OC(F)F","COc1ccc(NC(=O)c2csc(C)n2)cc1OC(F)F","COc1ccc(NC(=O)c2csc(C)n2)cc1OC(F)F","COc1ccc(NC(=O)c2csc(C)n2)cc1OC(F)F","COc1ccc(NC(=O)c2csc(C)n2)cc1OC(F)F","COc1ccc(NC(=O)c2csc(C)n2)cc1OC(F)F","COc1ccc(NC(=O)c2csc(C)n2)cc1OC(F)F","COc1ccc(NC(=O)c2csc(C)n2)cc1OC(F)F"
m_bd907b,"OCc1ccccc1CNCc1cccc2c1OCCO2","CN(C)c1ccnc(NC(=O)c2ccc(N(C)C)nc2)c1","CSc1ccc(CNc2nc(C(F)(F)F)c[nH]2)cc1","Cc1ccnc(CNc2nccc(N3CCOCC3)n2)c1","COc1cccc(CCCNC(=O)c2cnc(C)cn2)c1","C=CCNS(=O)(=O)c1ccc(C)c(NC(C)=O)c1","Cc1nsc(NC(=O)N2CC3CCCC2C3)c1Cl","NC(=O)c1ccnc(N2CCCC2c2ccc(F)cc2)c1","Cc1cncc(C(=O)NCc2nnc(C3CCC3)n2C)c1","Cc1cc(C(=O)N(C)Cc2ccc(C(=O)O)cc2)nn1C","CCn1cc(C2CN(C(=O)c3ccccc3)CCO2)cn1","CN1CCN(C(=O)c2ncccc2O)c2ccc(F)cc21","O=c1cc(CN2CCCC2c2ncn[nH]2)[nH]c2ccnn12","COc1cccc(CN2CCOc3ccc(OC)cc32)c1","OCc1ccc(CN2CC(CO)Oc3ccccc32)cc1","O=C(c1ccccc1O)N1CCC(c2cccc(F)c2)C1","CC1Cc2cc(S(=O)(=O)N(C)CC(=O)O)ccc2O1","OCc1ccccc1CNCc1cccc2c1OCCO2","OCc1ccccc1CNCc1cccc2c1OCCO2","OCc1ccccc1CNCc1cccc2c1OCCO2","OCc1ccccc1CNCc1cccc2c1OCCO2","OCc1ccccc1CNCc1cccc2c1OCCO2","OCc1ccccc1CNCc1cccc2c1OCCO2","OCc1ccccc1CNCc1cccc2c1OCCO2","OCc1ccccc1CNCc1cccc2c1OCCO2"
m_bda18e,"COC(=O)CCCN1CCC2C(CCCN2C2CC2)C1","COc1ccc(NC(=O)c2cc(Cl)ccc2F)cn1","COCc1ncc(C(=O)NCc2ccc(F)cc2)s1","CCC(COC)NC(=O)Nc1cnc(C(C)(C)C)nc1","CCc1nsc(N2CCC3CCC(C2)N3C(C)C)n1","CC(CC(=O)O)N1CCN(C(=O)CC2CCCC2)CC1","CCC1CCCN(C(=O)CCc2cc(OC)no2)CC1","Cc1csc(NC(=O)C2(c3ccccc3)CC2)n1","Clc1cnc(NCC2CCOC2c2ncn[nH]2)nc1","CCOC1CCCN(C(=O)C23CCCCC2NCC3)C1","Cc1cc(CN(C)c2ccnc(-c3ccccc3)n2)no1","CC(C(=O)O)N(C)C(=O)c1scnc1C1CCCC1","Cc1ccc2oc(C(=O)N(C)Cc3cccnc3)cc2c1","O=C(NCc1ccccc1F)c1[nH]ccc1C1CC1","O=C(CNC(=O)c1cccs1)NC1CC(C(=O)O)C1","CCOC1CC1C(=O)N1CCC(n2cn[nH]c2=O)CC1","CCc1nc(C)c(C(=O)NC2CC(C)(C)OC2(C)C)o1","COCC1(C(N)=O)CCCN1Cc1ccnc(OC)n1","CC(C)CCn1cc(C(=O)N2CCCC2C(=O)O)nn1","Cc1nscc1C(=O)NC1(C(=O)O)CCCCCC1","COc1nccc(NC(=O)NC2CCOC(C)(C)C2)n1","Cc1nn(C(C)(C)C)cc1C(C)NC(=O)N(C)C(C)C","CSc1ccc(OCCN2CCNC(=O)CC2)cc1","CC12CCC(=O)N1C(C(=O)NCc1cc[nH]n1)CS2","CCC1(C)COCCN1CC(=O)Nc1c(C)n[nH]c1C"
m_bf639c,"COCC1CN(C(=O)c2cc(C)c(F)cc2F)CC1c1cnn(C)c1","Cc1noc(C2COCCN2C2CN(C(=O)c3cc(Cl)c[nH]3)C2)n1","COc1cc(OC)c(S(=O)(=O)NC(C(=O)O)C(C)C)cc1Cl","CN1C2CCCC1CC(NC(=O)NC1CC1c1cccc(F)c1F)C2","COc1cc(CCNC(=O)N2CCC(CN3CCCC3)C2)ccc1F","CCN(CCNC(=O)C1OCC(=O)N(C)C1c1cnn(C)c1)C1CC1","COc1ccc(CCC(=O)N2CC(N)C(n3ccnn3)C2)cc1Cl","CN1C2CCC1CC(N1CCN(C(=O)COCC(F)(F)F)CC1)C2","COc1ccc(F)cc1C(=O)NC1CCN(c2ncccc2Cl)C1","CC(C)(C(=O)NC1CCc2nc(N)sc2C1)c1ccc(Cl)cc1","CN(C)c1ncccc1OC1CCN(C(=O)Cn2cc(Cl)cn2)C1","CCn1cc(OC2COCC2NC(=O)c2cccc(Cl)c2C)cn1","COCc1nc(C(=O)NCC2CCN(c3ccccc3F)C2)cs1","CCN1C(=O)CC(CNC(=O)c2cc(Cl)c[nH]2)C1c1nccn1C","Cc1noc(C)c1C(=O)N1CCN(C(=O)c2ccc(F)cc2F)CC1","O=C(CCc1nnc[nH]1)N1CCN(S(=O)(=O)c2ccccc2)CC1","O=S(=O)(c1cnc(N2CCCC2)c(C(F)(F)F)c1)N1CCCC1","Cc1noc(C)c1C(=O)NC(Cc1ccccc1)C(=O)NC1CC1","CCN1CCN(CC(=O)NCC(C)(C)c2ccccc2F)C(=O)C1=O","CCc1ccc2nccc(N3CC(C(N)=O)C(c4cnn(C)c4)C3)c2c1","CN1CCOC2CCN(C(=O)NC(C3CCCC3)C(F)(F)F)CC21","Cc1cc(N2CCCC(NC(=O)c3cnc4ccccc4c3)C2)n(C)n1","COc1ccc(S(=O)(=O)Nc2cnn(CC(F)F)c2)c(C)c1F","CNc1snc(C)c1C(=O)N1CCCC(c2noc(C(C)C)n2)C1","Cc1nn(C)c(C)c1C1COCCN1CCC(=O)N1CCN(C)CC1"
m_bf6cfe,"O=C(NCc1cccc2c1OCCO2)Nc1ccncc1","Cc1ccc(-c2nnc(SCc3nccn3C)[nH]2)cc1","Cc1n[nH]cc1CN1CCCC1c1nc2c([nH]1)CCCC2","Cc1nsc(NC(=O)N2CC3CCCC2C3)c1Cl","CC1OCCC1(C)NC(=O)c1cccc(OC(F)F)c1","CCc1cc(C(=O)N(C)CC2CCc3nccn3C2)[nH]n1","Cc1cnn(C)c1S(=O)(=O)N1CCC(C(=O)O)C1C","CCc1ccccc1NC(=O)CCc1nc(C(C)C)no1","CC(C(=O)Nc1cnc(C(C)(C)C)nc1)S(C)(=O)=O","O=C(NCCOc1ccccc1)C1CCCc2[nH]ncc21","CCn1nc(C)c(Nc2nccc(C(F)(F)F)n2)c1C","COC1Cc2ccccc2N(C(=O)c2cnc(C)cn2)C1","Cc1cc(NCc2ccncc2)ccc1C(=O)NC(C)C","O=C(O)CC1CN(C(=O)c2cc(F)ccc2F)CCO1","CCC(CC)(CNC(=O)c1cc(F)cc(F)c1)C(=O)O","O=C(NCC1(O)CCCCC1)Nc1ccncc1","CCNC(=O)N(CCc1ccccc1)Cc1ccncc1","CN(c1ccccc1)C1CCN(C(=O)CC2(C#N)CC2)C1","CCS(=O)(=O)c1ccc(NCC(C)(O)C(C)C)cc1","NC(=O)c1cccc(CN2CCCCC2c2nc[nH]n2)c1","CC(C(=O)O)N(C)S(=O)(=O)c1ccc2c(c1)CCO2","CCC(CC)(CNC(=O)C12CCCC1OCC2)C(=O)O","O=C(NCc1cccc2c1OCCO2)Nc1ccncc1","O=C(NCc1cccc2c1OCCO2)Nc1ccncc1","O=C(NCc1cccc2c1OCCO2)Nc1ccncc1"
m_c1b10a,"CCc1nnc(C2CC(O)CN2C(=O)c2[nH]c3ccc(Cl)cc3c2Cl)o1","COC1CCN(C2CCCC2NC(=O)Nc2ncc(C3CCOCC3)s2)C1","O=C(O)C1CCN(C(=O)CCc2nc3cc(Br)ccc3s2)CC1","Cc1ccc(Oc2ccc(C(=O)N3CCSCC3c3cnn(C)c3)cc2)nc1","NC(=O)c1cccnc1N1CCN(C(=O)C2(c3ccccc3)CCOCC2)CC1","CC(C)C(NS(=O)(=O)c1ccc2c(c1)C(=O)NCC2)c1ccc(F)cc1F","O=C(Nc1nnc(C2CCOCC2)s1)NC1(c2ccc(F)cc2F)CCC1","CCOC(=O)c1csc(NC(=O)C2(c3ccc(Cl)cc3)CCOCC2)n1","COc1ccccc1C1CCCN1C(=O)NCc1nnc(-c2ccccc2)s1","Cc1c(C(=O)NCc2cccc(C(=O)O)c2)nnn1-c1ccc2c(c1)OCCO2","O=C(c1cc2c(=O)[nH]cnc2cn1)N1CCCCCC1Cc1ccccc1Cl","Cc1ccnc(-c2ccc(NC(=O)NC(CC3CCCO3)C(F)(F)F)cc2)n1","O=C(Nc1cccc(CN2CCCC2=O)c1)c1ccc(OCC2CCCO2)cc1","CC1Cc2ccccc2N1Cc1ccoc1C(=O)NCc1ccc(F)c(CO)c1","CC(C)(C)c1ccc(S(=O)(=O)N2CCN(c3ncncc3Cl)CC2)cc1","O=C(Nc1cccc(N2CCCC2=O)c1)c1ccc(-n2cnc3ccccc32)cc1","Cc1cc2ncc(C(=O)NC(c3ccc4c(c3)OCCCO4)C(C)C)c(C)n2n1","COC(=O)C12CCC(=O)N1c1ccccc1C(=O)N2c1ccc2c(c1)OCCO2","O=S(=O)(NC(C1CCCO1)C1(CO)CCC1)c1cccnc1C(F)(F)F","Cc1nc2n(n1)CCCC2NS(=O)(=O)c1c(C)sc2ccc(Cl)cc12","CCCCC(=O)NC1CCN(C(=O)C(Oc2ccccc2)c2ccccc2)CC1","O=C(O)CCN(CC1CCCO1)C(=O)c1ccc(C(=O)Nc2ccccc2)cc1","CN1C(=O)CC(C(=O)NCCc2ccc(C(=O)O)cc2)C1c1cccs1","O=C(CCNC(=O)C1CCCCC1)Nc1ccc(NC(=O)c2ccccc2)nc1","CNC(=O)C1CCS(=O)(=O)C12CN(C(=O)NCC(C)(C)c1ccncc1)C2"
m_c1ec62,"COC1CC(c2nc(C)c(C)[nH]2)N(Cc2ccncc2F)C1","COC1CC(c2nc(C)c(C)[nH]2)N(C(=O)c2ocnc2C)C1","Cc1n[nH]c(C)c1C1CCCCCN1C(=O)NCCC1CC1","CCn1nncc1CNCC1CCCOC1c1nccn1C","COC(=O)CC(C)C(=O)N1c2ccccc2N(C)CCC1C","CCCc1nsc(N2CCCN(S(C)(=O)=O)CC2)n1","CC1CN(C(=O)c2cccn2Cc2cccs2)CC(C)O1","CCn1nncc1CNc1ccc(Cl)c(C(F)(F)F)c1","Cc1cc(C)n(-c2cncc(NCc3ccc(C#N)cc3)n2)n1","COC1CN(C(=O)Cn2nc(C)cc2C)CC1c1c[nH]nn1","CC(C)(C)OC1CCN(c2cc(NCC3CC3)ncn2)CC1","O=C(Cn1ccnn1)NCC1(C2CCCCC2)CCCCC1","COc1cc(C)nc(N(C)CC2OCCC2c2ncn[nH]2)n1","O=C(NCc1nc(C2CC2)no1)C(=O)Nc1cccc(F)c1","O=C(NCC(c1cccs1)N1CCOCC1)c1ncc[nH]1","Cn1cncc1CCNc1ncc(C(F)(F)F)cc1Cl","CN(CCc1nccs1)C(=O)CC1CCCCC1O","Cc1cnc(C(C)CNC(=O)Nc2c[nH]c(=O)c(C)c2)s1","CC(NC(=O)N(C)CCC(F)(F)F)c1nnnn1C1CC1","O=C(Cn1ccnn1)NC1CCCOc2c(Cl)cccc21","CCc1nnc(CC2CCC(NC(=O)c3ncoc3C)C2)o1","CNC(=O)C(C)NC(=O)c1c[nH]nc1-c1cccc(Cl)c1","OCC1CCCN1c1cc(NCCc2cccs2)ncn1","Cc1ccc(C(C)C)c(OC(C)C(=O)NC2CNC(=O)C2)c1","COc1ccc(Cc2noc(C3OCCC3C)n2)cc1OC"
m_c2176f,"CN(CC1CCc2nc(C(F)(F)F)cn2C1)C(=O)Nc1cccnc1","CC(CCS(C)(=O)=O)NC(=O)c1cc(C(F)(F)F)nn1C1CC1","O=c1c(NCC2CCc3nc(C(F)(F)F)cn3C2)nccn1C1CC1","O=C(Cc1ccc2c(c1)OCO2)NC1CCN(Cc2ccncc2)CC1","CC(C(=O)NCc1ccc(C(=O)O)cc1)N1CCC(c2cccnc2)C1","O=C(Nc1c[nH]nc1C1CCCN(Cc2ccccn2)C1)C1CCCC1","Cn1nc2c(c1S(=O)(=O)N1CC(C(=O)O)C(C3CC3)C1)CCCC2","Cc1cc(NC(=O)CCC2CCCCC2)n(C2CCS(=O)(=O)C2)n1","CS(=O)(=O)NCC1CCCN(c2nnc(-c3ccccn3)s2)C1","CC1(C)CC(NC(=O)c2c[nH]nc2C2CCOCC2)c2ccccc2O1","O=C(O)Cn1ccc(NC(=O)C2CC2c2ccccc2C(F)(F)F)n1","CC(=O)N(CC1CCCN1C(=O)Cn1c(C)cc2ccccc21)C1CC1","O=C(Nc1ccsc1)C1CCOC1c1cnn(Cc2ccccc2)c1","Cc1cc(C(=O)N2CC(O)CC2c2ccccc2C(F)(F)F)n(C)n1","COc1ncccc1CNC(=O)C1CCCN1C(=O)c1ccccc1O","N#Cc1c2c(cn(CC(=O)NCCOc3ccc(F)cc3)c1=O)CCC2","COc1ccc(OC)c(NC(=O)c2cc(=O)c3c(C)cc(C)cc3o2)c1","Cc1cc(NC(=O)NCC2CCc3nc(C(F)(F)F)cn3C2)ccn1","CN(CC1CCc2nc(C(F)(F)F)cn2C1)C(=O)Nc1cccnc1","CN(CC1CCc2nc(C(F)(F)F)cn2C1)C(=O)Nc1cccnc1","CN(CC1CCc2nc(C(F)(F)F)cn2C1)C(=O)Nc1cccnc1","CN(CC1CCc2nc(C(F)(F)F)cn2C1)C(=O)Nc1cccnc1","CN(CC1CCc2nc(C(F)(F)F)cn2C1)C(=O)Nc1cccnc1","CN(CC1CCc2nc(C(F)(F)F)cn2C1)C(=O)Nc1cccnc1","CN(CC1CCc2nc(C(F)(F)F)cn2C1)C(=O)Nc1cccnc1"
m_c2313f,"Cc1ccc(NC(=O)CN(C)S(=O)(=O)N2CCCC(C)C2)nc1","CCc1nnc(CNc2cc(C(F)(F)F)ccc2N2CCCC2)o1","CCc1n[nH]c(C(=O)N2CCN(C3CC3)C(=O)C2)c1Br","CCn1cc(Br)c(C(=O)N2CCN(C3CC3)C(=O)C2)n1","CC(=O)NC(C)(C)c1noc(Cc2nc(-c3ccccc3)oc2C)n1","Cn1cc(NC(=O)NCC2CCc3nc(C(F)(F)F)cn3C2)cn1","Cc1nc(-c2cc(NC(=O)C3CCOC3)cc(C(F)(F)F)c2)n[nH]1","CC(=O)N(C)Cc1cn(Cc2cc(Br)ccc2F)nn1","Cc1nc(C)n(C2CCCN(C(=O)c3cc(F)cc4[nH]cnc34)C2)n1","COc1cccc(-c2nc(C(=O)NC3CCNC(=O)CC3)c(C)[nH]2)c1","CSc1ccc(S(=O)(=O)N2CC(n3cc(CO)nn3)C2)cc1","CC(=O)N1CCCC(C(=O)NCc2ccc(C(F)(F)F)cc2C)C1","Cc1cc(S(=O)(=O)N2CC(C)C(C(N)=O)C2)ccc1OC(C)C","Cc1noc(C)c1CN(C)C(=O)NCCc1c[nH]c2cccc(C)c12","COCC(=O)Nc1ccc(=O)n(Cc2ccc(Cl)c(Cl)c2)c1","Cn1cc(-c2ccccc2)c(NC(=O)N2CCOCC2C2CCC2)n1","CN(Cc1ccc(Cl)cc1Cl)C(=O)C(=O)Nc1ccn(C)n1","O=C(c1cn(C2COCC2O)nn1)N1CC2(CCC2)c2ccccc21","O=C(NC1CC2CCC1O2)N1CCCC2(C=Cc3ccccc3O2)C1","COc1ccccc1-c1c[nH]cc1C(=O)NC(C)Cc1ccsc1","Cc1nn(C)c2[nH]c(=O)c(CCC(=O)NCCc3ccco3)c(C)c12","CCc1n[nH]c(C(=O)N2CCCC3C(=O)NCC32)c1Br","O=C(O)CC1(NC(=O)c2ncccc2Br)CCCCC1","CCNC(=O)C12CCOCC1CN(c1nc(OC)ncc1Cl)C2","O=C(N1CCCC(c2n[nH]c(C3CC3)n2)C1)C(F)(F)C1(O)CCC1"
m_c30e40,"C=CCSc1ccccc1NC(=O)C1CCCN(C(=O)c2ccc(C)cc2)C1","Cc1c(C(=O)NCc2ccc(C(=O)O)cc2)nnn1-c1ccc2c(c1)OCCO2","Cn1nc(-c2ccco2)cc1NC(=O)NCc1cccc(OCC(F)(F)F)c1","CC1Cc2ccccc2N1Cc1ccoc1C(=O)NCc1ccc(F)c(CO)c1","O=S(=O)(NC(C1CCCO1)C1(CO)CCC1)c1cccnc1C(F)(F)F","O=C(Cc1ccc(F)cn1)NC1CC(Cn2ccnc2-c2ccccc2)CC1O","Cc1nc(C(=O)N(C)C)nc(N2CCC(NCc3cc4ncccc4o3)C2)c1C","CCCC(=O)Nc1cccc(NC(=O)c2cnn(-c3ccccc3Cl)c2)c1C","O=C(NC1CCC(C(=O)O)C1)c1ccc(Oc2cccc(Cl)c2Cl)nc1","CC(O)C1CCN(C(=O)c2nc(-c3ccccc3)n(-c3ccc(F)cc3)n2)CC1","Cc1nc2cc(O)nn2c(C)c1CCC(=O)NCc1c(C(F)(F)F)cnn1C","Cc1ccncc1CC(=O)NC1(c2cccc(OC(F)(F)F)c2)CCOCC1","CN1C(=O)CC(C(=O)NCCc2ccc(C(=O)O)cc2)C1c1cccs1","CC(C)c1nc(C2(NC(=O)NC(c3ccccc3)C(F)(F)F)CCCC2)no1","Cc1cccc2[nH]c(CCC(=O)NC3CCN(c4cccc(Cl)c4)C3=O)nc12","N#Cc1cccnc1NC1CCOC1C1CCN(C(=O)c2ccccc2F)CC1","COc1ccc2c(c1)CCCN2C(=O)CN1CCN(C(C)c2ccccn2)CC1","COc1ccc(OC)c(S(=O)(=O)N2CCN(C(=O)CC3C=CCC3)CC2)c1","O=S(=O)(Cc1cccc(Cl)c1)NCC(c1ccccc1)N1CCOCC1","O=C(NCc1ccccc1S(=O)(=O)N1CCOCC1)c1cc(F)ccc1F","Cc1c(C(=O)NCc2cccc(C(=O)O)c2)nnn1-c1ccc2c(c1)OCCO2","Cc1cc2ncc(C(=O)NC(c3ccc4c(c3)OCCCO4)C(C)C)c(C)n2n1","CCC(C(=O)NC1CCN(C(=O)c2ccccc2)CC1)c1ccccc1","Cc1cccc(C)c1NC(=O)CN(C)c1cnn(-c2ccccc2)c(=O)c1Cl","CCc1nnc(C2CC(O)CN2C(=O)c2[nH]c3ccc(Cl)cc3c2Cl)o1"
m_c3e52e,"CC(=O)N(C)C1CCN(c2cc(C)nc(C(C)C)n2)CC1","Cn1c(C(=O)NC2(C(=O)O)CC2)c(Cl)c2ccccc21","CCCC(NS(=O)(=O)c1cncc(Cl)c1)C(=O)O","Cc1cccc(C(=O)NCCC(=O)N2CCOC(C)C2)c1","CNC(=O)c1ccc(CN(C(C)C)C2CCOCC2)cc1","O=C(O)C1CCN(C(=O)Cn2nc3ccccn3c2=O)C1","CCn1nncc1CN1CCOC(c2ccc(F)cc2)C1","Cc1nc2c(c(N3CCC(NCCO)CC3)n1)CCCC2","CCn1nncc1CN1CCOC(c2cccc(F)c2)C1","CC1(C)CC(n2ncc3cc(F)ccc3c2=O)C(C)(C)O1","COc1ccc(C2CC2NC(=O)NCC2CCCO2)cc1","CC(=O)Nc1cccc(CN(C(C)C)C2CCOCC2)c1","CSC1(CNC(=O)NC2COc3ccccc3C2)CC1","NC1(C(=O)Nc2n[nH]c3c(Cl)cccc23)CCCCC1","CN(C)CC(=O)NCCc1nc(-c2ccccn2)cs1","O=C1COc2cc(NCc3ccc(F)cc3F)ccc2N1","Cn1c(=NC(=O)CC2COC(=O)C2)sc2ccccc21","Cn1nccc1C(=O)NCC1CCN(CC(F)(F)F)C1","Nc1ncc(Cl)cc1S(=O)(=O)N1CCCNCC1","Cc1nn(C)c(C)c1C(=O)N1CCCC2C(=O)N(C)CC21","Cc1cnc(Cn2nc(C)c(C3COCCN3C)c2C)o1","COc1cccc(CN2CCOCC2c2nc(C)no2)n1","CC1(C)CN(C(=O)c2cc[nH]c(=O)c2)CC2(CCCC2)O1","CN(C(=O)c1cc(N2CCNC(=O)C2)ccn1)C(C)(C)C","Cn1c(=O)oc2c(C(=O)NCC3CCCOC3)cccc21"
m_c50497,"CCS(=O)(=O)N1CCC(NC(=O)NC(C)c2cccs2)CC1","CC(c1cccs1)N(C)C(=O)NC1CCCN(S(C)(=O)=O)C1","O=C(CC1CCCC1)NC1CCC(C(=O)Nc2cnccc2O)CC1","CC(=O)NCc1cc(OC2CCN(CCc3cccs3)C2)ccn1","CC1(CNC(=O)NCc2cccc(C#N)c2)CCCCC1O","Cc1c(Cl)cc(C(=O)O)cc1S(=O)(=O)N1CCC(C)C1CO","O=C(c1cscn1)N1CCOC(c2ccnc(N3CCCC3)n2)C1","Cc1nn(C)c(C)c1C1OCCC1CNC(=O)c1ccc(F)cc1O","Cc1ccc(NCc2cnc3ccccc3c2)cc1NC(=O)C(C)(C)C","Cc1cc(N(C)CC(=O)N2CCN(C)CC2)nc(-c2cccs2)n1","COc1cnc(NS(=O)(=O)c2ccc(C(F)(F)F)cc2C)nc1","CN(Cc1nccs1)Cc1nnc(C(=O)Nc2ccccc2)s1","O=C(NCc1cccnc1Oc1cccc(F)c1)NC1CC1","CNC(=O)Cc1noc(-c2cc(Br)cc3ccccc23)n1","CCOC1(C(=O)Nc2ccc(OCc3nc(C)no3)cc2)CCCC1","CC(=O)Nc1ccc(Cl)c(NCc2nc(-c3cccs3)n[nH]2)c1","COCC1(C(=O)O)CCCN1C(=O)c1cncn1-c1ccc(F)cc1","COc1ccc(S(=O)(=O)NC2CCOC(C(C)C)C2)cc1Cl","Cc1cc(C(=O)NCCN2CCCCC2C)nc2nc(O)[nH]c(=O)c12","Cc1ncc2c(n1)CN(C(C)C(=O)Nc1sccc1C(N)=O)CC2","O=C(COc1ccc(F)cc1Br)NCC1CCCOC1","Cc1cc(C)n(-c2ccc(NC(=O)C3CCC(C(=O)O)C3)cc2F)n1","O=C(O)C1CCCN1C(=O)Cn1cc(Br)c(=O)[nH]c1=O","CCNC(=O)N1CCc2ccc(NC(=O)c3ccc(F)c(F)c3)cc21","CCS(=O)(=O)N1CCC(NC(=O)NC(C)c2cccs2)CC1"
m_c567df,"Cc1ccsc1CN(C)C(=O)NCc1cccc(NC(=O)C2CCC2)c1","COc1ccc(C2CCCN2S(=O)(=O)c2ccc(C(F)(F)F)cc2)cc1OC","C=CCn1c(SCc2nnnn2-c2ccccc2)nnc1-c1ccccc1F","Cc1occc1-c1nnc(SCC(=O)N2CCN(C(=O)c3ccco3)CC2)n1C","CN(CC(=O)Nc1ccc2c(c1)CCC2)CC(=O)Nc1ccccc1Br","CC1=C(C(=O)Nc2ccccc2)C(c2cccc(O)c2)n2nc(C(F)(F)F)nc2N1","Cn1cc(NC(=O)N2CCC3(CCN(Cc4ccccc4)C3)C2)c(-c2ccccc2)n1","CC(C)Oc1ccc(F)cc1S(=O)(=O)Nc1cc(C2CC2)nn1-c1ccccc1","CC1CCN(S(=O)(=O)NCCNC(=O)c2ccc(C(F)(F)F)cc2)CC1","O=C(NCCc1ccc(C(F)(F)F)cc1)c1nc2n(n1)-c1ccccc1S(=O)(=O)N2","CCNC(=O)c1ccc(CNC(=O)NC(C)c2ccc(C(F)(F)F)cc2)cc1","Cc1ccsc1CN(C)C(=O)NCc1cccc(NC(=O)C2CCC2)c1","Cc1ccsc1CN(C)C(=O)NCc1cccc(NC(=O)C2CCC2)c1","Cc1ccsc1CN(C)C(=O)NCc1cccc(NC(=O)C2CCC2)c1","Cc1ccsc1CN(C)C(=O)NCc1cccc(NC(=O)C2CCC2)c1","Cc1ccsc1CN(C)C(=O)NCc1cccc(NC(=O)C2CCC2)c1","Cc1ccsc1CN(C)C(=O)NCc1cccc(NC(=O)C2CCC2)c1","Cc1ccsc1CN(C)C(=O)NCc1cccc(NC(=O)C2CCC2)c1","Cc1ccsc1CN(C)C(=O)NCc1cccc(NC(=O)C2CCC2)c1","Cc1ccsc1CN(C)C(=O)NCc1cccc(NC(=O)C2CCC2)c1","Cc1ccsc1CN(C)C(=O)NCc1cccc(NC(=O)C2CCC2)c1","Cc1ccsc1CN(C)C(=O)NCc1cccc(NC(=O)C2CCC2)c1","Cc1ccsc1CN(C)C(=O)NCc1cccc(NC(=O)C2CCC2)c1","Cc1ccsc1CN(C)C(=O)NCc1cccc(NC(=O)C2CCC2)c1","Cc1ccsc1CN(C)C(=O)NCc1cccc(NC(=O)C2CCC2)c1"
m_c57b9d,"CN1CCCC(CNC(=O)c2cnn3c2CCCC3)C1c1ccnn1C","Cc1nc(C)c(C(=O)NCC2CC(=O)N(C)C2c2nccn2C)nc1C","CN1CCCC(CNCc2ccc3c(c2)OCCO3)C1c1ccnn1C","CN(C(=O)c1cc(C2CC2)n(C)n1)C1CCN(c2ccccc2F)C1=O","Cn1ncc(C(=O)N2CCCN(Cc3ccc(F)cc3)CC2)c1C1CC1","CN1CCCC(CNc2nc3c(F)cccc3n2C)C1c1ccnn1C","COC1CC(CNC(=O)c2c3c(nn2C)CCC3)N(c2ccncn2)C1","c1cc(CNCC2CCC(c3nc(C4CC4)n[nH]3)O2)n(CC2CCC2)n1","Cc1noc(C)c1CN1CCN(S(=O)(=O)N2CCCC(C)C2)CC1","COC1CC(CNC(=O)c2cnn(C)c2C2CC2)N(c2ccncn2)C1","CCOc1cccc(CNCC2CC(=O)N(CC)C2c2nccn2C)c1","CCn1nnc(C)c1C(=O)N1CC2CCCC2(c2nnc(C3CC3)o2)C1","COC1CC(CNC(=O)c2ccnc(N(C)C)c2)N(c2ccncn2)C1","Cc1cc(C(=O)N2CCCc3c(Br)c(F)cc(F)c32)no1","Cc1cc(SCC(=O)NCC(N)C2CC2)c(C)cc1Br","CN1CCCC(CNC(=O)c2cnn3c2CCCC3)C1c1ccnn1C","CN1CCCC(CNC(=O)c2cnn3c2CCCC3)C1c1ccnn1C","CN1CCCC(CNC(=O)c2cnn3c2CCCC3)C1c1ccnn1C","CN1CCCC(CNC(=O)c2cnn3c2CCCC3)C1c1ccnn1C","CN1CCCC(CNC(=O)c2cnn3c2CCCC3)C1c1ccnn1C","CN1CCCC(CNC(=O)c2cnn3c2CCCC3)C1c1ccnn1C","CN1CCCC(CNC(=O)c2cnn3c2CCCC3)C1c1ccnn1C","CN1CCCC(CNC(=O)c2cnn3c2CCCC3)C1c1ccnn1C","CN1CCCC(CNC(=O)c2cnn3c2CCCC3)C1c1ccnn1C","CN1CCCC(CNC(=O)c2cnn3c2CCCC3)C1c1ccnn1C"
m_c63e89,"Cc1ccccc1C1CN(CCCN2CCC(C(=O)O)CC2)CCO1","CCC1C(C(=O)O)CCN1S(=O)(=O)c1c(C)ccc2cccnc12","CC(O)CC(CNC(=O)NC1CCCC2OCCC12)c1ccccc1","CN(C(=O)CNC(=O)c1ccc(F)c(F)c1)c1ccc2c(c1)CCO2","CN1CCOC(CNC(=O)c2n[nH]c3c2CCC3)C1c1cncn1C","Cc1ccncc1N1CCN(C(=O)Cc2c[nH]c3c(C)cccc23)CC1","Cc1ccc(S(=O)(=O)N(CC2CCOC2)C2CC2)c2cccnc12","O=C(O)CN1CCCCC(N2CCN(Cc3cccnc3)CC2)C1=O","O=C(O)COc1cccc(CNC(=O)c2ncoc2C2CCCO2)c1","CC1CN(C(=O)NC2CCN(CCc3ccncc3)CC2)CC(C)O1","Cc1cc(CSCC(=O)NC(C)c2ccc(CC(C)C)cc2)on1","Cc1ccc(C(=O)NC(C)c2ccccc2NS(C)(=O)=O)cc1C","CCOCC(NC(=O)NCc1noc(-c2ccccc2C)n1)C(C)C","CCS(=O)(=O)c1ccc(N2CCN(c3ccc(O)cc3)CC2)cc1","Cc1ccncc1C1CCN(C(=O)c2ccc(-n3cccn3)c(C)c2)C1","CCC(=O)NC(C(=O)Nc1nnc(CC(C)C)s1)c1ccccc1","CNS(=O)(=O)c1ccc(NC(=O)c2ccc3c(c2)CCC3)cc1C","O=C(CC1CCCC1(F)F)Nc1cccc(-c2nc(C3CC3)n[nH]2)c1","CCC1CCCCC1CNC(=O)NC1CCC(S(C)(=O)=O)CC1","CCc1nc(C2CCCN(c3c(C#N)c(=O)n(C)c(=O)n3C)C2)no1","NCC1(CO)COCCN1C(=O)CNC(=O)c1cc2ccccc2[nH]1","CC(NC(=O)N1CCOC(CO)C1)c1ccc(F)c(F)c1","COC(=O)N1CCCC(NC(=O)Nc2cnc3c(c2)c(C)nn3C)C1","Cc1csc(C2CCN(C(=O)c3cccnc3NC(C)C)CC2)n1","N#Cc1cc(S(N)(=O)=O)ccc1NC1CCN(CC(F)(F)F)C1"
m_c772b8,"CCc1nc(C(C)NCc2nc(C3CC3)no2)cs1","COc1cc(C)nc(NC2CCN(C(C)(C)C)CC2)n1","O=C(O)CCC1CCCN(C(=O)CCn2cccc2)C1","CCC(NC(=O)c1c(C)coc1C)c1nc(C)cs1","CC(=O)NC(C(=O)Nc1cc(C)nn1C)C1CCCC1","COc1nc(C)cc(NCC2CCN(C(C)=O)CC2)n1","CC1(C(=O)O)CCN(c2c(Cl)cccc2C#N)CC1","Cc1nc(C2CCCCN2c2ncc(Cl)cn2)n[nH]1","CCc1nc(C(C)NCc2nc(C3CC3)no2)cs1","CCc1nc(C(C)NCc2nc(C3CC3)no2)cs1","CCc1nc(C(C)NCc2nc(C3CC3)no2)cs1","CCc1nc(C(C)NCc2nc(C3CC3)no2)cs1","CCc1nc(C(C)NCc2nc(C3CC3)no2)cs1","CCc1nc(C(C)NCc2nc(C3CC3)no2)cs1","CCc1nc(C(C)NCc2nc(C3CC3)no2)cs1","CCc1nc(C(C)NCc2nc(C3CC3)no2)cs1","CCc1nc(C(C)NCc2nc(C3CC3)no2)cs1","CCc1nc(C(C)NCc2nc(C3CC3)no2)cs1","CCc1nc(C(C)NCc2nc(C3CC3)no2)cs1","CCc1nc(C(C)NCc2nc(C3CC3)no2)cs1","CCc1nc(C(C)NCc2nc(C3CC3)no2)cs1","CCc1nc(C(C)NCc2nc(C3CC3)no2)cs1","CCc1nc(C(C)NCc2nc(C3CC3)no2)cs1","CCc1nc(C(C)NCc2nc(C3CC3)no2)cs1","CCc1nc(C(C)NCc2nc(C3CC3)no2)cs1"
m_c886af,"Cc1nn(C(C)C)c(C)c1NC(=O)N1CCCN(CC(C)C)CC1","Cc1c(Cl)c(C(=O)Nc2cc(C3CCCCC3)nn2C)nn1C","CC(Cc1ccc(NC(=O)Cc2n[nH]c3ccccc23)cc1)C(=O)O","CCC1(CC)CNC(=O)C1NC(=O)c1cn(C2CCOCC2)nn1","Cn1ccnc1C1CCN(C(=O)Cc2ccc(-n3cccn3)cc2)C1","COc1ccnc(CNC(=O)NCC23CC2COC32CCC2)c1F","CCc1ccc(CNC2CCN(c3ccccc3Cl)C2=O)o1","O=C(c1cccc(Cn2ccnc2)c1)N1CCCC(n2cccn2)C1","CCn1cncc(NS(=O)(=O)c2ccc(OC(C)C)cc2)c1=O","CC(C)c1cc(C(=O)NC2CCc3ncnn3C2)c2ccccc2n1","O=C(c1ocnc1C1CC1)N1CCc2nc[nH]c2C1c1cccnc1","Cc1ccoc1C(=O)N1CCCCC1c1nc(-c2ccccc2)c[nH]1","CC(C)c1ncc(Cl)c(C(=O)N2CCCCC3CCCCC32)n1","COC1(CN2CCCC(O)(Cc3nc(C4CC4)no3)C2)CCCC1","CNc1cc2c(nn1)CCN(C(=O)c1cnn(-c3ccccc3)n1)C2","Cc1cc(NC(=O)N2CCCCC2CCC(=O)OC(C)(C)C)no1","O=C(c1ccnnc1)N1CCC(Oc2ccc(Cl)c(Cl)c2)C1","CCc1n[nH]c(=O)c(CNC(=O)NCCN2CCOCC2)c1CC","O=C(O)Cc1cccc(NC(=O)Cc2cccc(OC(F)F)c2)c1","N#Cc1ccc(OCC(=O)NCc2ccnc(OCC3CC3)c2)cc1","Cc1cnccc1C(C)Nc1cnn(Cc2nnc3n2CCCC3)c1","COc1cc(C)ccc1-c1noc(CC2CNCCS2(=O)=O)n1","CC(=O)NCC(=O)NCC(=O)Nc1cc(CC2CCCCC2)n[nH]1","COc1ccccc1C(NC(=O)C1CCCC1)c1noc(C)n1","N#Cc1cccc(OCCN2CCC(c3nnc4n3CCC4)CC2)c1"
m_c8934f,"CC(=O)Nc1ccc(C(=O)N(CCc2cccc(F)c2)C2CC2)cc1","CCC(NC(=O)NC(C)c1cccc(NC(C)=O)c1)c1ccncc1","CCc1nc(NCc2ccc(CNC(C)=O)cc2)c2ccsc2n1","CC(=O)N1CCN(C(=O)C2(c3cccc(C(F)(F)F)c3)CC2)CC1","CNC(=O)c1cccc(OCC(=O)N(c2ccccc2C)C(C)C)c1","N#Cc1cc(-c2ccccc2)sc1NC(=O)COCC1CCCO1","Cc1cc(C(=O)N(CC(F)(F)F)c2ccccn2)nn1C(C)(C)C","COc1cccc(N2CCN(c3ncnc4c(C)csc34)CC2)c1","COCc1ccccc1CNC(=O)C1CCN(S(C)(=O)=O)CC1","COc1ccc(CC(NC(=O)N2CCC2)c2ccccc2)cc1OC","CCOc1ccc(S(=O)(=O)N2CCC(C(N)=O)CC2)c(C)c1C","COc1cccc(C2CN(Cc3cc(=O)n4nccc4[nH]3)CCO2)c1","CC(=O)Nc1ccc(C(=O)N(CCc2cccc(F)c2)C2CC2)cc1","CC(=O)Nc1ccc(C(=O)N(CCc2cccc(F)c2)C2CC2)cc1","CC(=O)Nc1ccc(C(=O)N(CCc2cccc(F)c2)C2CC2)cc1","CC(=O)Nc1ccc(C(=O)N(CCc2cccc(F)c2)C2CC2)cc1","CC(=O)Nc1ccc(C(=O)N(CCc2cccc(F)c2)C2CC2)cc1","CC(=O)Nc1ccc(C(=O)N(CCc2cccc(F)c2)C2CC2)cc1","CC(=O)Nc1ccc(C(=O)N(CCc2cccc(F)c2)C2CC2)cc1","CC(=O)Nc1ccc(C(=O)N(CCc2cccc(F)c2)C2CC2)cc1","CC(=O)Nc1ccc(C(=O)N(CCc2cccc(F)c2)C2CC2)cc1","CC(=O)Nc1ccc(C(=O)N(CCc2cccc(F)c2)C2CC2)cc1","CC(=O)Nc1ccc(C(=O)N(CCc2cccc(F)c2)C2CC2)cc1","CC(=O)Nc1ccc(C(=O)N(CCc2cccc(F)c2)C2CC2)cc1","CC(=O)Nc1ccc(C(=O)N(CCc2cccc(F)c2)C2CC2)cc1"
m_c89ffd,"O=C(NCc1c[nH]nn1)c1occc1COc1ccccc1","CC(C)c1noc(C(C)S(=O)(=O)c2ccc(O)cc2)n1","CC(C(=O)NCCS(=O)(=O)Nc1ccccc1)C1CC1","CC1CN(c2ccccc2)CCN1C(=O)c1cc(N)ccn1","Cc1ccc(C(C)(C)NC(=O)CCOc2ccccc2)cn1","Cc1ccc2nc(NC(=O)Cn3cnc(C#N)n3)sc2c1","O=C(NC1CCOc2ccccc21)c1ccc(C(=O)O)nc1","Cc1cccc(OCC(=O)NCc2nnc3ccccn23)c1","Cc1cnn(C2CN(Cc3nc(-c4cccnc4)no3)C2)c1","O=C(NC12CC3CC(CC(C3)C1)C2)c1cnn2cccnc12","CCS(=O)(=O)NCCN1CC(C)Oc2ccc(C)cc21","O=C(CCc1cccnc1)N1CCn2nc(C3CC3)cc2C1","CC(C)c1c(C(=O)NC2CC=CC2)cnn1-c1ccccn1","O=C(c1ccncc1)N1CCOC(CCc2ccccc2)C1","CC1(C)C(=O)NCCN1Cc1ccc(C(=O)O)c(Cl)c1","O=C(NCc1c[nH]nn1)c1occc1COc1ccccc1","O=C(NCc1c[nH]nn1)c1occc1COc1ccccc1","O=C(NCc1c[nH]nn1)c1occc1COc1ccccc1","O=C(NCc1c[nH]nn1)c1occc1COc1ccccc1","O=C(NCc1c[nH]nn1)c1occc1COc1ccccc1","O=C(NCc1c[nH]nn1)c1occc1COc1ccccc1","O=C(NCc1c[nH]nn1)c1occc1COc1ccccc1","O=C(NCc1c[nH]nn1)c1occc1COc1ccccc1","O=C(NCc1c[nH]nn1)c1occc1COc1ccccc1","O=C(NCc1c[nH]nn1)c1occc1COc1ccccc1"
m_c933b7,"COCC1(C(=O)NCc2cccc(NC(=O)C3CCC3)c2)CCC1","CC(=O)NC(C)(C(=O)NCC(C)C)c1cccc(C(F)(F)F)c1","Cc1cccc2nc(CNC(=O)N3CCOCC3CC(C)C)cn12","O=C(Nc1ccc(O)c(Cl)c1)c1cccc(N2CCCC2=O)c1","COC(=O)C1CCCN(C(=O)NCc2nc3ccccc3n2C)C1","CC(C)(Oc1ccc(F)cc1)C(=O)N1CCC(C(N)=O)CC1","COc1ccc(-c2nc(C(=O)N3CCCC3C(=O)O)c(C)o2)cc1","COC(=O)C1(NCc2ncc(-c3ccc(OC)cc3)o2)CCCC1","Cc1[nH]c2ccnn2c(=O)c1CC(=O)N1CCOCC1CC(C)C","O=C(O)C1CCCN(C(=O)CNS(=O)(=O)c2cccs2)C1","CN1CCCC(CN(C)c2nc3ccccc3c(=O)n2CCO)C1","COc1cccc(OCCC(=O)N2CCCC2c2cc(C)no2)c1","COC(C)CS(=O)(=O)N1CCCC(Cn2nc(C)nc2C)C1","CN1CC2C(CCCN2C(=O)NCc2ccc(C#N)c(F)c2)C1=O","COc1ncccc1CCNC(=O)C1Cn2c(C)nnc2CN1C","CCOc1cc(NCC2CCCN(C)C2c2ccnn2C)ncn1","Cc1cc(C)cc(OCC(=O)N2CCC(c3nnc(N)o3)CC2)c1","O=C(O)c1cccnc1CN1CCC(Oc2ccc(F)cc2)CC1","Cc1cccc(C)c1OC1CCN(C(=O)C2CCCC(N)C2)CC1","c1ccc2c(c1)CCCC2Sc1nnc(Cn2cncn2)o1","Cc1cc(C)c(C(=O)NCC2CC(=O)N(C)C2c2nccn2C)o1","CNC(=O)C1CCCCN1CCOc1cc(Cl)cc(Cl)c1","O=C(NC1CCN(C2CC2)CC1)N1CCN(c2cccnn2)CC1","CCn1nc(NC(=O)C2CN(C)CC2C(F)(F)F)cc1C1CC1","O=C(c1ccnc(OC2CCC2)c1)N1CCC(N2CCNCC2)C1"
m_c9a4bc,"COC(=O)c1nc(CCNS(=O)(=O)C2(C)CC2)sc1C","CC(=O)Nc1cccc2c1CCN(c1cnc3ccccc3n1)C2","COc1ccccc1-n1nccc1CN1CC(F)CC1C(N)=O","COc1ccc2c(c1)CCN(CC(O)CN1CCCC1=O)CC2","CC1Cc2cc(Cl)ccc2N1C(=O)c1ncn(C(C)(C)C)n1","C#CCNC(=O)c1ccccc1NS(=O)(=O)c1cn(C)cn1","Cc1ccccc1C1CN(C(=O)C(CN)C2CCOC2)CCO1","Cc1c(F)ccc(Cl)c1C(=O)NC1CCc2ncccc2C1","COc1ccc2c(c1NC(=O)CCNC(=O)C(C)(C)C)CCC2","O=C(O)C1CN(C(=O)c2cccc(N3CCCC3=O)c2)CCO1","O=C(Nc1ccc(-n2cnnc2)cc1)c1cn[nH]c1-c1ccco1","COC1CN(c2nc(C)c(C#N)cc2Cl)CC1c1c[nH]nn1","CC(C)n1cc(NC(=O)N2CCc3ccc(Cl)cc3C2)cn1","Cc1ccc(CC(CNC(=O)c2scnc2C)C(=O)O)cc1","FC(F)CCc1nc(-c2ccc(Oc3ncccn3)cc2)no1","CCOc1ccccc1CN(C)C(C)c1nc(C2CC2)no1","CN(C)c1ccc(C2CCCN2C(=O)C2CCC(O)CC2)nn1","O=C(CN1CCCC(OCCO)C1)N1CCc2ccccc2C1","COC(=O)c1nc(CCNS(=O)(=O)C2(C)CC2)sc1C","COC(=O)c1nc(CCNS(=O)(=O)C2(C)CC2)sc1C","COC(=O)c1nc(CCNS(=O)(=O)C2(C)CC2)sc1C","COC(=O)c1nc(CCNS(=O)(=O)C2(C)CC2)sc1C","COC(=O)c1nc(CCNS(=O)(=O)C2(C)CC2)sc1C","COC(=O)c1nc(CCNS(=O)(=O)C2(C)CC2)sc1C","COC(=O)c1nc(CCNS(=O)(=O)C2(C)CC2)sc1C"
m_c9c302,"CNC(=O)C1CCC(NC(=O)N2CCC(c3ccc(OC)cc3)C2)CC1","CN(C)CC1CC(O)CN1c1cc(NCCCc2ccnn2C)ncn1","CN(C)CC(NC(=O)c1ccc2n[nH]c(=O)n2c1)c1ccc(Cl)cc1","COCC1(C(N)=O)CCCN1C(=O)c1cccc(CN2CCCCC2)c1","CN(CC(=O)O)C1CCN(C(=O)C2(N(C)C)CCc3ccccc32)CC1","O=C(O)C1Cc2ccccc2CN1C(=O)c1cnn(Cc2ccccc2)c1","C#CCCC1(CCC(=O)N2CC(C#N)C3(C2)C(=O)Nc2ccccc23)N=N1","Cc1nnc(C2OCCC2CNC(=O)c2[nH]c3ccccc3c2Cl)[nH]1","COc1cc(Cl)c(Cl)cc1C(=O)N1CCCN(CC(N)=O)CC1","NC(=O)NCC1CCCCN1C(=O)CCCOc1ccccc1F","COc1ccc2nc(CN3CCCC(N4CCCC4=O)CC3)sc2c1","Cc1nn(C)c2nc(C=Cc3cnn(C4CCC4)c3)cc(C(=O)O)c12","O=C(O)C1CN(S(=O)(=O)Cc2cc(F)ccc2Cl)CC1C1CC1","NC(=O)c1cnn(CCc2nc3sc4c(c3c(=O)[nH]2)CCSC4)c1","COCc1nc(C(=O)N2CC(c3nc(C(C)C)n[nH]3)C(C3CC3)C2)co1","O=C(CNc1cccc(OCC(F)(F)F)c1)NCC(=O)N1CCCC1","COCC(=O)Nc1cccc(CNC(=O)N2CC3CCCCCCC32)c1","Cc1ccc2snc(C(=O)N3CCC(N4CCCOCC4)CC3)c2c1","COc1cc(C(F)(F)F)ncc1NC(=O)N1CCOCC1CC(C)C","COc1cc(C(=O)N2CCOC(c3ccnc(N4CCCC4)n3)C2)on1","O=C(NCC(=O)N1CCN(Cc2ccccn2)CC1)NC1CCCCC1","Cc1ccccc1OCC[S+]([O-])Cc1coc(-c2ccc(F)cc2)n1","CNC(=O)C1CCC(NC(=O)N2CCC(c3ccc(OC)cc3)C2)CC1","CNC(=O)C1CCC(NC(=O)N2CCC(c3ccc(OC)cc3)C2)CC1","CNC(=O)C1CCC(NC(=O)N2CCC(c3ccc(OC)cc3)C2)CC1"
m_c9c422,"O=C(O)C1CC(=O)N(c2cccc(-c3ccc4c(c3)CCO4)c2)C1","NS(=O)(=O)c1cnc(N2CC=C(c3ccccc3)CC2)s1","Cn1cnc2c(C(=O)NCC34CCCC3C4(F)F)n[nH]c2c1=O","O=C(CCc1ccccc1C(=O)O)NC1CC(c2ccccc2)C1","CCOC1CC(O)(CNC(=O)c2cnn3c2CCCC3)C1(C)C","CSCC1CCCN(c2ccc(OCC(F)(F)F)nn2)C1","CCNS(=O)(=O)C1CCN(C(=O)NCC2(C(F)F)CC2)C1","O=C(O)C1CC1C(=O)NC1(c2ccc(Cl)cc2)CCOCC1","CC(C)c1n[nH]c(C2CN(c3nccnc3C#N)CC2C2CC2)n1","CC1(C)CN(C(=O)c2ccc(C#N)[nH]2)C1c1nccn1CC1CC1","O=C(NCc1ccnc(N2CCOCC2)c1)c1ccc(Cl)o1","COc1cncc(C(=O)N2CCCc3ccc(F)c(Cl)c32)n1","CSc1nc(=O)cc(CNC(=O)C2CC(C)CC(C)(C)C2)[nH]1","CC1=C(C)CN(S(=O)(=O)c2ccc(CCC(=O)O)cc2)CC1","O=C(O)C1CCCN(C(=O)C2CC2c2ccc3ccccc3c2)C1","O=C(O)CC1CN(C(=O)C2(c3ccc(F)cc3)CCC2)CCO1","CN(C)c1cc2c(nn1)CCN(C(=O)c1cn3cccnc3n1)C2","CCN1C(=O)CC(CNc2ccncc2C#N)C1c1cccnc1","O=C(CNC(=O)c1ccc(Cl)cc1Cl)Nc1cccnc1","Cc1cc(F)ccc1S(=O)(=O)N1CCC(c2ncccn2)C1","CSc1ccc(OC(C)C(=O)N2CCCC(C(=O)O)C2)cc1","COC(=O)c1cn(-c2cccc(NC(=O)c3ccccn3)c2)nn1","Cc1nc(C2CCCN(C(=O)OC3CCOC3)C2)[nH]c1C(=O)O","COC(=O)CNC(=O)c1cc(-c2ccncc2)nc2ccccc12","CC(C)c1cccc(C(C)C)c1NC(=O)c1ccc2nccn2c1"
m_cad5a6,"CNS(=O)(=O)c1ccc2c(c1)CCN2Cc1cnc(C2CC2)s1","O=C(NC(c1nccs1)C1CC1)N1CCc2c(F)cc(F)cc2C1","O=C(NCC(c1ccc(F)cc1)N1CCOCC1)NC1CCCCC1","CC(C)(NS(C)(=O)=O)c1nc(-c2cccc(C(F)(F)F)c2)no1","CC(C)(C)n1cnnc1SCc1nnc(-c2cccc(Cl)c2)o1","CNS(=O)(=O)CCNc1nc(-c2ccccn2)nc2sccc12","O=C(NCC1CCCN(C(=O)c2cccc(Cl)c2)C1)C1CCCN1","Cc1ccn(C)c1C(=O)Nc1ccc(-c2nnc3n2CCCCC3)cc1","NC1(CC(=O)N2CCCN(C(=O)c3ccccc3Cl)CC2)CCC1","CNC(=O)NC(=O)CNc1cccc(CS(=O)(=O)C(C)C)c1","CCSc1ccc(C(=O)N2CCCCC2C(=O)NC(C)(C)C)cn1","CN(CC1CC(F)CN1Cc1cncnc1)C(=O)Nc1ccsc1","COCc1cn(CC(=O)N2CCN(c3cccc(Cl)c3)CC2)nn1","COc1ccc(C)c2c1N(C(=O)c1cc(-c3cccnc3)on1)CCC2","CNC(=O)C1CCN(S(=O)(=O)c2ccccc2-c2ccno2)CC1","CC1CCCCC1N(C)C(=O)c1nc(S(C)(=O)=O)n2ccccc12","Cc1ccc(NC2CCN(C(=O)Cc3c[nH]c4ccccc34)CC2)nn1","C=Cc1ccc(C(=O)N2CCCC(C(=O)Nc3ccc(C)cn3)C2)cc1","CC(C)c1noc(-c2ccnc(N3CCN(C)c4ccccc4C3)c2)n1","O=C(Cc1c[nH]c2ncccc12)N1CCC(c2ccccc2)C(CO)C1","Cc1n[nH]cc1C1CCN(C2CCN(c3ccc(C#N)cc3)C2=O)CC1","COc1ccc2c(c1)CC(C)N(C(=O)Cc1c[nH]c3ncccc13)C2C","CC(C)c1n[nH]c(C2CN(C(=O)c3ccc(C#N)cc3)CC2C2CC2)n1","COc1ccccc1C(CF)NC(=O)C12CCC(C(=O)O)(CC1)CC2","O=C(COc1cccc(-c2nnco2)c1)NC(c1ccccc1)C1CC1"
m_cc35ab,"O=C(O)CCN(C(=O)c1coc2ccccc12)C1CCOCC1","CCCc1nc(CN(CCCO)C2CCc3ccccc32)no1","CC(C(=O)N1CCC(C(N)=O)CC1)N1CCc2ccccc2C1","O=C(O)C1CN(C(=O)Cc2ccccc2C(F)(F)F)CCO1","COC1CC(C(N)=O)N(Cc2ncc(-c3ccc(C)cc3)o2)C1","CC1CCc2ccccc2N1CCC(=O)NC1CCN(C)C1=O","O=C(O)C1CCCN(CCOc2ccc(Cl)cc2Cl)C1","CC(C)(C)CCC(CO)NC(=O)c1cncc(-n2ccnn2)c1","CCCC(C)(NC(=O)Cc1c(C)nn(C(F)F)c1C)C(=O)O","O=C(NCC(CO)CC1CCCCC1)c1ccc2[nH]cnc2c1","CN(C)C1CCN(C(=O)c2ccc3c(c2)C(C)(C)C(=O)N3)CC1","Cc1cc2cc(C(=O)NCCC(O)C(F)(F)F)oc2cc1C","CCNC(=O)OCC1CCCCN1Cc1cccc2[nH]ccc12","NC(=O)c1ccccc1OCc1ccn(-c2ccccc2)n1","CC(NC(=O)CC1(C(=O)O)CCCC1)c1cc2ccccc2o1","Cc1ccc(N2CCC(OCC3CCCCO3)CC2)nc1C#N","OC1CC(c2ccc(F)c(F)c2)N(c2ncnc3nc[nH]c23)C1","O=C1CNC(=O)N1CC(=O)N1CCCC1CCc1ccccc1","O=C(O)CCN(C(=O)c1coc2ccccc12)C1CCOCC1","O=C(O)CCN(C(=O)c1coc2ccccc12)C1CCOCC1","O=C(O)CCN(C(=O)c1coc2ccccc12)C1CCOCC1","O=C(O)CCN(C(=O)c1coc2ccccc12)C1CCOCC1","O=C(O)CCN(C(=O)c1coc2ccccc12)C1CCOCC1","O=C(O)CCN(C(=O)c1coc2ccccc12)C1CCOCC1","O=C(O)CCN(C(=O)c1coc2ccccc12)C1CCOCC1"
m_cc95e9,"CC(C)(C(=O)NCc1nc(-c2ccccn2)no1)c1cccc(F)c1","CCc1c(C(=O)N2CCCC(C(=O)Nc3ccccc3)C2)cnn1C","CCCc1[nH]ncc1C(=O)N1CCCC(C(=O)Nc2ccccc2)C1","Cc1oc(S(N)(=O)=O)cc1C(=O)N1CCc2sccc2C1C","CC1(C)C2CCC1(C)C(NC(=O)c1coc(CS(C)(=O)=O)n1)C2","COc1ccc(F)cc1C[S+]([O-])C(C)C(=O)Nc1cc(C)no1","Cc1cc(C(=O)N(CC(F)(F)F)c2ccccn2)nn1C(C)(C)C","CC(C)CCS(=O)(=O)C(C)c1nc(Cc2ccc(F)cc2)no1","CC(NC(=O)NCCc1ccnn1C)c1ccc(C(F)(F)F)cc1","Cc1cccc(S(=O)(=O)NCC2CCC(c3ncn[nH]3)O2)c1F","O=C(Cc1coc(-c2ccc(Cl)cc2)n1)NC1CCC(F)(F)C1","CCc1oc(C(=O)N2CCCNC(=O)C2Cc2ccccc2)cc1C","O=C(Cc1ccccc1)NCCNC(=O)C1Cc2cc(F)ccc2O1","Cc1ccc(C(=O)N2CCN(C(=O)CC(C)c3ccccc3)CC2)o1","COc1ccc(-c2nc(CNC(=O)Cc3ccc(F)cc3)n[nH]2)cc1","CCC(NC(=O)NC(C)c1cccc(NC(C)=O)c1)c1ccncc1","CCc1ccc(CN2CCC(n3cc(C(=O)OC)nn3)CC2)o1","Cc1ccc(N2CCCC2)c(C(=O)NC2CC(O)C2n2cccn2)c1","CNC(=O)C(CO)NS(=O)(=O)c1ccc(C(F)(F)F)cc1C","CC(C)(C(=O)NCc1nc(-c2ccccn2)no1)c1cccc(F)c1","CC(C)(C(=O)NCc1nc(-c2ccccn2)no1)c1cccc(F)c1","CC(C)(C(=O)NCc1nc(-c2ccccn2)no1)c1cccc(F)c1","CC(C)(C(=O)NCc1nc(-c2ccccn2)no1)c1cccc(F)c1","CC(C)(C(=O)NCc1nc(-c2ccccn2)no1)c1cccc(F)c1","CC(C)(C(=O)NCc1nc(-c2ccccn2)no1)c1cccc(F)c1"
m_cd50d8,"Cn1ccc(C(=O)NC2CCCC3CN(C(=O)C4CC45CCC5)CC32)n1","O=C1CC(C(=O)N2CCC(c3ccc(F)cc3)C2)CN1Cc1ccco1","Cc1cc(N)nc(SCC(=O)NC(C)c2ccc3c(c2)CCCC3)n1","CCn1nnc(C)c1C(=O)N1CC2CCCC2(c2nnc(C3CC3)o2)C1","CCN1C(=O)CCC(C(=O)NCCn2cc(C)cn2)C1c1nccn1C","Cc1cc(CNC(=O)N2CCN(c3ccccc3Cl)CC2)on1","CS(=O)(=O)CC1CCCCN1C(=O)c1scnc1C1CCCC1","Cc1cc(C(=O)NC2C3CCCN(C(=O)C4CC45CC5)C3C2(C)C)co1","COc1ncc(CN2CC(c3nc(C(C)C)n[nH]3)C(C3CC3)C2)c(C)n1","CCn1ccnc(N2CCC(NCc3cccc4c3OCO4)CC2)c1=O","O=C(O)CCC(=O)N1CCCC1C(=O)Nc1cc(Cl)cc(Cl)c1","Cc1cc(C(=O)NCC2CC(O)CN2c2cc(N(C)C)ncn2)ccn1","COc1ccccc1OCC(=O)N1CCCC1Cn1cc(C2CC2)nn1","CCN(Cc1cccc(F)c1)C(=O)CN1CCS(=O)(=O)CC1(C)C","CN1CCCC(N2CC3CN(c4nccn5nnnc45)CC3(C)C2)C1=O","CCn1nccc1C1OCCCC1CNCCc1cccc(C(N)=O)c1","COCc1nc2n(n1)CCCC2NS(=O)(=O)c1cc(C)sc1C","CCCc1nc(-c2noc(C3CCc4nnn(CC(C)C)c4C3)n2)co1","c1cc(CNCC2CCC(c3nc(C4CC4)n[nH]3)O2)n(CC2CCC2)n1","COc1cccc(C2(c3noc(CN4CCCCC(N)C4=O)n3)CC2)c1","N#Cc1ccccc1OCC(=O)N1CCN(C2CCCCNC2=O)CC1","Cn1ccc(C(=O)NC2CCCC3CN(C(=O)C4CC45CCC5)CC32)n1","Cn1ccc(C(=O)NC2CCCC3CN(C(=O)C4CC45CCC5)CC32)n1","Cn1ccc(C(=O)NC2CCCC3CN(C(=O)C4CC45CCC5)CC32)n1","Cn1ccc(C(=O)NC2CCCC3CN(C(=O)C4CC45CCC5)CC32)n1"
m_cd6458,"O=C(c1cccc(OCc2ccccc2)c1)N1CCC(n2c(=O)[nH]c3ccccc32)CC1","O=C(NCC1(C2CCCCC2)CCCCC1)C1CC12CCS(=O)(=O)CC2","COc1ccccc1N1CCN(C(=O)c2nc(-n3nc(C)cc3C)ccc2Cl)CC1","Cc1cc(C)nc(-n2nc(C)c(CC(=O)NCC3(c4ccccc4Cl)CC3)c2C)n1","CC(C)N(C)C(=O)C1CCN(C(=O)c2cc3c(F)cc(Br)cc3[nH]2)CC1","CNS(=O)(=O)c1ccc(C(=O)Nc2ccc(C)c(N3CCCS3(=O)=O)c2)cc1","CC1c2nnc(C3CCCC3)n2CCN1C(=O)Nc1cnn(-c2ccccc2Cl)c1","O=C(NC(Cc1c[nH]cn1)C(=O)NC1CCN(Cc2ccccc2)C1)C1CCCCC1","COc1ccc(C=c2sc3nc(C4COc5ccccc5O4)nn3c2=O)cc1OC","COC(=O)c1sccc1S(=O)(=O)NCC(C)N1CCN(c2ccccc2)CC1","O=C(NCc1ccccc1S(=O)(=O)N1CCCCC1)c1cc(O)nc2ccccc12","CCC(C)(C)NC(=O)c1cc(S(=O)(=O)N2CCCCC2)ccc1N1CCOCC1","Cc1cc(NC(=O)c2ccccc2C(F)(F)F)n(-c2cccc(Br)c2)n1","CCOc1ccc(S(=O)(=O)N2CCC(C(=O)NC3C(=O)NCCC3C)CC2)cc1","CNC(=O)c1cccc(CNC(=O)NC(C)c2ccc(C(F)(F)F)cc2)c1","O=C(c1cccc(OCc2ccccc2)c1)N1CCC(n2c(=O)[nH]c3ccccc32)CC1","O=C(c1cccc(OCc2ccccc2)c1)N1CCC(n2c(=O)[nH]c3ccccc32)CC1","O=C(c1cccc(OCc2ccccc2)c1)N1CCC(n2c(=O)[nH]c3ccccc32)CC1","O=C(c1cccc(OCc2ccccc2)c1)N1CCC(n2c(=O)[nH]c3ccccc32)CC1","O=C(c1cccc(OCc2ccccc2)c1)N1CCC(n2c(=O)[nH]c3ccccc32)CC1","O=C(c1cccc(OCc2ccccc2)c1)N1CCC(n2c(=O)[nH]c3ccccc32)CC1","O=C(c1cccc(OCc2ccccc2)c1)N1CCC(n2c(=O)[nH]c3ccccc32)CC1","O=C(c1cccc(OCc2ccccc2)c1)N1CCC(n2c(=O)[nH]c3ccccc32)CC1","O=C(c1cccc(OCc2ccccc2)c1)N1CCC(n2c(=O)[nH]c3ccccc32)CC1","O=C(c1cccc(OCc2ccccc2)c1)N1CCC(n2c(=O)[nH]c3ccccc32)CC1"
m_ce56d4,"O=C1CCCN1c1cccc(-c2csc(-c3cnccn3)n2)c1","Cc1csc2ncnc(NCc3ccnc(-n4cccn4)c3)c12","Cc1nnc2ccc(N3CCN(S(=O)(=O)C4CC4)CC3)nn12","Cc1nc2ccccc2nc1Cn1cnc2c(C)csc2c1=O","Cc1cccnc1CN1CCCC(c2ncc(C(F)(F)F)[nH]2)C1","Cn1c(CNC2CCCN(c3ncccn3)C2)nc2ccccc21","Cc1cccc(C(=O)NCCNc2c(C)c(C)nc3ncnn23)c1","Cc1nc(C2CCCCN2C(=O)c2cc(Cl)ccc2F)n[nH]1","CC(C)(C)C1CN(c2cc(N3CCSCC3)ncn2)CCO1","COc1ccc(C(NC(=O)c2cn3cccnc3n2)C2CC2)cc1","Cn1nccc1C1=CC2CCC(C1)N2c1cc(NC2CC2)ncn1","Fc1cc(Cl)cnc1N1CCCC(c2noc(C3CC3)n2)C1","Cc1ncc(C(=O)N2CCC(Cc3ccncc3)C2)c(C2CC2)n1","Cc1cnn(C)c1S(=O)(=O)NCc1ccc(Cl)s1","CCC1CN(C(=O)c2ccc3c(c2)nnn3C)c2ccccc2O1","CCc1ccc(CC(=O)N2CCCc3c(C(N)=O)cccc32)cc1","Cc1nn(C)c2ncc(NC(=O)C3CCc4cccc(O)c43)cc12","O=C(Nc1cnc(CC2CC2)nc1)c1cccc(N2CCCC2)c1","Cc1ccc2[nH]nc(C(=O)N3CCOCC3c3cccn3C)c2c1","Cc1cc2oc(=O)cc(CSCC(O)CO)c2cc1C(C)C","Cc1noc(C)c1CC(=O)Nc1cc2c(cc1Cl)OCCO2","Cc1cc(N2CCC(N(C)Cc3ncccn3)C2)c(C#N)c(C)n1","C=CCn1c(SC2CC(C)OC2=O)nc2ccsc2c1=O","CS(=O)(=O)N1CCc2c(NC(=O)C3CC3C(=O)O)cccc21","O=C(Cc1noc2ccccc12)Nc1ccc(N2CCCC2)nc1"
m_ced31c,"O=C(NC1CCSc2c(F)cccc21)C1CC(=O)N(CC2CC2)C1","CC(C)(NC(=O)C(F)(F)F)C(=O)NCc1noc(-c2ccco2)n1","O=C(c1ccc(O)c(Cl)c1)N1CCC(c2n[nH]c(C3CC3)n2)CC1","COc1ccc(N2CCN(C(=O)c3scnc3C(C)C)CC2)nc1","CCC(=O)N1CCCC(C(=O)Nc2nc3cccc(Cl)c3n2C)C1","CC(C)(C)c1nc(CC(=O)NC(Cc2ccccc2)C(=O)O)cs1","COc1cc(NC(=O)c2csc(C3CCCO3)n2)ccc1C(=O)O","CC(NC(=O)c1cc(Cl)ccc1NS(C)(=O)=O)C1CCCO1","COc1cc(=O)[nH]cc1C(=O)N1CCCCC1c1ccc(Cl)cc1","CS(=O)(=O)c1ccc(Br)c(C(=O)N2CCC(N)C2)c1","Cc1cc(NC(=O)C2CC2)sc1C(=O)NCc1ccccc1Cl","C=CCn1c(SCc2nc(=O)[nH][nH]2)nnc1-c1cccc(Cl)c1","CC(O)CC(CNC(=O)NC1CCCC2OCCC12)c1ccccc1","O=C(NC1CCSc2c(F)cccc21)C1CC(=O)N(CC2CC2)C1","O=C(NC1CCSc2c(F)cccc21)C1CC(=O)N(CC2CC2)C1","O=C(NC1CCSc2c(F)cccc21)C1CC(=O)N(CC2CC2)C1","O=C(NC1CCSc2c(F)cccc21)C1CC(=O)N(CC2CC2)C1","O=C(NC1CCSc2c(F)cccc21)C1CC(=O)N(CC2CC2)C1","O=C(NC1CCSc2c(F)cccc21)C1CC(=O)N(CC2CC2)C1","O=C(NC1CCSc2c(F)cccc21)C1CC(=O)N(CC2CC2)C1","O=C(NC1CCSc2c(F)cccc21)C1CC(=O)N(CC2CC2)C1","O=C(NC1CCSc2c(F)cccc21)C1CC(=O)N(CC2CC2)C1","O=C(NC1CCSc2c(F)cccc21)C1CC(=O)N(CC2CC2)C1","O=C(NC1CCSc2c(F)cccc21)C1CC(=O)N(CC2CC2)C1","O=C(NC1CCSc2c(F)cccc21)C1CC(=O)N(CC2CC2)C1"
m_cfb3df,"CCN(C1CCN(c2ccccc2)C1=O)S(=O)(=O)c1cccc2cnccc12","CN(Cc1ccc(C(=O)NC2CC2)cc1)c1cc(N2CCCC(CO)C2)ncn1","O=C(O)C1CCN(C(=O)C2(c3cccc(Br)c3)CCOCC2)CC1","CCN1C(=O)CCC(C(=O)N2CCc3cc(F)cc(C)c3C2)C1c1ccncc1","O=C(c1cccc2ccccc12)N1CCN(C(=O)c2cccc3ncccc23)CC1","Cc1ccc(-c2nc(C(=O)N3CCN(c4cnn(C)c4)C(=O)C3)cs2)c(C)c1","CCCc1c(C(=O)N2CC3CCC(N)C3C2)nnn1-c1ccc(C(C)(C)C)cc1","Cc1ccc(CN2CCOCC2)cc1NC(=O)C(C)n1cnc2c(N)ncnc21","COc1ccccc1-c1nc(C2CCN(C(=O)c3ccc(O)cc3F)CC2)no1","O=C(NCCC(=O)N1CCN(CC=Cc2ccccc2)CC1)c1ccc(F)cc1","CN1CCCN(C(=O)CCc2ccc(S(=O)(=O)N3CCOCC3)cc2)CC1","CN(C)C(=O)Cn1cc(C(=O)N2CCCC3(CCCCc4ccccc43)C2)nn1","O=C(CN1CCCC1Cc1cccc(F)c1)NCC1CCN(c2ccccc2)C1","CN1CCN(Cc2cccc(NC(=O)c3cncc(N4CCOCC4)c3)c2)CC1","CCC(CC)CC(=O)N1CCCC(N(C)C(=O)c2nccc3ccccc23)CC1","Cc1n[nH]c(C)c1CC(=O)N1CCCC1(C)Cc1ccc(OC(F)(F)F)cc1","CC1CN(C(=O)C2CCN(c3noc4ccc(Cl)cc34)CC2)CC[S+]1[O-]","CS(=O)(=O)c1ccc(C(=O)Nc2ccc(-c3cn4c(n3)CCCC4)cc2)cc1","COc1cc2c(cc1OC)C(CC(=O)O)N(S(=O)(=O)c1ccnn1C)CC2","COc1cc2c(cc1OC)C(CC(=O)O)N(C(=O)CC1C=CCCC1)CC2","COC(=O)c1cn(-c2ccc(NC(=O)C3CCN(C(=O)C4CC4)CC3)cc2)nn1","Cc1ccc(S(=O)(=O)N2CCC(C(=O)O)(c3ccccc3)CC2)c(F)c1F","COc1ccc2c(C)c(CCC(=O)N3CCCCC3c3cn[nH]c3)c(=O)oc2c1","COCc1ccccc1CNC(=O)NCc1ccc(C(=O)N2CCCCC2)cc1","Cc1nc(-c2ccccc2)oc1C(=O)N1CCC(NC(=O)CC2CCCC2)CC1"
m_d01f54,"Cc1cc(C(F)(F)F)ccc1CNC(=O)C1COc2ccccc21","N#Cc1nccnc1NCCNC(=O)c1ccc(C(F)(F)F)cc1","CCn1cc(S(=O)(=O)NC(Cc2ccccc2)C(=O)O)nc1C","Cn1nccc1C1=CC2CCC(C1)N2c1ccc(C(F)(F)F)nn1","CC(C)n1cc(S(=O)(=O)NC(Cc2ccccc2)C(=O)O)cn1","Cc1nc2ccc(NC(=O)N3CCCC3c3ccc(O)cc3)cn2n1","CCn1c(S(=O)(=O)Nc2nc(C)c3c(n2)CCCC3)cnc1C","CNc1cc2c(nn1)CCN(C(=O)c1cnn(-c3ccccc3)n1)C2","c1cnc(N2CCN(CCNc3cnc4ccccc4n3)CC2)nc1","O=C(NC1CCCCC1Cc1ccccc1)C1CCS(=O)(=O)C1","COC(=O)C(O)C1CCN(C(=O)c2n[nH]c3c2CCCCC3)CC1","COc1ccc(CNC(=O)NCC2CN(CC(C)C)CCO2)cc1","Cc1cccc(CNC(=O)CN2CCn3c(nnc3C(F)F)C2)c1","Cc1sc(=O)n(CCC(=O)N(C)c2cccc([N+](=O)[O-])c2)c1C","CC(C)n1cnc(S(=O)(=O)N2CCC(F)(F)C(C(=O)O)C2)c1","CCn1cnnc1SCCC(=O)Nc1cccc([N+](=O)[O-])c1C","CCOC1CC(O)(CNC(=O)c2cc(N3CCOCC3)ccn2)C1","Cc1ccc(NC(=O)CCNC(=O)c2ccc(Cl)cc2F)nc1","CCn1cc(NS(=O)(=O)c2ccc(F)cc2C(F)(F)F)cn1","CC1CN(Cc2coc(-c3ccc(S(C)(=O)=O)cc3)n2)CCN1","Cc1sc(C(=O)O)cc1CN(C)Cc1ccc([S+](C)[O-])cc1","O=C(NC1CCc2ccc(O)cc21)c1c[nH]nc1-c1ccccc1F","CCc1ccc(NC(=O)C(C)S(=O)(=O)Cc2noc(C)n2)cc1","Cc1nc(NCc2c(F)cccc2OC(F)F)c2cnn(C)c2n1","CCCC1CN(C(=O)NCc2nc(-c3cccs3)n[nH]2)CCO1"
m_d07b86,"Cc1cnc(NC(=O)NC2CCc3cc(Cl)ccc32)s1","CC(O)C1CCCN(S(=O)(=O)c2cc(F)cc(F)c2)C1","Cc1cc(C2CCCN(C(=O)CN3CCCNC3=O)C2)[nH]n1","N#Cc1ccc(NCC(O)COc2ccc(F)c(F)c2)nc1","Cc1occc1[S+]([O-])Cc1coc(-c2ccc(F)cc2)n1","CS(=O)(=O)NCC1CCCCN1C(=O)N1CCOCC1","CC1CN(Cc2nnnn2C2CC2)CCN1c1nccs1","Cc1nonc1NS(=O)(=O)c1cc(Cl)cc(Cl)c1","Cc1cnn(C)c1S(=O)(=O)N1CCCC1c1ccccc1","CCC(C)(NC(=O)c1cc(C2CC2)on1)c1nc(C)cs1","CC1(C)CN(CCOc2cccc(C(=O)O)c2)C2COCC21","Cc1nc(N(CCCCO)C2CC2)sc1S(N)(=O)=O","O=C(NCc1nnn[nH]1)c1ccn(-c2ccc(F)cc2F)n1","N#Cc1cc(C(=O)N2CCC2c2ccccc2F)c[nH]1","Cc1cnc(NC(=O)NC2CCCc3cc(F)ccc32)s1","CC(C)(CC1CCCN(c2cccc(C(=O)O)n2)C1)C(N)=O","Cc1cc(CNC(=O)NCC(C)Oc2ccccc2C)no1","CCn1cc(C(=O)N2CC(C(=O)O)C(C(F)(F)F)C2)cn1","Cc1cc(OCC(=O)O)ccc1NC(=O)CC1=CCCCC1","COCc1noc(C(C)N2CCN(c3ccncc3)CC2)n1","O=C1CCc2cc(S(=O)(=O)Nc3cccnc3)ccc2N1","CCCc1cc(C(=O)Nc2ccn(C(C)(C)C(=O)O)n2)[nH]n1","Cc1cnc(CS(=O)(=O)CC2(O)CCC(C)CC2)s1","Cc1cnc(NC(=O)NC2CCc3cc(Cl)ccc32)s1","Cc1cnc(NC(=O)NC2CCc3cc(Cl)ccc32)s1"
m_d1e5ef,"O=C(NC1CC1c1ccccc1)C1CCOC1c1cnn(Cc2ccccc2)c1","Cn1cc(C2OCCC2NS(=O)(=O)c2cnn(Cc3ccccc3)c2)cn1","COCCC(=O)N1CCC(NC(=O)C2CCN(Cc3ccccc3)CC2)CC1","CS(=O)(=O)Nc1ccccc1C(=O)NC1CCN(Cc2ccccc2)CC1","CC(O)CN1CCC(CN(C)C(=O)C2CCN(Cc3ccccc3)CC2)CC1","Cc1nn(Cc2ccccc2)c(C)c1C1COCCN1C(=O)c1ccc(C#N)[nH]1","COCC1(O)CN(C(=O)C2CN(Cc3ccccc3)CC2c2nccs2)C1","N#Cc1ccc(C(F)(F)F)c(NCCCn2nc3n(c2=O)CCCC3)c1","O=C(O)C1CCN(C(=O)c2cccc(CS(=O)(=O)c3ccccc3)c2)CC1","O=C(c1nc(-c2ccccc2)oc1C1CC1)N1CCN(Cc2ccccc2)CC1","O=C1Nc2cc(Cl)ccc2SC1CC(=O)N(Cc1cccnc1)C1CC1","O=C(NC1CC1c1ccccc1)C1CCOC1c1cnn(Cc2ccccc2)c1","O=C(NC1CC1c1ccccc1)C1CCOC1c1cnn(Cc2ccccc2)c1","O=C(NC1CC1c1ccccc1)C1CCOC1c1cnn(Cc2ccccc2)c1","O=C(NC1CC1c1ccccc1)C1CCOC1c1cnn(Cc2ccccc2)c1","O=C(NC1CC1c1ccccc1)C1CCOC1c1cnn(Cc2ccccc2)c1","O=C(NC1CC1c1ccccc1)C1CCOC1c1cnn(Cc2ccccc2)c1","O=C(NC1CC1c1ccccc1)C1CCOC1c1cnn(Cc2ccccc2)c1","O=C(NC1CC1c1ccccc1)C1CCOC1c1cnn(Cc2ccccc2)c1","O=C(NC1CC1c1ccccc1)C1CCOC1c1cnn(Cc2ccccc2)c1","O=C(NC1CC1c1ccccc1)C1CCOC1c1cnn(Cc2ccccc2)c1","O=C(NC1CC1c1ccccc1)C1CCOC1c1cnn(Cc2ccccc2)c1","O=C(NC1CC1c1ccccc1)C1CCOC1c1cnn(Cc2ccccc2)c1","O=C(NC1CC1c1ccccc1)C1CCOC1c1cnn(Cc2ccccc2)c1","O=C(NC1CC1c1ccccc1)C1CCOC1c1cnn(Cc2ccccc2)c1"
m_d1ecad,"CCOc1cccc(CNC(=O)N(C)Cc2ccc3c(c2)OCO3)c1","CNC(=O)C1CN(Cc2cccc3c2OCO3)CC1c1cnn(C)c1","COc1ccccc1C1(CNC(=O)c2ccc(C(N)=O)cn2)CC1","COc1ccc(C(=O)N2CCN(C(=O)CC3=CCCCC3)CC2)cc1","CCC(NS(=O)(=O)N1CCOCC1)C12CC3CC(CC(C3)C1)C2","COc1ccc(C(=O)N2CCN(c3snc(C)c3C#N)CC2)cc1","COc1ccc(OC)c(C(C)NC(=O)c2ncoc2-c2ccco2)c1","CN(C)c1nc(O)cc(C2CCN(C(=O)c3cnn(C4CC4)c3)C2)n1","CN1CCCC(CNCc2cccc3c2OCO3)C1c1cncn1C","Cn1cc(N2CCN(Cc3cccc4c3OCCCO4)CC2=O)cn1","Cc1ccc(NC(=O)N2CCOC(c3ccnc(N(C)C)n3)C2)cn1","COc1cc(CNc2cc(N3CCCC(CO)C3)ncn2)ccc1C","COc1cccc(N2CCN(c3ncnc4c(C)csc34)CC2)c1","Cc1nccc(NC2COCCC2NC(=O)CC2CC(F)(F)C2)n1","Cc1cc(C(=O)N(CC(F)(F)F)c2ccccn2)nn1C(C)(C)C","CCC(NC(=O)C(=O)Nc1cc(C)nn1C)C(C)(C)c1ccccc1","Cc1conc1CS(=O)(=O)N1CCCC1c1ccc(Cl)cc1","CN(C)C(=O)C1c2cnn(C)c2CCN1C(=O)CCc1ccccc1","Cn1cc(C2CN(CCCOc3ccc(C#N)cc3)CC2CO)cn1","Cc1nc(NCc2ccccc2OCC(=O)N(C)C)cc(C2CC2)n1","N#Cc1cc(-c2ccccc2)sc1NC(=O)COCC1CCCO1","CCN(Cc1cnn(C)c1)C(=O)C1CCN(Cc2ccccc2)CC1","Cn1nccc1N1CCCC(NC(=O)C2(S(C)(=O)=O)CCC2)C1","COc1ccc(OC(F)F)c(CNC(=O)N2CCC3CCCC32)c1","CC(O)CN1CCN(C(=O)C2(C(=O)O)CC=CC2)CC1C"
m_d258c4,"CC1CN(CC(=O)N2CCC(C(=O)N3CCCC3)CC2)C(C)CO1","O=C(c1cncc2ccccc12)N1CCCC(O)(Cn2ccnn2)C1","COC1CCCCN(CC(=O)N2CCC3(CC2)CNC(=O)C3)C1=O","CC(C)(CC(=O)O)CC(=O)NC(c1ccccc1)c1ccco1","COc1ccc2cc(CNC3CCOC3c3ccnn3C)ccc2c1","O=C(c1cccc2cccnc12)N1CCN(Cc2cccs2)CC1","O=C(O)C1CCC(C(=O)N2CCN(c3cc(F)ccc3F)CC2)N1","Cc1nn(C)cc1C1OCCC1NC(=O)c1cccc(Cl)c1F","COC1CC(CN(C)S(=O)(=O)c2cc(C#N)ccc2C)N(C)C1","O=C(CN1C(=O)C2CCCCC2C1=O)Nc1ccc2ccccc2n1","COc1cc(C(=O)N2CCCC3(CCCc4ccccc43)C2)ncn1","Cc1nnc(CC2CCC(NC(=O)c3c(F)cccc3Cl)C2)o1","CCC1CN(C(=O)NCc2ccc(F)c(CN(C)C)c2)CC(C)O1","Cc1cc(OCCCC(=O)N2CCC(C(=O)O)CC2)ccc1Cl","Cc1noc(C2CN(Cc3cn4ccccc4c3C#N)CC(C)O2)n1","CC1CN(CC(=O)N2CCC(C(=O)N3CCCC3)CC2)C(C)CO1","CC1CN(CC(=O)N2CCC(C(=O)N3CCCC3)CC2)C(C)CO1","CC1CN(CC(=O)N2CCC(C(=O)N3CCCC3)CC2)C(C)CO1","CC1CN(CC(=O)N2CCC(C(=O)N3CCCC3)CC2)C(C)CO1","CC1CN(CC(=O)N2CCC(C(=O)N3CCCC3)CC2)C(C)CO1","CC1CN(CC(=O)N2CCC(C(=O)N3CCCC3)CC2)C(C)CO1","CC1CN(CC(=O)N2CCC(C(=O)N3CCCC3)CC2)C(C)CO1","CC1CN(CC(=O)N2CCC(C(=O)N3CCCC3)CC2)C(C)CO1","CC1CN(CC(=O)N2CCC(C(=O)N3CCCC3)CC2)C(C)CO1","CC1CN(CC(=O)N2CCC(C(=O)N3CCCC3)CC2)C(C)CO1"
m_d274b6,"Cn1nc2c(c1S(=O)(=O)N1CC(C(=O)O)C(C3CC3)C1)CCCC2","COc1ccccc1NCCC(=O)N1CCN(Cc2ccccc2)CC1","CCN(C)c1ccc(CNC(c2ccc3c(c2)OCCO3)C2CC2)cn1","O=C(Cc1ccc2c(c1)OCO2)NC1CCN(Cc2ccncc2)CC1","COc1ccc(OC)c(NC(=O)CCn2ncc(=O)c3ccccc32)c1","COc1cc2c(cc1OC)CN(c1ccc(C(=O)NC3CC3)cn1)CC2","O=C(c1ccn(C2CCCCC2)n1)N1CCOC(c2cccc(O)c2)C1","CC(C)n1cc(C2CN(C(=O)C3(O)CCSCC3)CC2CO)cn1","O=C(Nc1c[nH]nc1C1CCCN(Cc2ccccn2)C1)C1CCCC1","O=C(O)COc1cccc(CNC(=O)CC2OCCc3ccccc32)c1","CC(CNC(=O)c1cccc(OCC(N)=O)c1)N1CCc2ccccc21","COc1cccc(N2CC(C(=O)Nc3ccc(C(N)=O)cc3)CC2=O)c1","CC1(C)CC(NC(=O)c2c[nH]nc2C2CCOCC2)c2ccccc2O1","O=C(c1cn(C2CC2)nn1)N1CC(c2nc(C3CC3)n[nH]2)C(C2CC2)C1","COc1ccc(CNC(=O)CC2OCCc3ccccc32)cc1C(=O)O","Cn1ccnc1C1OCCCC1CNS(=O)(=O)c1cccc(F)c1","Cc1cccc(N2CCN(C(=O)c3cccc(OCC(N)=O)c3)CC2)c1","O=c1c(NCC2CCc3nc(C(F)(F)F)cn3C2)nccn1C1CC1","O=C(NCc1ccccc1OC1CCC1)c1cnn(CC(F)(F)F)c1","Cn1nc2c(c1S(=O)(=O)N1CC(C(=O)O)C(C3CC3)C1)CCCC2","Cn1nc2c(c1S(=O)(=O)N1CC(C(=O)O)C(C3CC3)C1)CCCC2","Cn1nc2c(c1S(=O)(=O)N1CC(C(=O)O)C(C3CC3)C1)CCCC2","Cn1nc2c(c1S(=O)(=O)N1CC(C(=O)O)C(C3CC3)C1)CCCC2","Cn1nc2c(c1S(=O)(=O)N1CC(C(=O)O)C(C3CC3)C1)CCCC2","Cn1nc2c(c1S(=O)(=O)N1CC(C(=O)O)C(C3CC3)C1)CCCC2"
m_d3998e,"O=C(O)C1COCCN1C(=O)c1ccc(-c2ccccc2)[nH]1","Cc1c(C(=O)NCC2CCCCC2O)cnc2ccccc12","Cc1cc(C(=O)NCC2CCN(C)C2)nn1-c1ccccc1","CC(C)(C)c1ncsc1C(=O)N1CCOC(C(=O)O)C1","Cn1cc(NC(=O)NCC2CCOC2c2ccccc2)cn1","Cc1ccc2c(CC(=O)N3CCCC(C(=O)O)C3)c[nH]c2c1","Cc1csc(C(=O)N2CC(NC(=O)C3CC3)C2)c1Cl","COCCn1ccc(NC(=O)c2cc3ccc(C)cc3[nH]2)n1","Cc1cc(C(=O)NCC2CCNCC2)nn1-c1ccccc1","COCC1(C(=O)O)CCCN1CC(=O)N1CCCCCC1","CC(C)c1cc(C(=O)N2CCC(F)(F)C(C)C2)cc(O)n1","COc1cc(C(=O)NCC2CNCCCO2)ccc1Cl","COc1cccc(C2(NC(=O)Nc3ccnnc3)CCC2)c1","Cn1nc(-c2ccccc2)cc1C(=O)NCC1CCNCC1","Cc1ccc(CNC(=O)c2n[nH]c3c2CC(C)OC3C)nc1","CC1C(=O)NCCN1C(=O)NCCN1CCOC(C)(C)C1","COCC1CN(C(=O)CN2CCCCC2=O)CC(C)(C)O1","CC(c1ccc(F)cc1F)N1CCN(CCC(=O)O)CC1","Cc1cccc2c1CCN2C(=O)C1CCC2CCCCC2N1","O=C(NC1CCN(Cc2nccn2C(F)F)CC1)C1CC1","OC(CNc1ccc(F)cn1)COc1ccc(F)c(F)c1","O=C(NC1CC(c2ccccc2F)C1)c1conc1C1CC1","COC1CC(CO)N(C(=O)c2cn(CCC(C)C)nn2)C1","CN1CCOC(CN(CC2CC2)C(=O)C2CCCCO2)C1","COC1CC(CN2CCCC2)N(C(=O)C2CCOCC2)C1"
m_d4c45b,"O=C(NCc1cccc(-c2ccccn2)c1)C1CC(O)CN1","CCOC(=O)NC(=O)CSc1ncnc2ccsc12","CNC(=O)C1(COC)CCCN1C(=O)C1CN(C(C)=O)C1","CCC(Oc1ccccc1F)C(=O)NC(C(=O)O)C(C)O","O=C(C1CCOCC1)N(CC1CCCO1)CC1CCCO1","O=C(O)C1CCCN(S(=O)(=O)CC2CC(F)(F)C2)C1","CC(C)(CC1CCOCC1)C(=O)N1CCCC(C(=O)O)C1","CC(C)C(NC(=O)C1COCCO1)c1ccccc1Cl","CCC(Oc1ccccc1F)C(=O)N1CCC(O)(CO)C1","Cc1cccc2[nH]c(CNC(=O)c3ccc(O)cc3F)nc12","C=CC(C)NS(=O)(=O)c1ccc(OC)c(CC(=O)O)c1","COCc1cccc(CNc2ncnc3c(F)cccc23)c1","CN(c1ccn(C)n1)S(=O)(=O)CC12CCC(CC1)CC2","CN(C(=O)c1cc(-c2cccc(C#N)c2)no1)C1CC(O)C1","CSC1(CNC(=O)Cc2ccccc2F)CCOCC1","OCCn1nc(-c2ccccc2)cc1NCc1ccsc1","Cc1nc2ccc(C(=O)N3CCCC3C(=O)O)cc2nc1C","COC1CC(c2ncn[nH]2)N(c2ncc(Cl)cc2F)C1","O=C(NCCc1nc2ccccc2[nH]1)c1c(O)cccc1F","Cc1nnc2c3ccccc3c(N3CCCC3C(=O)O)nn12","COCc1ncc(-c2noc(-c3cccc(C)c3)n2)c(N)n1","CCCN1CCC(NC(=O)N2CCC(OCC)CC2)CC1","O=C(O)C1(C(=O)N2CCC(OCC3CCCO3)CC2)CC1","CC1(C)CC(NC(=O)NCCC2CCCO2)CC(C)(C)N1","O=C(C1OCC2COCCC21)N1CCOCC12CCOC2"
m_d56a4e,"Cc1cncc(C(=O)N2CCCC(n3ccnn3)C2)c1","CC(C)(C#N)C(=O)NCCc1c[nH]c2cc(F)ccc12","COc1ccc(OC(=O)N(C)c2ccc(C)cc2)cc1","COc1ncccc1CNC(C(N)=O)c1ccccc1","CN(C)C(=O)c1ccc(CNc2cccc(CO)c2)[nH]1","Cc1ccc(NCc2nc(-c3cccs3)no2)cc1","CCc1cc2c(=O)n(Cc3ccccn3)cnc2s1","Nc1[nH]nc(C2CCCC2)c1-c1ccc2c(c1)OCO2","c1cn2nc(N3CCCC(N4CCCC4)C3)ccc2n1","O=C(CCn1cccn1)NCc1cccc(C(=O)O)c1","O=C(c1ccn2nnnc2c1)N1CCC1C(F)(F)F","CC(=O)Nc1cc(C(C)(C)C)nn1-c1cccc(C)c1","COc1ccccc1Cc1nnc2n1CCCCCC2","COc1ccccc1Cc1nnc2n1CC(C)(C)CC2","Cc1ccn(-c2ccc(NCC3C4COCC34)nn2)n1","Cc1nccc(C(=O)NC23CC4CC(CC(C4)C2)C3)n1","Cn1ccnc(N2CCN(c3ccccn3)CC2)c1=O","CCOC1CC(NCC(O)COC)C12CCCCC2","Cc1cccc2c(N3CCOC(C)(C)C3C)ncnc12","Cc1[nH]nc(C(F)F)c1NC(=O)CC1(O)CCCC1","COc1cccc(C(=O)Nc2[nH]nc(C3CC3)c2C)c1","COc1cccc(C(=O)NC2(CC(=O)O)CC2)c1","Cc1cc(NC(=O)c2ccc3c(c2)OCO3)nc(=O)[nH]1","Cc1cncc(C(=O)N2CCCC(n3ccnn3)C2)c1","Cc1cncc(C(=O)N2CCCC(n3ccnn3)C2)c1"
m_d6c1c0,"O=C(O)c1cccc(C(=O)NC2CCCOC2c2ccncc2)c1","Cc1[nH]nc2ncc(C(=O)N3CCCC(C(F)(F)F)C3C)cc12","Cc1ccc(OCC(=O)NCCc2nnc(-c3ccco3)[nH]2)cc1","O=C(NCCc1cccnc1)NC1CCCN(c2ncccn2)C1","Cn1cnc2c(c1=O)CCN(C(=O)c1cc3c(F)cccc3[nH]1)C2","COCc1cc(NC(=O)N2CCc3c(C)cc(C)cc3C2)ncn1","O=S(=O)(N1CCCCCC1)N1CCCC1c1ccc(F)cc1","CCC(CC)CN(CC)C(=O)Cc1ccc(S(N)(=O)=O)cc1","Cc1ccn2cc(CNC(=O)NCCc3ccc(F)cc3)nc2c1","Cc1c(C2C(C(=O)N3CCC(F)(F)C3)CC(=O)N2C)cnn1C","CC(C1CC1)N(C(=O)COc1cccc(-n2cncn2)c1)C1CC1","N#Cc1cc(F)ccc1CN1CCCC(c2noc(C3CC3)n2)C1","Cc1cnc(C)c(N2CC(c3nc(C(C)C)n[nH]3)C(C3CC3)C2)n1","O=C(Nc1cnc(C2CC2)nc1)NC1C2CCOC2C12CCCC2","Cc1cc(C)n(CC2CCCCN2C(C(N)=O)c2ccccc2)n1","CCCCS(=O)(=O)N1CCC(CNc2ncc(C)c(C)n2)C1","O=C(COc1cc(C(F)F)nc2ccc(Cl)cc12)NC1CC1","CC1CC2CCCCC2N1C(=O)c1ccc(-c2ccco2)[nH]c1=O","CC(NC(=O)N1CCCC(OCCO)C1)c1cccc(F)c1F","Cc1nc(C2CCCN(c3cc(C(C)C)nc4ncnn34)C2)n[nH]1","O=C(Cn1cccn1)N1CC(c2nc(C3CC3)n[nH]2)C(C2CC2)C1","Cc1c(C(=O)Nc2ccc(Oc3cccc(F)c3)nc2)cnn1C","Cc1cccc(OCC(=O)N2CCCN(c3cccnn3)CC2)c1","O=C(CN1CSCC1=O)Nc1cc2c(cc1Cl)OCCO2","O=C(O)c1cc(NC(=O)C2CCN(CC(F)F)CC2)ccc1O"
m_d74296,"COC(=O)C(NC(=O)CC(C)c1c[nH]c2ccccc12)c1ccc2c(c1)CCO2","CC(C)C(NC(=O)Cn1cnc(-c2ccccc2)n1)c1ccc2c(c1)OCCO2","CC1CN(c2ccc(CNC(=O)N3CC=C(c4ccccc4)CC3)cn2)CCO1","COCC1CN(C(=O)NCc2ccc(Oc3ccccc3F)c(F)c2)CCO1","CCN1C(=O)CCc2cc(NC(=O)C3(c4ccc(C)cc4)CCOCC3)ccc21","CC(CNC(=O)c1cnc2c(cnn2C)c1O)N1CCN(c2ccccc2)CC1","CC(C)C(=O)NCC1CCCN(C(=O)NCCNc2ncccn2)C1","O=C(Nc1cnn(CC(F)(F)F)c1)N1CCC(c2c[nH]c3ncccc23)CC1","O=C(NCc1nnc2ccccn12)c1ccccc1OCc1ccc(Cl)cc1","O=C1CCC2(C(=O)O)N1c1ccc(F)cc1-c1nc(=O)c(-c3ccccc3)nn12","CC(NCc1ccc(S(N)(=O)=O)c(Cl)c1)c1cccc(C(F)(F)F)c1","COc1ccc(C2C(C(=O)Nc3ccccn3)=C(C)Nc3ncnn32)cc1OC","Cc1nc2cc(F)ccc2cc1C(=O)N1CCC(CO)(Cc2ccccc2)CC1","COC(=O)C(NC(=O)CC(C)c1c[nH]c2ccccc12)c1ccc2c(c1)CCO2","COC(=O)C(NC(=O)CC(C)c1c[nH]c2ccccc12)c1ccc2c(c1)CCO2","COC(=O)C(NC(=O)CC(C)c1c[nH]c2ccccc12)c1ccc2c(c1)CCO2","COC(=O)C(NC(=O)CC(C)c1c[nH]c2ccccc12)c1ccc2c(c1)CCO2","COC(=O)C(NC(=O)CC(C)c1c[nH]c2ccccc12)c1ccc2c(c1)CCO2","COC(=O)C(NC(=O)CC(C)c1c[nH]c2ccccc12)c1ccc2c(c1)CCO2","COC(=O)C(NC(=O)CC(C)c1c[nH]c2ccccc12)c1ccc2c(c1)CCO2","COC(=O)C(NC(=O)CC(C)c1c[nH]c2ccccc12)c1ccc2c(c1)CCO2","COC(=O)C(NC(=O)CC(C)c1c[nH]c2ccccc12)c1ccc2c(c1)CCO2","COC(=O)C(NC(=O)CC(C)c1c[nH]c2ccccc12)c1ccc2c(c1)CCO2","COC(=O)C(NC(=O)CC(C)c1c[nH]c2ccccc12)c1ccc2c(c1)CCO2","COC(=O)C(NC(=O)CC(C)c1c[nH]c2ccccc12)c1ccc2c(c1)CCO2"
m_d7ad1b,"","","","","","","","","","","","","","","","","","","","","","","","",""
m_d7ecc5,"CCOC(=O)c1cc(NC(=O)C(CC)OC)c2ccccc2n1","COc1ccc(C#N)cc1CN1CCOCC1C1CCCC1O","CC[S+]([O-])C1CCCCC1NC(=O)N1CCCC(CO)C1","CCOC(=O)c1cc(NC(=O)COC(C)C)c2ccccc2n1","O=C(NCCc1cc(F)c(F)c(F)c1)N1CCCC(CO)C1","O=C(Nc1cc(F)cc(Cl)c1)c1cccc(-n2ccnn2)c1","O=C(O)CSCc1nc2c(cnn2-c2ccccc2)c(=O)[nH]1","Cc1nnc2n1CCN(C(=O)C1(c3ccc(Cl)cc3)CC1)C2","O=C1OCCN1c1cccc2c1CCN(CC1CCCOC1)C2","COCC1CC(OC)CN1C(=O)Cn1c(C)cc2ccccc21","Cc1cccc2c(CCC(=O)N3CCOC(C(=O)O)C3)c[nH]c12","CCOC(=O)c1cc(NC(=O)C(CC)OC)c2ccccc2n1","CCOC(=O)c1cc(NC(=O)C(CC)OC)c2ccccc2n1","CCOC(=O)c1cc(NC(=O)C(CC)OC)c2ccccc2n1","CCOC(=O)c1cc(NC(=O)C(CC)OC)c2ccccc2n1","CCOC(=O)c1cc(NC(=O)C(CC)OC)c2ccccc2n1","CCOC(=O)c1cc(NC(=O)C(CC)OC)c2ccccc2n1","CCOC(=O)c1cc(NC(=O)C(CC)OC)c2ccccc2n1","CCOC(=O)c1cc(NC(=O)C(CC)OC)c2ccccc2n1","CCOC(=O)c1cc(NC(=O)C(CC)OC)c2ccccc2n1","CCOC(=O)c1cc(NC(=O)C(CC)OC)c2ccccc2n1","CCOC(=O)c1cc(NC(=O)C(CC)OC)c2ccccc2n1","CCOC(=O)c1cc(NC(=O)C(CC)OC)c2ccccc2n1","CCOC(=O)c1cc(NC(=O)C(CC)OC)c2ccccc2n1","CCOC(=O)c1cc(NC(=O)C(CC)OC)c2ccccc2n1"
m_d86693,"C=CCN(C(=O)c1cc(C)ncn1)c1nc(-c2ccccc2)cs1","Cc1ccc(NC(=O)CN(C)C(=O)c2cnc3c(c2)nnn3C)cc1","Cc1ccc(-c2nc(CCNC(=O)NCc3ccccn3)co2)cc1","Cc1ccccc1C1CCN(C(=O)NC2CCS(=O)(=O)C2)CC1","CC(C)c1cccc2c1CCN(C(=O)N1CCS(=O)(=O)CC1)C2","CS(=O)(=O)CCCC(=O)N1CCN(CC2CC2)c2ccccc21","O=C(NC1CCS(=O)(=O)C1)N1CCC(Cc2ccccc2)CC1","CC(Nc1ncnc2c1cnn2C)c1cccc(N2CCCC2=O)c1","O=C(O)c1ccc(CNC(=O)C2CCCN2Cc2ccccc2)cc1","CC1CCN(C(=O)c2cnc3ccc(F)cc3c2)CCS1(=O)=O","CN1CCC(NC(=O)Nc2nc3ccccn3n2)C1c1ccccc1","CC(c1cccnc1)N(C)C(=O)Nc1cccc(OCC(F)F)n1","CN(C(=O)Nc1cnn(CC(F)(F)F)c1)C1CCc2ccccc21","CCC(CNC(=O)CN(C)c1ncnc2nc[nH]c12)c1ccccc1","CC1CN(C(=O)c2cnc3ccc(F)cc3c2)CCS(=O)(=O)C1","Nc1cc(CN2CCC3C(CCCN3Cc3ccccc3)C2)ccn1","Cc1nnc(C2CN(C(=O)Cc3csc(C(C)C)n3)CCO2)o1","O=C(NCc1cc2ccccc2s1)NC1(CCO)CC1","CC(C)c1cccc2c1CCN(Cc1cc(-c3cnn(C)c3)no1)C2","Cc1ccnc2nc(C(=O)Nc3ccc4c(c3)C(=O)N(C)C4=O)nn12","Cc1cc(C(=O)N2CCCCC2c2noc(C)n2)c2ccccc2n1","CC(C(=O)Nc1nn(C(C)(C)C)cc1C#N)c1ccc(Cl)s1","CC(C)=CC1C(C(=O)NCc2cccc(S(N)(=O)=O)c2)C1(C)C","CN(CCO)C(=O)NCc1ccc(Oc2ccccc2F)c(F)c1","Cn1cc(CNCC2CCCS2)c(-c2ccc(C#N)cc2)n1"
m_d90c36,"Fc1ccc2c(c1)OCCCC2NC1CC2(CCOCC2)C1","COc1ccc(CNC(=O)C2CCCC(C)C2)cc1C(=O)O","CC1CCN(Cc2cn(CC(=O)NCC3CCC3)nn2)CC1","CC1(CO)CCCN(Cc2c(C3CC3)nc3sccn23)C1","COc1c(C)cc(C(=O)N2CCOCC2CC(=O)O)cc1C","CCN(C(=O)c1cc(OC)c2c(c1)OCCO2)C1CCCC1","CC1CC(C(=O)Nc2cnc(N3CCNCC3)nc2)C(C)O1","CC(C)CC1CCCCN1C(=O)CCc1nc(C2CC2)no1","Cc1nn(C)c(C)c1CCC(=O)NCc1ccc(C(=O)O)o1","CC(C(=O)N1CCC(C(O)C(F)(F)F)CC1)n1cccn1","N#Cc1cc(Cl)ccc1N1CCC(CN2CCOCC2)C1","N#Cc1cnc(N2CCC(C3CCCOC3)CC2)c(Cl)c1","O=C(NCc1ccon1)N1CCCC1c1cccc(Cl)c1","Cc1nc(C(C)(C)NC(=O)c2cn(C)nc2C(C)(C)C)no1","CCc1ncnc(NCC2CCOC2c2ccnn2C)c1F","CN(C)c1ncncc1NC(=O)NCc1cc(F)ccc1F","Cc1noc(C)c1CN(C)C(=O)Nc1cnn(CC(C)C)c1","CCCCc1cc(NC(=O)c2[nH]nc(C3CC3)c2Cl)[nH]n1","CC(O)(CNC(=O)C1Cc2cc(F)ccc2O1)C(F)(F)F","COc1cc(C(=O)N(C)C2CCCCC2)cc2c1OCCO2","COC(=O)C(NC(=O)c1ccc(C)o1)c1ccc(F)c(C)c1","CCOC1CC(NC(=O)N(C)C(C)c2ccccn2)C1(C)C","CCCc1cc(C(=O)Nc2ccn(C(C)(C)C(=O)O)n2)[nH]n1","Cc1nn(C)cc1CC(=O)NC1COCC1Oc1cn[nH]c1","CC(Cc1ccccc1Cl)NC(=O)N1CCC(C#N)CC1"
m_daf5f1,"N#Cc1ccc(NCC2CCN(CCC(=O)N3CCOCC3)C2)nc1","CN(C(=O)NCc1ncnn1-c1ccccc1)C1CCC(C)(C)CC1","COc1cccc(OC)c1S(=O)(=O)N1C2CCC1C(C(=O)O)C2","NS(=O)(=O)c1ccc(C(=O)N2C3CCC2CC(=O)NC3)cc1F","O=C(CC1CCCCC1)NC1CCC(C(=O)Nc2ccncc2)CC1","O=C(CCc1nc2ccccc2c(=O)n1C1CC1)NCC1CCCO1","COC1(CNC(=O)N2CCn3c(nnc3-c3ccccc3)C2)CCC1","O=C1CCCN1CCc1nc(-c2ccc(N3CCCCC3)nc2)no1","Cc1ccc(NC(=O)Cc2nn(C)c(=O)c3ccccc23)cc1Cl","CC(C)C1(CNC(=O)Nc2cc(=O)n(C)cc2Br)CC1","CC1CCCC(C)N1C(=O)COc1cccc(Oc2ncccn2)c1","N#Cc1ccc(NCC2CCN(CCC(=O)N3CCOCC3)C2)nc1","N#Cc1ccc(NCC2CCN(CCC(=O)N3CCOCC3)C2)nc1","N#Cc1ccc(NCC2CCN(CCC(=O)N3CCOCC3)C2)nc1","N#Cc1ccc(NCC2CCN(CCC(=O)N3CCOCC3)C2)nc1","N#Cc1ccc(NCC2CCN(CCC(=O)N3CCOCC3)C2)nc1","N#Cc1ccc(NCC2CCN(CCC(=O)N3CCOCC3)C2)nc1","N#Cc1ccc(NCC2CCN(CCC(=O)N3CCOCC3)C2)nc1","N#Cc1ccc(NCC2CCN(CCC(=O)N3CCOCC3)C2)nc1","N#Cc1ccc(NCC2CCN(CCC(=O)N3CCOCC3)C2)nc1","N#Cc1ccc(NCC2CCN(CCC(=O)N3CCOCC3)C2)nc1","N#Cc1ccc(NCC2CCN(CCC(=O)N3CCOCC3)C2)nc1","N#Cc1ccc(NCC2CCN(CCC(=O)N3CCOCC3)C2)nc1","N#Cc1ccc(NCC2CCN(CCC(=O)N3CCOCC3)C2)nc1","N#Cc1ccc(NCC2CCN(CCC(=O)N3CCOCC3)C2)nc1"
m_db2018,"C=CCn1c(SCc2cnn(C)c2)nnc1-c1ccccn1","CN(Cc1ccc(O)cc1)C(=O)Cc1c[nH]c2ncccc12","Cc1cc(C)c(N2CCC(NC(=O)c3ccoc3)C2=O)c(C)c1","Cn1cc(CCC(=O)N2CC(C(N)=O)Cc3ccccc32)cn1","Cc1ccccc1C1CCN(C(=O)NCc2cnn(C)c2)CC1","Cc1cccc(C(C)(C)CNC(=O)NCc2ccnc(C)n2)c1","COc1ccccc1-c1noc(C(CC(C)C)n2ccnc2)n1","Cn1nccc1C1CCCN(c2cc(NCC3CC3)ncn2)C1","Cc1ccncc1N1CCN(C(=O)c2ccc(=O)n(C)c2)CC1","C=CCn1c(SCc2cnn(C)c2)nnc1-c1ccccn1","C=CCn1c(SCc2cnn(C)c2)nnc1-c1ccccn1","C=CCn1c(SCc2cnn(C)c2)nnc1-c1ccccn1","C=CCn1c(SCc2cnn(C)c2)nnc1-c1ccccn1","C=CCn1c(SCc2cnn(C)c2)nnc1-c1ccccn1","C=CCn1c(SCc2cnn(C)c2)nnc1-c1ccccn1","C=CCn1c(SCc2cnn(C)c2)nnc1-c1ccccn1","C=CCn1c(SCc2cnn(C)c2)nnc1-c1ccccn1","C=CCn1c(SCc2cnn(C)c2)nnc1-c1ccccn1","C=CCn1c(SCc2cnn(C)c2)nnc1-c1ccccn1","C=CCn1c(SCc2cnn(C)c2)nnc1-c1ccccn1","C=CCn1c(SCc2cnn(C)c2)nnc1-c1ccccn1","C=CCn1c(SCc2cnn(C)c2)nnc1-c1ccccn1","C=CCn1c(SCc2cnn(C)c2)nnc1-c1ccccn1","C=CCn1c(SCc2cnn(C)c2)nnc1-c1ccccn1","C=CCn1c(SCc2cnn(C)c2)nnc1-c1ccccn1"
m_db2c0e,"CC1CN(C(=O)CCc2ccsc2)CCN1S(C)(=O)=O","Cc1ccsc1CN(C)Cc1nc(N)c2c(C)c(C)oc2n1","CN1CCCC(C(=O)N(C)Cc2csc3ccccc23)C1=O","O=C(Nc1ccncc1F)N1CCN(c2ccccc2F)CC1","CNC(=O)c1cccc(NC(=O)c2cc(Cl)ccc2OC)c1","CCC1CN(C)CCCN1C(=O)Cc1ccc2[nH]c(=O)[nH]c2c1","Cc1ccc(C(=O)NCc2nc(-c3ccsc3)no2)c(=O)[nH]1","O=C(O)C1CCN(C(=O)Cc2cnn(-c3ccccc3)c2)C1","COc1ccc(Cl)cc1S(=O)(=O)N(C)Cc1nnc[nH]1","Cn1nc2c(c1NC(=O)CSCc1cccnc1)CCCC2","COC(=O)C1(CS(=O)(=O)N2CCN(C3CC3)CC2C)CC1","Cn1cc(C(=O)N2CCCC(n3ccnn3)C2)c(C(C)(C)C)n1","Cc1nc(O)ccc1C(=O)NC1CCOC1c1cn(C)nc1C","CCc1nnc(C23CCCC2CN(Cc2conc2CC)C3)o1","Cn1cnnc1CC1CCN(c2ncc(C#N)cc2Cl)CC1","Cc1cc(C(=O)Nc2cnn(-c3cccc(Cl)c3)c2C)no1","CCC(=O)N1CCN(S(=O)(=O)Cc2cccc(F)c2)CC1","Cc1cnc(CCNS(=O)(=O)Cc2cccc(F)c2)s1","CCC(NCC1CCCN1S(C)(=O)=O)c1ccccc1F","CCN1CCCN(S(=O)(=O)Cc2cccc(F)c2)C(C)C1","Nc1ccnc(CNC(=O)C2(c3cccc(F)c3)CCCC2)n1","Cc1[nH]ncc1C(=O)NCC1OCCN(C)C1c1ccccc1","CCS(=O)(=O)N1CCN(C(=O)Cc2ccccc2F)CC1","Nc1nccnc1C(=O)NCC1(c2ccc(F)cc2)CCCC1","Cc1oc2nc(CN(C)Cc3ccc(F)cc3)nc(N)c2c1C"
m_dbd1b2,"CN1CCCC2(CCN(S(=O)(=O)c3cc4ccccc4o3)C2)C1","CN(CC1OCCC1c1ncn[nH]1)C(=O)COc1ccccc1F","Cc1nnc2n1CC(C(=O)NCCOc1ncccc1F)N(C)C2","CC(C)c1nnc(C2CN(Cc3nnc(C(C)C)n3C)CCO2)o1","CCN(CC(C)C#N)C(=O)CN1CCOC(c2nncn2CC)C1","O=C(O)C1CC1C(=O)NC1CCCN(c2ccccc2Cl)C1=O","CN1CCN(CC2(C)CCN(C(=O)NCc3ccoc3)CC2)CC1","CC(=O)N1CCC(CNc2nc(C(F)F)nc3ccccc23)CC1","CC(C)(C)c1nc(CN2CCN(CCn3cncn3)CC2)cs1","CCn1nnc(C)c1CNC1CCOC1c1cnn(CCOC)c1","CC(C)n1cc(CNC(=O)C23CCCCC2NCC3)c(=O)[nH]c1=O","CC(=O)N1CCCC(C(=O)N2CC(Cc3ccccc3Cl)C2)C1","Cc1nc(C2CCCC2)sc1C(=O)NCc1ccc(C(=O)O)o1","O=C(O)C1CCN(C(=O)C2CC(=O)N(c3ccc(Cl)cc3)C2)C1","CC(=O)N1CCC(Nc2cc(F)ccc2OCC(F)(F)F)CC1","CC1OCCC1C(=O)N1CCC(C(=O)Nc2cccc(F)c2)CC1","COc1ccc2c(c1)C=C(C(=O)N1CCC(C(=O)O)CC1)CO2","CNC(=O)C1CCN(CCCc2nc(-c3cccs3)no2)CC1","CC(C)C(C(=O)Nc1ccc(F)cc1Cl)N1CCCC1=O","CN(C(=O)C1(C(=O)O)CC1)C1CCN(c2ccccc2Cl)C1=O","CCN1CCOC(CNC(=O)c2nonc2C)C1c1ccnn1C","CN(C(=O)NC1CS(=O)(=O)c2ccccc21)c1ccc(F)cc1","CC1CN(c2ccccc2F)CCN1C(=O)NC1CCN(C)CC1","CC1CCCC(NC(=O)CN2CCN(C(=O)c3ccon3)CC2)C1","Cc1ccc(Cl)c(OC(C)C(=O)Nc2nnc3n2CCCC3)c1"
m_dbd5d0,"CCn1cc(C(=O)NC2COCC2Oc2cn[nH]c2)c2ccccc21","Cc1nnc(C2CN(C(=O)c3cc4c(C)c(C)ccc4[nH]3)CCO2)o1","O=C(c1c[nH]c(=O)c2ccccc12)N1CCC(C(F)(F)F)C1CO","COc1cc(C(=O)NCc2cc3ccccc3n(C)c2=O)ccc1F","O=C(O)C1CC2CCCCC2N1C(=O)c1ccc(-c2ncn[nH]2)cc1","CCCOc1nc2ccccc2cc1C(=O)N1CCC2OCCC2C1","O=C(O)C1CC2CCCCC2N1C(=O)c1coc(-c2ccccc2)n1","CC(=O)NC(C)(C)c1noc(Cc2nc(-c3ccccc3)oc2C)n1","Cc1csc2nc(-c3cnc(OCC(F)(F)F)cn3)[nH]c(=O)c12","COc1cccc(-c2nc(C(=O)NC3CCNC(=O)CC3)c(C)[nH]2)c1","O=C1CC2(CCN(C(=O)NCc3ccnc(-n4cccn4)c3)C2)CN1","CC(C)Oc1ccc(F)cc1NC(=O)c1cc2ccccc2c(=O)[nH]1","CCc1nocc1CN(C)C(=O)c1ccc2[nH]c(=O)n(C3CC3)c2c1","COC(CNC(=O)NC1CCN(c2nccs2)CC1)C(C)(C)C","Cc1c(Br)cc(F)cc1C(=O)NC1(CC(N)=O)CCC1","Cc1nn(C)c2[nH]c(=O)c(CCC(=O)NCCc3ccco3)c(C)c12","Cn1cc(CC(=O)Nc2cnn(CC3CCCO3)c2)c2ccccc21","Cc1nc(C2CCCN(C(=O)Cc3c[nH]c4cccc(C)c34)C2)no1","O=C(NC1CC2CCC1O2)N1CCCC2(C=Cc3ccccc3O2)C1","Cn1ncc(NC(=O)CN2CCCCC(O)C2=O)c1-c1ccccc1","O=C(c1ccc(-c2ncn[nH]2)cc1)N1CCOCC1C1CCCC1O","CC1CC(NC(=O)c2cc(S(C)(=O)=O)ccc2F)CN1C1CC1","CC(c1ccccc1Cl)N(C)C(=O)c1cnn(-c2cccnc2)c1","O=C(Nc1cccc(C(=O)N2CCCCC2C(=O)O)c1)c1ccco1","Cc1cc(C(=O)NCC2(c3ccc(F)cc3)CCCC2)on1"
m_dc5eb2,"CC1CCC(C)(NC(=O)C(C)NC(=O)c2ccoc2)CC1","CCn1nc(C)c(NC(=O)N2CC=C(COC)CC2)c1C","Cn1cc(C2OCCCC2NC(=O)c2cscn2)cn1","CCC(CC)n1nccc1C(=O)N1CCCNC(=O)C1C","O=S(=O)(Nc1noc2ccccc12)c1ccccc1F","O=C(NC(C1CC1)C1CC1)N1CCOC2(CCCCC2)C1","CSCc1ccnc(NC(=O)c2ccccc2Cl)c1","CNC(=O)NC1CCN(CC(=O)Nc2cc(C)nn2C)C1","CCC1CN(C(=O)C(C)C)CCC1NCc1occc1C","CCn1nc(C)c(S(=O)(=O)Nc2cccnc2C)c1C","CCCc1nc(C)c(CNC(=O)N2CCC3CNCC32)o1","CCOc1cncc(NCC(=O)N(C)CC(F)(F)F)n1","CC(C)c1nn(C)cc1NC(=O)N(C)CC1CCCCC1","NC(=O)CCn1ccc(NC(=O)c2cccc(Cl)c2)n1","CC1CCC(C(N)=O)CN1c1nnc(C(F)(F)F)s1","COc1cc(CN(C)c2nc(C)cc(C(C)C)n2)sn1","CC1CCC(C)(NC(=O)C(C)NC(=O)c2ccoc2)CC1","CC1CCC(C)(NC(=O)C(C)NC(=O)c2ccoc2)CC1","CC1CCC(C)(NC(=O)C(C)NC(=O)c2ccoc2)CC1","CC1CCC(C)(NC(=O)C(C)NC(=O)c2ccoc2)CC1","CC1CCC(C)(NC(=O)C(C)NC(=O)c2ccoc2)CC1","CC1CCC(C)(NC(=O)C(C)NC(=O)c2ccoc2)CC1","CC1CCC(C)(NC(=O)C(C)NC(=O)c2ccoc2)CC1","CC1CCC(C)(NC(=O)C(C)NC(=O)c2ccoc2)CC1","CC1CCC(C)(NC(=O)C(C)NC(=O)c2ccoc2)CC1"
m_dc7be7,"CN(C(=O)c1cc(-c2cccnc2)on1)c1cc(-c2ccccc2)[nH]n1","O=C(O)CCN(C(=O)CC1CCOc2ccccc21)C1CCOCC1","CC(C)n1ncc2c(C(=O)Nc3nnc[nH]3)cc(-c3ccccc3)nc21","CCc1ccc(C(=O)N2CCC(C3CCC(C(N)=O)O3)CC2)c(C)n1","COC(=O)C1CCN(C(=O)Cn2ccc(-c3ccc(F)cc3)n2)CC1","Cn1cnc(S(=O)(=O)N2CCCC3(C=Cc4ccccc4O3)C2)c1","CCc1c(C(=O)Nc2ccc3c(c2)C(=O)NC3)cnn1-c1ccccn1","Nc1nc(COC(=O)c2cccc(Cl)c2Cl)nc2ccccc12","CNC(=O)C1(COC)CCCN1C(=O)c1ccc2c(c1)OCC(=O)N2","NC(=O)CC1(O)CCCN(C(=O)c2cccc(CN3CCCC3)c2)C1","Cn1nnc2c(N3CCCN(c4ccc(F)c(F)c4)CC3)ncnc21","Cc1ccc(C(C)C)c(OCC(=O)NC2CC(O)C23CCOCC3)c1","CSCCc1ccccc1NC(=O)C1Cn2c(C)nnc2CN1C","CCOC(=O)C(C)C(C)Nc1ccc2nnc(-c3ccsc3)n2n1","O=C(Cn1cc(C2CC2)nn1)N1CCCN(CC2CCCCC2)CC1","Cc1cccc([N+](=O)[O-])c1S(=O)(=O)N1CCCn2ncnc21","COc1ccc(C)cc1S(=O)(=O)NCC1CCOc2ccccc21","NC(=O)c1ncn(C2CCN(C(=O)c3c(O)cccc3F)CC2)c1N","Cc1cn2c(CCC(=O)N(CC(F)(F)F)C3CCC3)csc2n1","Cc1ccccc1S(=O)(=O)NC1CC(=O)N(C)C1c1cccnc1","O=C(NCc1ncc(-c2ccccc2)o1)c1ccc(-c2cnco2)cc1","CC(=O)Nc1cccc(CN2CCn3c(nnc3-c3ccccc3)C2)c1","O=C(O)CC1CN(C(=O)c2cc(F)ccc2Br)CCO1","O=C(O)CN(CCc1ccc(Cl)cc1Cl)C(=O)C1CCOC1","Cc1nc(COc2ccc(NC(=O)C3(C(=O)O)CC3(C)C)cc2)no1"
m_dd5487,"CCCn1c(C(=O)NC(C)c2cn(C)nc2C)cc2ccccc21","Cc1cc(NC(=O)C(C)[S+]([O-])Cc2ccc(C)c(F)c2)on1","O=C(NCc1cccc(N2CCCC2=O)c1)c1cc(C2CC2)[nH]n1","O=C(NCc1ccn2ccnc2c1)N1CCc2ccc(F)cc2C1","O=C(NC1CCc2nccn2C1)C1CC(=O)N(c2ccccc2)C1","Cc1cc(C)n(-c2ccc(CNC(=O)CCc3ccco3)cn2)n1","CC1(C)Cc2cc(NC(=O)c3cc(C4CC4)[nH]c(=O)c3)ccc2O1","Cn1cc(-c2cc(CN3CCc4ccccc4C3CO)on2)cn1","COc1ccccc1CC(=O)N1CCCCCC1c1ccncc1","Cc1ccc(-c2nc(CCNC(=O)C(C)n3ccnc3)co2)cc1","Cn1ncc2c(NC3CCN(c4ccccc4F)C3=O)ncnc21","CN1C(=O)CCC(NC(=O)NC2CC(C)(C)NC(C)(C)C2)C1=O","Cc1ccc(CCC2CCN(C(=O)c3ccc(O)nc3)CC2)cc1","CC(=O)Nc1ccc(S(=O)(=O)N2CCCCC2C(C)O)cc1","NS(=O)(=O)c1cc(C(=O)N2CCCC(c3ccn[nH]3)C2)co1","COc1ccc2c(c1)C(C(=O)NC(C)(C)c1ccc(C)nc1)CC2","CCC(=O)N1CCCC1C1CCCN1c1cnc2ccccc2n1","CN1C(=O)CC(CNc2ncnc3[nH]ncc23)C1c1cnn(C)c1","O=C(Nc1nc(Cc2ccccc2)cs1)C1CCOCC1","Cc1cnc(C)c(N2CC(c3nc(C(C)C)n[nH]3)C(C3CC3)C2)n1","Cc1[nH]c(=O)c(C#N)c(C)c1CCc1nc(-c2ccsc2)no1","Cc1ccc2nc(CN3CCCCC3c3nnc[nH]3)cc(=O)n2c1","CCS(=O)(=O)NC1CCCN(c2ncnc3c2cnn3C)C1","CC1COC(c2ccccc2)CN1Cc1cc(=O)n2nccc2[nH]1","O=c1cc(CN2CCCOC(c3ccccc3)C2)[nH]c2ccnn12"
m_de93b1,"CCCNC(=O)C1CCCN(C(=O)NC2CCc3cc(F)ccc32)C1","CNc1cc(N2CC(O)CC2CNC(=O)c2ccc(OC)cc2Cl)ncn1","CCC(NC(=O)c1sc(COc2ccc(F)cc2)nc1C)(C(N)=O)C(C)C","COc1cccc(C2C(C(=O)Nc3ccccc3OC)=C(C)Nc3ncnn32)c1","CN1CCN(C(=O)NCC2(c3ccc(Cl)cc3)CC2)CCC12CCOCC2","Cc1c(NC(=O)c2cc(Br)cnc2N(C)C)cnn1C1CCCC1","CNS(=O)(=O)c1ccc2c(c1)nc(-c1cnn(C(C)(C)C)c1)n2CCOC","CC(NC(=O)COCC1CCOC1)c1ccc(OC(F)(F)F)cc1","CCn1cc(C2CCN(C(=O)c3ncccc3OCc3ccncc3)CC2)cn1","CC(NC(=O)c1ccc(Cl)cc1)C(=O)N1CCC(N2CCCCC2=O)CC1","Cc1ccc(-n2nnc(C(=O)Nc3ccccc3N3CCC(O)CC3)c2C)cc1","Clc1ccc(-c2noc(CCN3CCC(OCC4CCCO4)CC3)n2)cc1","CCCNC(=O)C1CCCN(C(=O)NC2CCc3cc(F)ccc32)C1","CCCNC(=O)C1CCCN(C(=O)NC2CCc3cc(F)ccc32)C1","CCCNC(=O)C1CCCN(C(=O)NC2CCc3cc(F)ccc32)C1","CCCNC(=O)C1CCCN(C(=O)NC2CCc3cc(F)ccc32)C1","CCCNC(=O)C1CCCN(C(=O)NC2CCc3cc(F)ccc32)C1","CCCNC(=O)C1CCCN(C(=O)NC2CCc3cc(F)ccc32)C1","CCCNC(=O)C1CCCN(C(=O)NC2CCc3cc(F)ccc32)C1","CCCNC(=O)C1CCCN(C(=O)NC2CCc3cc(F)ccc32)C1","CCCNC(=O)C1CCCN(C(=O)NC2CCc3cc(F)ccc32)C1","CCCNC(=O)C1CCCN(C(=O)NC2CCc3cc(F)ccc32)C1","CCCNC(=O)C1CCCN(C(=O)NC2CCc3cc(F)ccc32)C1","CCCNC(=O)C1CCCN(C(=O)NC2CCc3cc(F)ccc32)C1","CCCNC(=O)C1CCCN(C(=O)NC2CCc3cc(F)ccc32)C1"
m_ded5eb,"O=C(O)C1CN(C(=O)Cc2ccccc2C(F)(F)F)CCO1","CCCC(C)(NC(=O)Cc1c(C)nn(C(F)F)c1C)C(=O)O","CCNC(=O)OCC1CCCCN1Cc1cccc2[nH]ccc12","COc1cccc(C(NC(=O)C2CCCO2)c2nccn2C)c1","Cc1noc(-c2ccccc2C(=O)N2CCCC(C(=O)O)C2)n1","OC1CCC(NC2CCCOc3cc4c(cc32)CCCC4)CC1","O=C(O)C1COCCN1C(=O)Cc1ccc(C(F)(F)F)cc1","CC1COCCN(C(=O)c2ccccc2Oc2cnn(C)c2)C1","O=C(NC1CCCC1CO)c1ccc(CCC(F)(F)F)cc1","CCC(C)(OC)c1nc(-c2ccc(C(F)(F)F)[nH]c2=O)no1","COC1CC(c2nc(C)n[nH]2)N(Cc2ccc(C#N)c(F)c2)C1","COCCn1c(NC(=O)C2CCC(O)CC2)nc2ccccc21","Cn1ccc2c(C(=O)NCC3(C(N)=O)CCOCC3)cccc21","CC1(C)CC(O)CCN(CCn2cnc3ccccc3c2=O)C1","O=C(NCC1(O)CCCCCC1)c1ccccc1C(F)(F)F","CC(C)C(=O)NC1CCCN(c2cc(C(F)(F)F)ccn2)C1","CCc1ccc(-c2noc(C3CC(=O)N(CCOC)C3)n2)cc1","COCc1nc(OC)cc(N2CCc3ccc(O)cc3CC2)n1","C=CCC(CC)NC(=O)NC(C)c1cccc(C#N)c1","CC(NC(=O)N1CCSCC1)c1ccc(-n2cncn2)cc1","O=C(O)C1CN(C(=O)Cc2ccccc2C(F)(F)F)CCO1","O=C(O)C1CN(C(=O)Cc2ccccc2C(F)(F)F)CCO1","O=C(O)C1CN(C(=O)Cc2ccccc2C(F)(F)F)CCO1","O=C(O)C1CN(C(=O)Cc2ccccc2C(F)(F)F)CCO1","O=C(O)C1CN(C(=O)Cc2ccccc2C(F)(F)F)CCO1"
m_e138be,"COC(=O)CNc1ccc(-n2nc(C)cc2C)c(F)c1","CCC1CN(c2nc(=O)c3cn[nH]c3[nH]2)CC(CC)O1","CCn1ccnc1C1CCCCN1C(=O)C1CCOC1","CCC(NC(=O)c1ccc2[nH]c(=O)n(C)c2c1)C(=O)O","CCOC(=O)C1CCCN(c2cc(C)nc(CC)n2)C1","COc1ccc(-c2noc(NCC(C)O)n2)cc1OC","Cn1nccc1C1CCN(C(=O)CC2CCOC2)CC1","COC(=O)c1ccc(CNC2CCCC2(C)CO)cc1","CC(C)(C)c1nsc(NC(=O)c2cccc(F)c2)n1","CCCCN(CC)C(=O)C(=O)NCCc1ccccn1","Cc1[nH]nc(C(=O)NC2CC(O)C23CCOCC3)c1C","O=C(Cn1cc(Cl)cn1)Nc1ccc2c(c1)OCO2","CN(Cc1ccncc1)C(=O)c1nccc2ccccc12","CCc1cccc(C(=O)N2CCOC(CN(C)C)C2)n1","COc1ccc(C(=O)NC2(C(=O)O)CCC2)c(OC)c1","CCc1cccc(OCCN2CCCC(C(=O)O)C2)c1","CCCOC1(CNC(=O)c2cnccn2)CCCCC1","COC(=O)C1CCN(C(=O)c2cc(C3CC3)[nH]n2)CC1","CCOc1ccc(CC(=O)N2CCC(C(=O)O)C2)cc1","CCc1c(C(=O)NC2CCNC23CCC3)nnn1CC","CC(C)c1ccc(C(=O)NC(C(N)=O)C(C)(C)C)cn1","CCNC(=O)CN1CCCC1c1ccc(N(C)C)nn1","CN(C)C(=O)CCN1CCN(c2ccccc2O)CC1","Cc1cc2c(cc1C)OC(C(=O)NCC(C)C(=O)O)C2","Cc1nonc1CN1CCOC(c2cccc(F)c2)C1"
m_e17598,"COc1ccccc1N1CCN(C(=O)c2cccn(C)c2=O)CC1","O=S1(=O)CCc2nnc(COc3ccc(Cl)cc3)n2CC1","COc1ncccc1C(=O)NCc1ccnc(OC2CCCC2)c1","O=C(CS(=O)(=O)C1CCCC1)Nc1cc(C(=O)O)ccc1F","COc1cc(C)c(S(=O)(=O)N2CCCC2C(=O)O)cc1OC","CC1CC1c1cc(NC(=O)CCC(=O)OC(C)(C)C)[nH]n1","Cc1cc(N2CC3CCCC3(c3nc(C(C)C)no3)C2)nc(C)n1","Cc1nc(C(=O)NC(CO)Cc2ccccc2)nn1-c1nnc[nH]1","Cc1ccc(F)c(N2CCCC(NC(=O)Cc3cccnc3)C2)c1","Cc1cc(C(=O)Nc2ccc(NC(=O)C3CC3)nc2)nn1C(C)C","Cc1c(F)cccc1NC(=O)c1cnn(-c2ccccc2F)c1C","COc1ccc(CCC(=O)N2CCOc3ccccc32)cc1OC","Cc1c(NC2CCN(C(=O)c3ccoc3)CC2)cccc1N(C)C","CCOc1cc(CNC(=O)C2CCn3ccnc3C2)ccc1OC","Cc1cc(C(=O)N2CCN(C(=O)c3ncccc3O)CC2)c(C)o1","O=C(NC1CCN(Cc2ccc(F)cc2)C1=O)c1cccc(=O)[nH]1","CCc1ccccc1NCCn1cnc2c1c(=O)n(C)c(=O)n2C","CCOc1cncc(N2CCC(n3c(C)nc4c3CCCC4)C2)n1","COc1ccccc1N1CCN(C(=O)c2cccn(C)c2=O)CC1","COc1ccccc1N1CCN(C(=O)c2cccn(C)c2=O)CC1","COc1ccccc1N1CCN(C(=O)c2cccn(C)c2=O)CC1","COc1ccccc1N1CCN(C(=O)c2cccn(C)c2=O)CC1","COc1ccccc1N1CCN(C(=O)c2cccn(C)c2=O)CC1","COc1ccccc1N1CCN(C(=O)c2cccn(C)c2=O)CC1","COc1ccccc1N1CCN(C(=O)c2cccn(C)c2=O)CC1"
m_e1bfd4,"CC(C1Cc2ccccc2O1)N(C)C(=O)c1c[nH]nn1","N#Cc1ccc(NC(=O)Cc2ccc(Cl)cc2)cc1","Cc1ccc(C)c(CC(=O)Nc2nncn2C2CC2)c1","Cc1cc(NS(=O)(=O)CCC2(C)CC2)c[nH]c1=O","CC(C)(O)C(O)CN1CCCC(C(=O)NC2CC2)C1","Cc1cc(N(C)Cc2ccc(C(N)=O)cc2)nc(C)n1","CC1CN(Cc2cn(CC(O)CO)nn2)CC(C)O1","CCc1cnccc1NC(=O)c1cc(C2CC2)n(C)n1","O=C(NCCc1ccccn1)C1CCCc2[nH]ncc21","O=C1CCc2cc(-c3csc(C4CC4)n3)ccc2N1","N#Cc1ccc(C(F)(F)F)c(NCC2CCOC2)c1","O=C(Nc1cc(C2CCCC2)[nH]n1)c1ccc(O)nc1","Cc1cc(C(=O)N2CC(CO)OC(C)(C)C2)ns1","Cn1c(=O)oc2c(C(=O)Nc3cnccn3)cccc21","CC(C1Cc2ccccc2O1)N(C)C(=O)c1c[nH]nn1","CC(C1Cc2ccccc2O1)N(C)C(=O)c1c[nH]nn1","CC(C1Cc2ccccc2O1)N(C)C(=O)c1c[nH]nn1","CC(C1Cc2ccccc2O1)N(C)C(=O)c1c[nH]nn1","CC(C1Cc2ccccc2O1)N(C)C(=O)c1c[nH]nn1","CC(C1Cc2ccccc2O1)N(C)C(=O)c1c[nH]nn1","CC(C1Cc2ccccc2O1)N(C)C(=O)c1c[nH]nn1","CC(C1Cc2ccccc2O1)N(C)C(=O)c1c[nH]nn1","CC(C1Cc2ccccc2O1)N(C)C(=O)c1c[nH]nn1","CC(C1Cc2ccccc2O1)N(C)C(=O)c1c[nH]nn1","CC(C1Cc2ccccc2O1)N(C)C(=O)c1c[nH]nn1"
m_e1d7ad,"Cc1cc(N2CCOC(CCF)C2)nc(C2CCC2)n1","COC1CC(CO)N(Cc2cccc3c2OCCO3)C1","c1cc(C2CCN(c3ncnc4[nH]ccc34)CC2)ccn1","c1ccc(N2CCN(c3nccc4occc34)CC2)cc1","CCn1nncc1C(=O)N1CCOC2CCN(C)CC21","CCn1nc(C)cc1C(=O)Nc1cc(C(=O)O)cs1","O=C(Nc1cc(CCc2ccccc2)n[nH]1)c1cc[nH]n1","Cc1ccc(NS(=O)(=O)c2cn(C)cn2)c(C)c1O","N#Cc1ccc(N2CCCN(c3cccnn3)CC2)cc1","CNC(=O)CN1CCC(NC(=O)c2c[nH]c(C)n2)CC1","CCc1nnc(CS(=O)(=O)c2ccc(C)cc2)n1C","CC(O)CN1CCN(C(=O)COc2cccnc2)CC1","COC1CCN(C(=O)c2csc(-c3nnc[nH]3)n2)C1","COc1cc(C)nc(NC2CC(O)C23CCOCC3)n1","CC(C)CN1CCN(C(=O)c2cnn(C)n2)C(C)C1=O","COc1cccc(NC(=O)N2CCC(C)(CO)CC2)n1","CC1(NC(=O)c2cccc(OCC(=O)O)c2)CCOC1","COCc1nc(OC)cc(N2CCOC3(CCC3)C2)n1","Cc1[nH]ncc1S(=O)(=O)N1CCOc2ccccc21","Cc1nc(C(=O)N2CCCC(C3CCOCC3)C2)no1","Cc1cc(C)c(C(=O)O)cc1NC(=O)C1COCCO1","CC1CC1c1nc(-c2ccnc(S(C)(=O)=O)c2)no1","CCC1OCCCC1C(=O)Nc1cc(C(N)=O)n(C)c1","CC(C)COc1cncc(N2CC3COCC(C2)O3)n1","Cc1cc(N2CCOC(CCF)C2)nc(C2CCC2)n1"
m_e1f9f4,"CN1CCC(NC(=O)c2cc(F)cc(Cl)c2O)C1=O","Cc1oc(-c2ccccc2)nc1CN1CCCC1C(=O)O","CCC(C)C(NC(=O)c1ccc2[nH]ccc2c1)C(=O)OC","O=C(O)CN(C(=O)c1coc(-c2ccccc2)n1)C1CC1","CC1CN(C(=O)c2cc3ccccc3c(=O)[nH]2)CC(C)O1","CCn1cc(C(=O)NC2(CO)CCCC2)c2ccccc21","CNCC1CCN(C(=O)c2c(Cl)cccc2Cl)C1","Cc1cccc(C2(C(=O)NCc3csc(C)n3)CC2)c1","CCC(O)CN1CCN(c2nncc3ccccc23)CC1","CN(CC1CC(O)C1)C(=O)CCc1ccc2[nH]ccc2c1","O=C(O)CC1COCCN1C(=O)c1cccc2[nH]ccc12","N#Cc1ccccc1CN1CCCC1C1COCCC1O","CN1C(=O)CCC1C(=O)NCC1(O)Cc2ccccc2C1","COc1cncc(S(=O)(=O)NC(C(=O)O)C(C)C)c1","COC(=O)c1cccc(-c2noc(-c3cc(C)[nH]n3)n2)c1","COc1cncc(-c2nc(-c3ccccc3OC)no2)n1","NC(=O)c1cc(-c2csc(C3CCCC3)n2)ccc1O","CNC(=O)c1cccc(COc2cccc(F)c2C#N)c1","Cc1ccoc1C(=O)N1CCN(C)CC1c1ccccc1","Cc1nc(C(=O)NCc2ccc(C(F)(F)F)cc2)co1","CN(Cc1ccc(C#N)cc1)Cc1nnc(C(C)(C)C)o1","O=C(NC1CC1)c1ccccc1NCc1cccc(F)c1","Cc1cc(C(=O)Nc2ccccc2CN2CCCC2)[nH]n1","CN1CCC(NC(=O)c2cc(F)cc(Cl)c2O)C1=O","CN1CCC(NC(=O)c2cc(F)cc(Cl)c2O)C1=O"
m_e2993b,"Clc1ccccc1CNc1ncnc2ccccc12","CCC(C(=O)O)N(C)C(=O)c1ccc(C)cc1Cl","CC(O)(CNc1ncccc1F)CN1CCOCC1","O=C(O)CC1COCCN1C(=O)CCC(F)(F)F","CC(C)(O)C(=O)N1CCCC(O)(C(F)(F)F)CC1","Cc1n[nH]c(C)c1CNC(=O)c1cc(C(F)F)[nH]n1","Cc1cccc(C(=O)Nc2cccc(CC(=O)O)c2)c1","CC1(C(=O)Nc2cccc(CC(=O)O)c2)CC1(F)F","C#Cc1cccc(NCc2c(CC)nn(C)c2OC)c1","O=C(O)C1CCCC(C(=O)NCc2ccsc2)C1","CC(Cc1cccs1)C(=O)N1CCC(C(=O)O)C1","C=CCN1CCC(NC(=O)NC(CO)C(C)C)CC1","CCC(C)(CC(=O)O)NC(=O)CCc1ccsc1","CC(C)NC(c1nc(C(C)C)no1)C1CCOCC1","CCCC1CN(C(=O)NCc2cnc(C)o2)CCO1","N#CCc1ccc(NCc2cnc(C3CC3)s2)cc1","O=C(O)CC1CCN(C(=O)Cc2ccsc2)CC1","O=C(O)C1CCCN1C(=O)COc1ccccc1F","COC(=O)C(C)N1CCN(Cc2cc(C)on2)CC1","COC(=O)CC(NC(=O)c1sccc1C)C1CC1","CC1CC(C(=O)Nc2ncc(C(N)=O)s2)CCO1","Cc1ccc(C(=O)NCC(C)(O)C(=O)O)c(Cl)c1","Cn1ccc(NC(=O)CCNC(=O)NC2CCCCC2)n1","CC(C)c1cc(C(=O)Nc2ccc(Cl)cc2O)n(C)n1","O=C(CCC1CCCC1)N1CCC(O)(C(=O)O)CC1"
m_e3b936,"CC(C)(C)C1NC(=O)CCC1NC(=O)c1cnc(-c2ccccn2)s1","Cn1nnc2cc(C(=O)N3CCNC(=O)C3CC3CCCCC3)cnc21","CCn1cc(OC2COCC2NC(=O)c2cncc3ncn(C)c23)cn1","Cc1cc(-c2nnn(CC(O)COc3c(C)cccc3C)n2)ccc1F","CCOC1CC(NC(=O)c2ncoc2C(F)(F)F)C1(CC)CC","CC(C)N(C(=O)CCN1C(=O)COc2ccccc21)c1ccc(F)cc1","CC(C)Cc1ccccc1-c1nc(-c2ccc(S(C)(=O)=O)cc2)no1","NC(=O)c1cn[nH]c1C1CCCCN1C(=O)CC=Cc1cccc(F)c1","CC(C)c1nc(C(=O)NCC(C(=O)O)c2ccccc2)cs1","O=C(NC1COc2ccccc2C1)N1CC2(CCC2)C1C1CCOCC1","COC1CN(C(=O)C(C)(C)c2ccc3c(c2)OCO3)CC1c1c[nH]nn1","Cc1nc(NCC2CC(c3nncn3C)CC2O)cc(C(F)(F)F)n1","CC(C)c1nnnn1CC(=O)NC1CCN(CCc2ccccc2)CC1","CN(C)C(=O)C1CCC(C2CCN(c3nc4ccccc4n3C)CC2)O1","O=C(NC1CC1C(F)(F)F)c1csc(-c2ccc3c(c2)OCO3)n1","CCn1cc(OC2COCC2NC(=O)c2cccc3oc(C)nc23)cn1","CCn1cc(OC2COCC2NC(=O)c2cn3nccc3nc2C)cn1","CC(NCC1CCC(=O)N(C)C1c1nccn1C)c1cccc(CO)c1","CC1Cc2c(nn(C)c2C(=O)N(C)Cc2nnc3ccccn23)C(C)O1","CC(C)n1ncc2cc(CNC3CCCOC3c3nccn3C)cnc21","CCc1ccc(C(=O)N2CCN(C(=O)c3ccnn3C(C)C)CC2)cc1","OCC1CN(c2cc(-c3ccccc3)nc3ncnn23)CCN1","COc1cc(C(=O)N2CCCC2C(=O)O)cc(Cl)c1OCC(N)=O","COCc1nc(C(=O)Nc2nc3ccccc3n2C2CCCC2)cs1","CN(C)CC1(c2nc(-c3ccc(Oc4ccc(F)cc4)nc3)no2)CC1"
m_e44302,"O=C(c1cccc(Cl)c1)N1CC(S(=O)(=O)NCc2cccnc2)C1","O=C(CN1CCCCCC1=O)NCCc1nc(C2CCCCC2)cs1","CC(C)C(=O)Nc1nc(CC(=O)N2CCc3c(Cl)cccc32)cs1","CN(C)C1CCN(CCNC(=O)Nc2ncn(C3CCCCC3)n2)CC1","CC(CC(=O)O)C1CCCN(S(=O)(=O)c2ccc(F)c(F)c2F)C1","CC(C)N1CCC(NC(=O)CN2CCC(C(F)(F)F)C(C)(C)C2)CC1","CC(C(=O)N(C)CC(=O)NC(CC(N)=O)C1CCCCC1)n1cccn1","Cn1nccc1C1=CC2CCC(C1)N2c1ccc2nnc(C(C)(C)C)n2n1","O=C(CCN1C(=O)CCC1=O)Nc1cc(N2CCCC2=O)ccc1Cl","Cc1cc(NC(=O)C2CCOC2c2cnn(-c3ccccc3)c2)ccc1O","Cc1nnc(CN(C)CC2CC(F)CN2Cc2cccs2)n1C1CC1","O=C(c1c[nH]c2ncc(Br)cc12)N1CCOCC12CCCC2","O=C(CCCc1nc2ccccc2c(=O)[nH]1)N1CCc2ccc(F)cc2C1","O=C(CCn1cnc2ccccc21)N(Cc1ccccc1)CC1CCCO1","CC1CC(C)C(C(=O)Nc2cc(-c3ccc(Cl)cc3)nn2CCO)O1","CCCn1c(CO)nnc1S(=O)(=O)Cc1ccccc1C(F)(F)F","O=C(Nc1cnn(-c2ncccn2)c1)C1CCCN1C(=O)c1ccccn1","NS(=O)(=O)N1CCC(C(=O)N2CCCC(c3ccccc3)CC2)CC1","Cc1n[nH]c(C(=O)N2CCOC(c3cccc(O)c3)C2)c1Br","CCCn1c(O)nnc1S(=O)(=O)Cc1c(C)cc(C(C)(C)C)cc1C","COc1ccc(Br)cc1S(=O)(=O)NC1CC(C(=O)O)C1","NS(=O)(=O)CC1CCN(C(=O)NCC2CCCc3ccccc32)CC1","O=C(NCc1nc2ccccc2[nH]1)c1ccoc1Br","COc1ccc(S(=O)(=O)N2CC(C)OC(C)C2)cc1Br","CC1CCN(S(=O)(=O)NC(Cc2c[nH]c3ccccc23)C(=O)O)CC1"
m_e4865d,"CCN(CC)CC(=O)NCC1(C)CCCCC1O","CC1CC(=O)NCCN1c1cnc2ccccc2n1","COC1CC(CO)N(CC(=O)NC2CCCC2)C1","COC(=O)CCCNC(=O)N(C)C1CCCCC1","CCN1CCOCC1C(=O)NCC1(CCO)CC1","COC1CCN(C(=O)c2ccnc3ccccc23)C1","CCN(CC)CC(=O)NCC1(C)CCCCC1O","CCN(CC)CC(=O)NCC1(C)CCCCC1O","CCN(CC)CC(=O)NCC1(C)CCCCC1O","CCN(CC)CC(=O)NCC1(C)CCCCC1O","CCN(CC)CC(=O)NCC1(C)CCCCC1O","CCN(CC)CC(=O)NCC1(C)CCCCC1O","CCN(CC)CC(=O)NCC1(C)CCCCC1O","CCN(CC)CC(=O)NCC1(C)CCCCC1O","CCN(CC)CC(=O)NCC1(C)CCCCC1O","CCN(CC)CC(=O)NCC1(C)CCCCC1O","CCN(CC)CC(=O)NCC1(C)CCCCC1O","CCN(CC)CC(=O)NCC1(C)CCCCC1O","CCN(CC)CC(=O)NCC1(C)CCCCC1O","CCN(CC)CC(=O)NCC1(C)CCCCC1O","CCN(CC)CC(=O)NCC1(C)CCCCC1O","CCN(CC)CC(=O)NCC1(C)CCCCC1O","CCN(CC)CC(=O)NCC1(C)CCCCC1O","CCN(CC)CC(=O)NCC1(C)CCCCC1O","CCN(CC)CC(=O)NCC1(C)CCCCC1O"
m_e5050e,"CCCOc1cccc(CC(=O)N2CCC(CN3CCOC3=O)C2)c1","Cc1nc2n(c1CN1CCN(C(=O)C3OCCC3C)CC1)CCCC2","O=C(NCc1ccn(C2CCCC2)n1)N1CCC(C2CCCO2)CC1","COC1CC(C(=O)N2CCCC2)N(Cc2ccn(C3CCCC3)n2)C1","CC(C)(C)C1CC(NC(=O)CCc2nc3c(F)cccc3[nH]2)C(=O)N1","Cc1ccc(S(=O)(=O)NCCc2nnc(-c3ccco3)[nH]2)cc1C","Cc1ccc(C)c(S(=O)(=O)NCCc2nnc(-c3ccco3)[nH]2)c1","C=C(C)CN(C)C(=O)NCC1(c2cc(C)ccc2OC)CCOCC1","COc1cc(Cl)c(S(=O)(=O)N2CC3CNCC3C2)cc1OC","CC1COC(c2ccccc2)CN1Cc1cc(=O)n2nccc2[nH]1","Cc1ccncc1N1CCN(C(=O)Cc2c[nH]c3c(C)cccc23)CC1","COc1ccc(C2CCN(c3cc(C)nc(-c4ccncc4)n3)C2)cc1","COC(=O)N1CCCC(C(=O)Nc2ccc(N3CCCCC3)nc2)C1","CCSc1ccc(NC(=O)N2CCCC(N3CCCC3=O)C2)cn1","COc1ccc(Cl)cc1C(=O)N1CCCC(CS(N)(=O)=O)C1","O=C(Nc1ccc2oc(=O)[nH]c2c1)c1cc(F)ccc1-c1ccccc1","O=C(O)CN1CCCCC(N2CCN(Cc3cccnc3)CC2)C1=O","Cc1ccccc1N(CC(=O)N(C)C1CCCC1)S(C)(=O)=O","CC(C)(C)C(=O)N1CCOc2ccc(NC(=O)C3CCOCC3)cc21","CCc1cc(C(=O)N2CCC(C3CCC(C(N)=O)O3)CC2)c(C)nn1","CCOc1cccc(C(=O)Nc2cc(C(=O)N(C)C)ccc2Cl)c1","Cc1cccnc1NC(=O)c1cnn(-c2ccc(Cl)cc2Cl)c1","O=C(O)COCC(=O)N1CCN(c2ccc(Cl)cc2Cl)CC1","O=C(NC1CCOCC1)N1CCC(n2ccc(C(F)(F)F)n2)CC1","Cc1ccc2cc(Cl)cc(C(=O)N3CC(C(=O)O)CCC3C)c2n1"
m_e58af8,"CC(C)n1ncc2c(=O)n(Cc3ccnc(N(C)C)c3)cnc21","COc1ccc(F)cc1CC(=O)N1CC(OC)CC1c1ncn[nH]1","N#Cc1cccnc1NCCNS(=O)(=O)Cc1ccccc1F","O=C(NCC(F)(F)F)N(Cc1cccc(F)c1)CC1CCCO1","CCn1nccc1CN(C)CC(=O)NCCc1ccc(Cl)cc1","Cc1ccoc1C(=O)N1CCN(S(=O)(=O)c2ccccc2)CC1","CCOC1CCN(C(=O)NC(c2ccc(F)cc2)C2CCC2)CC1","CCn1cc(CNCC2CC(c3nn(C)c(=O)n3C)CC2O)cn1","Cc1nn(C)cc1CNc1cccc(C(=O)N(C)c2ccccc2)c1","Cc1nc(NS(=O)(=O)Cc2ccccc2C(F)(F)F)n(C)n1","CC(C)CC(C)(NC(=O)c1cc(C(F)(F)F)ccc1F)C(N)=O","CC(NC(=O)N1CCC(O)(C(F)F)CC1)c1ccc(F)cc1F","O=C(NC1CCCCCCC1)N1CCC(c2cc(=O)[nH]c(=O)[nH]2)C1","COC1CN(c2nc(C)c(C#N)cc2Cl)CC1c1cn(C)nn1","COC1CC(c2ncc[nH]2)N(CC(=O)N(C2CCCC2)C2CC2)C1","O=C(NC1C2CCC(C2)C1CO)C1CCN(CC(F)(F)F)CC1","CN(CC1CC(F)CN1c1cccnn1)C(=O)CCc1ccco1","O=C(O)C1CN(C(=O)c2ncccc2OCC(F)(F)F)CCO1","CN1CCOC(CNS(=O)(=O)Cc2ccc(C(F)F)cc2)C1","COc1ccc(C=Cc2nc(C)c(CCC(=O)O)c(=O)[nH]2)cc1F","Cc1cc(F)cc(C(=O)NCCNC(=O)Cc2ccc(F)cc2)c1","O=C(NCCOc1ccccc1C(F)(F)F)NCC1CCOC1","CC(C)Oc1cc(N2CCCC(O)(Cc3nncn3C)C2)ncn1","CC(C)n1ncc2c(=O)n(Cc3ccnc(N(C)C)c3)cnc21","CC(C)n1ncc2c(=O)n(Cc3ccnc(N(C)C)c3)cnc21"
m_e5b5fa,"CC1(C)CCC(NC(=O)c2ccc3nnnn3c2)CC1","COc1ccccc1NC(=O)COc1ccccc1O","Cc1ncc(C(=O)NCc2cnn(C)c2)c(C(C)C)n1","O=C(c1ccc(=O)[nH]n1)N(Cc1cccs1)C1CC1","CCn1cc(C2OCCC2CNc2cnccn2)cn1","CCOc1cc(N2CCCC(c3ncc[nH]3)C2)ncn1","N#Cc1ncn(CC(=O)NC2CC2C2CCCCC2)n1","COCc1nc(C)cc(N(C)Cc2ccc(N)nc2)n1","C=C(C)CN(C)S(=O)(=O)c1ccc(F)c(OC)c1","Cc1c(S(=O)(=O)N2CCCC2C(=O)O)cnn1C","Cc1cc(Nc2cnn(CC(C)C)c2C(C)C)ncn1","COc1ccc(NC(=O)CCn2nc(C)cc2C)cc1","CCc1nn(C)cc1C(=O)NC(CO)c1ccccc1","CC1(C)CCC(NC(=O)c2ccc3nnnn3c2)CC1","CC1(C)CCC(NC(=O)c2ccc3nnnn3c2)CC1","CC1(C)CCC(NC(=O)c2ccc3nnnn3c2)CC1","CC1(C)CCC(NC(=O)c2ccc3nnnn3c2)CC1","CC1(C)CCC(NC(=O)c2ccc3nnnn3c2)CC1","CC1(C)CCC(NC(=O)c2ccc3nnnn3c2)CC1","CC1(C)CCC(NC(=O)c2ccc3nnnn3c2)CC1","CC1(C)CCC(NC(=O)c2ccc3nnnn3c2)CC1","CC1(C)CCC(NC(=O)c2ccc3nnnn3c2)CC1","CC1(C)CCC(NC(=O)c2ccc3nnnn3c2)CC1","CC1(C)CCC(NC(=O)c2ccc3nnnn3c2)CC1","CC1(C)CCC(NC(=O)c2ccc3nnnn3c2)CC1"
m_e6b2c8,"Fc1ccc(CN2CCCN(Cc3nc(C4CC4)no3)CC2)cc1","CCc1cc(C(=O)NC2CCN(Cc3ccc(F)cc3)CC2)[nH]n1","NC(=O)c1ccc(C(=O)NC(c2ccc(F)cc2)C2CCCC2)o1","CC(C(=O)NCCc1cccs1)N1CCCC(c2ccn[nH]2)C1","CCn1nc(C)cc1C(=O)N1CCN(c2cccc(F)c2)CC1C","O=C(Cc1noc(C23CCC2CNC3)n1)NCc1cccc(F)c1","CN(Cc1cnn(C)c1)C(=O)NC(c1ccc(F)cc1)C1CCC1","CCOc1cc(C)nc(N2CCN(C(=O)c3cn[nH]c3C)CC2)n1","Cc1nc(C2CCCCN2C(=O)c2cc(C)n(C(C)(C)C)n2)n[nH]1","Cc1ccc(F)cc1S(=O)(=O)NCC1(C(N)=O)CCOCC1","CCCc1occc1C(=O)N1CCCCC1c1n[nH]c(C(C)C)n1","O=C(Cc1ccc2c(c1)CCO2)NCCNC(=O)CC1CCCC1","CC(C)N(CCCNC(=O)Cc1ccc(F)cc1)S(C)(=O)=O","CC(C)n1cc(S(=O)(=O)Nc2ncn(-c3ccccc3)n2)cn1","COc1ccc(-n2ccnc2SC(C)c2nnnn2C)c(C)c1","CC1CCCC(C)N(C(=O)c2cccc(OCC(F)(F)F)n2)C1","CN(C)c1cc(NC2COCCC2NC(=O)c2ccc[nH]2)ncn1","CC(Cc1ccccc1F)NC(=O)N1CCCCC1c1cn[nH]c1","Cc1ccc(F)cc1C(=O)NC1CC(=O)N(C)C1c1ccnn1C","Cc1noc(C2CN(CC3CC3c3ccc(F)cc3)CCN2C)n1","COc1cc2c(cc1OC)CN(C(=O)NCc1ccnn1C)CC2","O=C1CC(C(=O)N2CCCC3CCCCC32)c2ccc(F)cc2N1","CS(=O)(=O)N1CCCN(C(=O)C2CCCC(C(=O)O)C2)CC1","CCn1ncc(C#N)c1NS(=O)(=O)Cc1ccccc1F","CC(C)(Oc1ccc(F)cc1)C(=O)N1CCC(C(N)=O)CC1"
m_e6bed4,"Cn1ccc2ccc(NC(=O)c3cnn4ccccc34)cc21","CC(NC(=O)c1ccc(C#N)cc1)c1nc2ccccc2[nH]1","Cc1cccc2c1OCCC2NC(=O)N1CCCC1CO","CCC(NCc1cccc(C(=O)N(C)C)c1)C1CCCO1","Cc1cccc(C(=O)NCCC(=O)N2CCOC(C)C2)c1","Cc1cc(C)c(S(=O)(=O)NCc2ccccn2)cc1C","CCOc1ccc(NC(=O)Nc2c(C)noc2CC)cn1","Cc1cc(C)cc(CNC(=O)NCC2CCCC(C)O2)c1","Cc1ccnc(NS(=O)(=O)c2ccc(C)c(C)c2C)c1","Cc1cccc(C(C)(C)CNC(=O)N(C)C2CCOC2)c1","CCCC(C)(CO)NC(=O)c1cc2cc(OC)ccc2[nH]1","COC(=O)c1ccc(C(=O)N2CCN(C(C)=O)CC2)cc1","CCC(Cc1ccc(C)cc1)NC(=O)CN1CCOCC1","CCn1cnnc1CNC(=O)C(C)(C)c1ccc(F)cc1","Nc1ncc(Cl)cc1S(=O)(=O)N1CCCNCC1","O=C(NCCC1CC(F)(F)C1)c1ccnc2ccccc12","COC1CC(c2ncc[nH]2)N(Cc2ccncc2Cl)C1","Cc1cccc(OCC(O)CNC(=O)c2cc(C)on2)c1","CCc1nnc(SC(Cc2ccccc2)C(=O)NC)[nH]1","Cn1ccc2ccc(NC(=O)c3cnn4ccccc34)cc21","Cn1ccc2ccc(NC(=O)c3cnn4ccccc34)cc21","Cn1ccc2ccc(NC(=O)c3cnn4ccccc34)cc21","Cn1ccc2ccc(NC(=O)c3cnn4ccccc34)cc21","Cn1ccc2ccc(NC(=O)c3cnn4ccccc34)cc21","Cn1ccc2ccc(NC(=O)c3cnn4ccccc34)cc21"
m_e73d71,"CCCNC(=O)c1cccc(C(=O)Nc2cccc3cn[nH]c23)c1","O=C(CCN1CCCCC1C1(O)CC1)Nc1ccccc1Cl","COC1CC(c2ncn[nH]2)N(C(=O)c2ccc(F)c(Cl)c2)C1","CNC(=O)CSc1nc2ccccc2c2nc3ccccc3n12","C=CCn1c(SC2CC(C)OC2=O)nc2ccsc2c1=O","CC(C)CCC(=O)NC(c1cccnc1)c1cc2ccccc2o1","Cc1csc(=O)n1CCC(=O)Nc1cc(C(C)(C)C)nn1C","CC(C)NC(=O)CN(C)c1nnc(Cc2ccc(F)cc2)s1","CN(C)CC1CCCN1c1cc(-c2ccccc2)nc2ncnn12","Cc1ccc2nc3c(c(C(=O)Nc4nncs4)c2c1)CCCC3","COC(C(=O)Nc1ccc(-c2nc(C)n[nH]2)cc1)c1ccccc1","CCn1ccnc1SCc1csc(N(C(C)=O)C2CC2)n1","Cn1ccnc1C1OCCC1CNS(=O)(=O)c1cccnc1","COCc1nc(C)cc(N2CCCC(O)(CC(=O)N(C)C)C2)n1","CCN(C)Cc1cccc(CNc2nc3ccccc3c(=O)[nH]2)c1","COc1ccc(CC(=O)N2CCC(N3CCOCC3)C2)cc1F","c1ccc(Oc2ccc(OCc3noc4c3CCCC4)cc2)nc1","CC(Sc1nnc(C2CC2)n1C1CC1)C(=O)N1CCOCC1","CC(C)c1nc(C=Cc2cn(C)nc2C(F)F)ncc1C(=O)O","CCC1CN(c2ccc(-c3ccc(Cl)s3)nn2)CCC1N","CN1CC2CCC(CC1=O)N2C(=O)c1[nH]nc(C2CC2)c1Cl","CNC(=O)CC1(O)CCCN(c2c(C#N)cnc3ccccc23)C1","CNC(=O)CC1(O)CCCN(c2ncc(Cl)c(C)c2C#N)C1","COc1ccc(C(=O)NCc2cccc(C)n2)c(OC(F)F)c1","O=c1[nH]c(COc2ccc(F)cc2)nc2cc(F)c(Cl)cc12"
m_e77f56,"O=C(O)C1CCCN(C(=O)CCCOc2ccccc2Cl)C1","COC1CCN(C2CCCC2N(C)C(=O)CN2CCOCC2)C1","CC(NC(=O)NCC(O)C1CC1)c1ccc(-c2ccncc2)cc1","CC(C)c1ncc(Br)c(C(=O)NC2C3COCC32)n1","CN(C(=O)Cn1ncn(C)c1=O)c1cc(Br)ccn1","Cc1csc(CNC(=O)c2cccc(Nc3ncccn3)c2)n1","OCCN1CCN(c2nc(-c3ccncc3)nc3c2CCC3)CC1","CNCC1CCCN(C(=O)Cc2c(C)nc3ccccc3c2C)C1","CCc1nn(C)cc1C=Cc1cc(C(=O)O)c2ccc(F)cc2n1","CN(Cc1nc(=O)[nH][nH]1)CC1CC(F)CN1Cc1cccs1","CCCNC(=O)c1cccc(C(=O)N(c2cccnc2)C(C)C)c1","O=C(NCc1ccnc(OCC(F)(F)F)c1)c1cccnc1O","COCC1(C(N)=O)CCCN1Cc1cccc2[nH]ccc12","CC(C(=O)NC1CC1)N1CCN(c2ccnc3ccncc23)CC1","CNC(=O)C12CCOCC1CN(c1nc3ccccn3c1C#N)C2","Cc1nc(C2CN(c3ncc(Br)cn3)CCO2)no1","Brc1cnc(Sc2nnc3n2CCCCC3)nc1","CCC(C)NC(=O)c1ccc(Nc2ncnc3onc(C)c23)cc1","CC1(C(=O)N2CCOc3cc(Br)ccc32)CCCO1","Cc1nc(N2CCCC(CC(N)=O)CC2)ccc1Br","CCC(CC)(CC(=O)O)NC(=O)C1CCN(C(=O)N(C)C)CC1","CC(=O)N1CC(C(=O)Nc2c(C(C)C)c(C)nc3ccccc23)C1","O=C(O)C1CCCN(C(=O)CCCOc2ccccc2Cl)C1","O=C(O)C1CCCN(C(=O)CCCOc2ccccc2Cl)C1","O=C(O)C1CCCN(C(=O)CCCOc2ccccc2Cl)C1"
m_e7af25,"CSC1(CNC(=O)N2C(C)CC3CCCCC32)CCOCC1","COc1ccccc1C(NC(=O)Nc1cn[nH]c1)c1noc(C)n1","COCc1cc(NC(=O)N2CCc3c(C)cc(C)cc3C2)ncn1","CS(=O)(=O)N1CCCC1C(=O)N1CCCC1Cn1cccn1","CN(C)C(=O)c1cc(NC(=O)NC(C)(C)c2ccccc2)ccn1","CC(Oc1ccc(Br)cc1)C(=O)N1CCC(CN)C1","COc1cc(OC)cc(C(=O)N2CCC(Nc3ccccc3)C2)c1","CCN(CC)S(=O)(=O)N1CCC(Nc2cccc(C)n2)CC1","CCCCS(=O)(=O)N1CCC(CNc2ncc(C)c(C)n2)C1","Cc1cccc(CC(=O)NC2CCC(=O)NC2c2cncn2C)c1","Cn1ccc(C(=O)NCc2ccccc2OC2CCCC2)cc1=O","COCCc1ccc(S(=O)(=O)N2CCNC(=O)CC2C)cc1","CC1(C)CN(C(=O)NCc2nc(C3CC3)no2)C1c1ccccc1","O=C(c1cc(Cl)cc(Cl)c1)N1CCN(C(=O)C2CC2)CC1","CC(C1CC1)N(C(=O)COc1cccc(-n2cncn2)c1)C1CC1","O=C(Cn1cccn1)N1CC(c2nc(C3CC3)n[nH]2)C(C2CC2)C1","N#Cc1cc(F)ccc1CN1CCCC(c2noc(C3CC3)n2)C1","Cc1[nH]nc2ncc(C(=O)N3CCCC(C(F)(F)F)C3C)cc12","CC(C)(C(=O)N1CCN(Cc2nccn2C(F)F)CC1)C1CC1","O=C(CNC(=O)C1CC1)NC1CC1c1ccccc1C(F)(F)F","CCN1CC(C(=O)N(C)Cc2nc3ccccc3c(=O)[nH]2)CC1=O","CC(C)c1cnc(S(=O)(=O)C(C)c2nnnn2C)n1C(C)C","CN1CCC2CN(C(=O)Nc3cccnc3OCC(F)F)CC21","CC(C(=O)N1CCCCCC1)S(=O)(=O)c1n[nH]c(C2CC2)n1","CCOC1(C(=O)N2CC3COCCC3(C(N)=O)C2)CCOCC1"
m_e80818,"Cc1cnc(C(=O)NC2CCCOC2c2cnn(C)c2)cn1","CCOc1cc(CNC2CCCc3cn[nH]c32)ccc1OC","COCc1nccc(C2CCCN(Cc3cncn3C)C2)n1","Nc1nccnc1C(=O)N1CCN(c2ccccc2F)CC1","COCc1ncc(-c2noc(C3CC4CCC3C4)n2)c(N)n1","COCc1nc(C)cc(NCc2c(C3CCC3)cnn2C)n1","Cc1cnc(C(=O)N2CCC(C)Sc3ccccc32)cn1","CNC(=O)c1cccnc1NC1CCCC(C(F)(F)F)C1","Cc1cc(C2CCCN(C(=O)CCCn3ccnc3)C2)n[nH]1","Cc1ccc(NC(=O)CN2C(=O)C3CCCCC3C2=O)nc1","CS(=O)(=O)CCNC(=O)C1(c2cccc(Cl)c2)CC1","O=C(c1ccccc1O)N1CCN(c2ncccc2F)CC1","O=C(O)C1C2CCC(C2)C1NC(=O)C1C2CCC(F)(F)C21","COc1ccc(-c2nnc(SCc3nccn3C)[nH]2)cc1","CCOC(CNC(=O)NCc1ccncc1)c1ccccc1","COC(=O)c1c(C)[nH]c(C(=O)NC(C)c2ccncc2)c1C","O=C(CC1Oc2ccccc2NC1=O)Nc1cccnc1O","CC(C)n1ccc(C(=O)N(C)Cc2ccc(C(=O)O)cc2)n1","Cc1ccc(-c2noc(-c3coc(C4CCC4)n3)n2)cc1F","Cc1cc(-c2noc(-c3coc(C4CCC4)n3)n2)ccc1F","COC1CC(NS(=O)(=O)c2ccccc2F)C12CCC2","Cc1ncncc1C(=O)N(C)C(Cc1ccccc1)C(=O)O","O=C(OCCn1nc2ccccn2c1=O)c1cccc(F)c1","O=C(CCNC(=O)c1ccc(F)cc1)NCc1cccnc1","CNc1cc(N2CCCC(c3nncn3C(C)C)C2)ncn1"
m_e8359d,"CCCN(C(=O)c1nccnc1N)C1CC(OCC)C12CCCC2","O=C1C(NC(CCO)c2ccco2)CCCN1c1ccccc1F","COCCC1(CN2CCCC(NS(C)(=O)=O)C2)CCCCC1","CC(C(=O)NC1CCCCC1Cc1nn(C)c(=O)n1C)=C1CCC1","CCC(C)C(NS(C)(=O)=O)C(=O)NC(C)Cc1cccs1","Cn1nccc1C(=O)NC1CCN(Cc2ccc(Cl)cc2)CC1","COC1CC(CNC(=O)c2cscc2C)N(c2ccncn2)C1","Cc1ccc(C(=O)N2CCOC(c3ccnc(N(C)C)n3)C2)s1","O=C(NCC1CCC(CNC(=O)c2ccon2)CC1)c1ccon1","Cc1c(NC(=O)C2CCCOC2C)nnn1Cc1ccccc1F","COC1CN(c2nc(C)c(C#N)cc2Cl)CC1c1cn(C)nn1","Cc1n[nH]c(CC(=O)N2CCc3ccccc3C2c2ccccc2)n1","Cn1cnnc1CC1(O)CCCN(Cc2cnn(C(C)(C)C)c2)C1","CCc1cnc(CNC(=O)c2c3c(nn2CC)C(C)OC(C)C3)o1","CCc1nsc(N2CCN(C(=O)COc3ccccc3)CC2)n1","CC(C)c1ncncc1C(=O)N1CCN(C)C2(CCOCC2)CC1","Cn1cnnc1CC1(O)CCCN(c2ncc(C#N)cc2Cl)C1","CCn1nc(C)c(CNC(=O)NC(C)c2ccc(F)c(C)c2)c1C","CC1OC(C)C(C(=O)N2CCC(O)(Cc3ccncc3)CC2)C1C","Cc1cnc(C(C)NC(=O)c2cc(N3CCOCC3)ccn2)s1","Fc1c(CNCC2CCC(c3ncn[nH]3)O2)cccc1OC1CC1","CC1OCCCC1C(=O)NCc1ccncc1OCC(F)(F)F","O=C(Cn1ccc2ccc(F)cc21)NC1CC(O)C12CCOCC2","CCCCc1nc(CN2CCCC(c3cc(C(N)=O)[nH]n3)C2)no1","Cn1ccnc1CC1CCN(C(=O)C23CCOCC2CNC3)CC1"
m_e8d835,"O=C(O)C1CN(C(=O)Cc2ccccc2C(F)(F)F)CCO1","CCCC(C)(NC(=O)Cc1c(C)nn(C(F)F)c1C)C(=O)O","CCNC(=O)OCC1CCCCN1Cc1cccc2[nH]ccc12","O=C(O)C1COCCN1C(=O)Cc1ccc(C(F)(F)F)cc1","O=C(O)C1COCCN1C(=O)Cc1ccc(-n2cccn2)cc1","CC(C)CC1CC1NC(=O)N1CCC(Cc2cccnc2)CC1","Cn1ccc2c(C(=O)NCC3(C(N)=O)CCOCC3)cccc21","O=C(O)C1CN(C(=O)Cc2ccccc2C(F)(F)F)CCO1","O=C(O)C1CN(C(=O)Cc2ccccc2C(F)(F)F)CCO1","O=C(O)C1CN(C(=O)Cc2ccccc2C(F)(F)F)CCO1","O=C(O)C1CN(C(=O)Cc2ccccc2C(F)(F)F)CCO1","O=C(O)C1CN(C(=O)Cc2ccccc2C(F)(F)F)CCO1","O=C(O)C1CN(C(=O)Cc2ccccc2C(F)(F)F)CCO1","O=C(O)C1CN(C(=O)Cc2ccccc2C(F)(F)F)CCO1","O=C(O)C1CN(C(=O)Cc2ccccc2C(F)(F)F)CCO1","O=C(O)C1CN(C(=O)Cc2ccccc2C(F)(F)F)CCO1","O=C(O)C1CN(C(=O)Cc2ccccc2C(F)(F)F)CCO1","O=C(O)C1CN(C(=O)Cc2ccccc2C(F)(F)F)CCO1","O=C(O)C1CN(C(=O)Cc2ccccc2C(F)(F)F)CCO1","O=C(O)C1CN(C(=O)Cc2ccccc2C(F)(F)F)CCO1","O=C(O)C1CN(C(=O)Cc2ccccc2C(F)(F)F)CCO1","O=C(O)C1CN(C(=O)Cc2ccccc2C(F)(F)F)CCO1","O=C(O)C1CN(C(=O)Cc2ccccc2C(F)(F)F)CCO1","O=C(O)C1CN(C(=O)Cc2ccccc2C(F)(F)F)CCO1","O=C(O)C1CN(C(=O)Cc2ccccc2C(F)(F)F)CCO1"
m_e993ec,"CN(C)C(=O)CCNc1cnc2cc(Cl)ccc2n1","CC1(CNC(=O)c2ncoc2C(F)(F)F)CCCO1","Cc1noc2ncnc(N(C)CC3(O)CCOCC3)c12","O=C(c1cc2cc(F)ccc2[nH]1)N1CCOC(CO)C1","O=c1c2cc(Cl)ccc2ncn1CC1(O)CCCC1","CC1(NC(=O)NCc2cccc(C(=O)O)c2)CCOC1","Cc1nc(-c2c(C)c(C)nn(C)c2=O)sc1C(N)=O","CC1(C(=O)O)CCN(c2c(Cl)cccc2C#N)CC1","COc1ccccc1CCN(C)C(=O)C1CNCCO1","CC(C)(C#N)CC(=O)N1CCC2(CCC(O)CC2)CC1","NCC1CCCN1C(=O)c1cc2cc(F)ccc2s1","COC1CN(C(=O)Nc2ccc(C3CC3)nn2)CCO1","CC1OCCN(CC=Cc2ccc(F)cc2)C1C(N)=O","Cc1cc(O)cc(=O)n1CC(=O)N1CCOCC(C)C1","CCC1(CC)C(NC(=O)c2cncc(O)c2)CC1OC","CC1CN(C(=O)Nc2ccc(N(C)C)nc2)CC(C)O1","CN(C)c1cncc(NC(=O)C2CCC(C(=O)O)N2)c1","O=C(CNC1CC1)N1CCOC(c2ccccc2F)C1","Cc1cc(C)cc(N(C)C(=O)c2c[nH]c3ccccc23)c1","CCc1cc(C)nc(N(C)Cc2csnc2OC)n1","CC(C)C(C(=O)N(C)C1COCC1O)c1cccnc1","O=C(Cc1ccon1)NC1CCOC2(CCCCC2)C1","Cc1cc(C(=O)NC(C)CCO)c(-n2cccc2)s1","Cc1cccc(N(C)CC(O)CN2CCN(C)CC2)n1","Cc1ccnc(NS(=O)(=O)c2ccc(F)c(C)c2)c1"
m_ea2f71,"Cc1cc(NC2CCOC2c2nccn2C)n2ncnc2n1","Cc1cn2c(n1)CCC(NC(C)CCc1ccc(O)cc1)C2","CNc1cc(N2CCN(c3ccccc3O)CC2)nc(C)n1","CCS(=O)(=O)CC(=O)N1CCCC1c1cccc(F)c1","CN(C)c1ccccc1N(C)C(=O)c1coc(CC2CC2)n1","O=C(Cc1cccc(F)c1)N1CCN(c2ccccn2)CC1","Cn1cc(C(=O)N2CCc3cc(F)ccc32)c(C2CCC2)n1","O=C(C1CCc2cn[nH]c2C1)N1CCC(c2c[nH]cn2)CC1","COc1cccc(N2CCN(S(=O)(=O)N(C)C)CC2)c1","Cc1[nH]ncc1C(=O)N1CCCC1c1ccc2c(c1)OCO2","Cn1cc(C(=O)N2CC(C(=O)O)C(c3ccccc3)C2)cn1","Cc1n[nH]c(C)c1CC(=O)N1CCOC(c2ccccc2)C1","Cc1cc(-c2noc(-c3coc(C4CCC4)n3)n2)ccc1F","Cc1ccc(-c2noc(-c3coc(C4CCC4)n3)n2)cc1F","CCC(NC(=O)NCCc1ccc(O)cc1)c1ccncc1","Cn1nccc1C1OCCCC1CNS(=O)(=O)C1CC1","Cc1nn(C)c(C)c1CC(=O)Nc1cc(C(F)(F)F)n[nH]1","Cc1ccc(NC(=O)c2c(C3CC3)cnn2C)cc1C(=O)O","O=C(Nc1cnc(C2CC2)nc1)NC1CCc2ncnn2C1","Cc1cc(C)c(NC(=O)N2C3CCC2CC2(CC2)C3)c(C)n1","CCc1n[nH]c(=O)c(CNC(=O)C2CC2C(F)F)c1CC","Cc1nccn1CCCC(=O)N1CCCC(c2ccn[nH]2)C1","Fc1ccc(N2CCN(c3ccc4nncn4n3)CC2)nc1","COc1cc(OC)cc(N2C(=O)C3C4C=CC(C4)C3C2=O)c1","COc1ccc(CCNC(=O)C(OC)c2ccccc2)cc1"
m_ea7270,"Cc1nn(C)c2nc(C=Cc3cnn(C4CCC4)c3)cc(C(=O)O)c12","Cc1cc(S(=O)(=O)N2CC(C(=O)O)CCC2C)sc1Cl","CCn1cc(S(=O)(=O)NC(Cc2ccccc2)C(=O)O)nc1C","COc1ccc(OC)c(C2CCCN2S(=O)(=O)c2ccco2)c1","Cc1csc(CNS(=O)(=O)c2ccc3c(c2)N(C)CCC3)n1","CCC(CC)(CO)CNC(=O)c1ccc2c(c1)COCO2","Cc1nc(NS(=O)(=O)c2ccc(-c3ccccc3)cc2)no1","O=C(O)C1CCN(S(=O)(=O)c2cccc(C(F)(F)F)c2)CC1","O=C(Nc1nncn1C1CC1)C1CCC(=O)N(Cc2ccccc2)C1","O=C(NCC1C2CC3CC(C2)CC1C3)C1(O)CCOCC1","O=c1[nH]cnc2c1CCN(c1ncnc3sc4c(c13)CCCC4)C2","O=C(Cn1cnnn1)NC1CCCC1c1ccccc1C(F)(F)F","Cc1cccc(C(=O)NCC2CCN(CCN(C)C)CC2)c1Cl","CN(Cc1ncccn1)C1CCN(C(=O)c2cc3ncccn3n2)C1","CCc1ccc(C(=O)N(CC)CC(F)(F)F)cc1S(C)(=O)=O","CCOc1cccc2[nH]cc(CC(=O)NC3(c4nnc[nH]4)CCC3)c12","Cc1cc(N2CCC(c3ncc[nH]3)C2)n2nc(C(F)(F)F)nc2n1","CC(NC(=O)c1ncccc1Cl)(C(N)=O)c1cccc(Cl)c1","CCn1cc(Br)cc1C(=O)NC1(c2nnc[nH]2)CCC1","O=C(NC1CCN(C2CC2)CC1)c1ccc(-c2ccccc2)[nH]c1=O","CC(C)C1C(=O)NCCN1C(=O)c1csc(-c2cccs2)n1","CC(C)(C)c1ccc(O)c(NC(=O)c2cccc(-n3cnnn3)c2)c1","COC(=O)c1ccc(CNC(=O)c2cccc(-n3cnnn3)c2)cc1","CCc1n[nH]c(C(=O)NC2CCCC2Oc2cnn(C)c2)c1Cl","COc1cccc2cc(C(=O)Nc3cccc(-c4nnn[nH]4)c3)oc12"
m_eaecd7,"CC(C)C(NC(=O)C1COCCO1)c1ccccc1Cl","COc1ccc(Cl)cc1CC(=O)NC1(C(=O)O)CCC1","CCc1sc(C(=O)NC2(C(=O)O)CCSC2)cc1C","CC(C)C(=O)NCCNC(=O)NCc1ccccc1Cl","Cc1cccc(C(=O)NC(C)(CC(=O)O)C(C)C)c1Cl","CC1(C)C(NC(=O)C2=CC(O)C(O)C(O)C2)C2CCOC21","O=C(Cc1cccc(Cl)c1)NC1(C(=O)O)CCSC1","O=C(O)C1CN(C(=O)CCc2ccccc2Cl)CCO1","Cc1cc(Cl)ccc1S(=O)(=O)Nc1ccc(O)nn1","CC1CN(C(=O)c2cnsn2)c2cccc(Cl)c2O1","COc1ccc(CC(=O)N2CCC(C(=O)O)C2)c(Cl)c1","CC(C)N1C(=O)CC(NC(=O)Cn2ncn(C)c2=O)C1=O","O=C(CCc1cccc(Cl)c1)N1CCC(CCCO)C1","Cc1ccc(F)c(OCC(=O)N2CCC(C(=O)O)CC2)c1","CCn1c(O)nnc1S(=O)(=O)CCCc1ccccc1","CCC1(CNC(=O)C2COc3ccc(Cl)cc32)COC1","Cc1cscc1C(=O)Nc1ccc(C(=O)O)c(Cl)c1","CC(C)CCC(=O)NCC(=O)N1CCC(N2CCCC2)C1","O=C(Cn1cc(Cl)cn1)N1CCCC(C(F)(F)F)C1","C=C(C)CN1CCC(NC(=O)NCC2(OC)CCC2)CC1","C#Cc1cccc(NC(=O)CCc2nc(C(C)(C)C)no2)c1","Cc1nnc(C23CCCC2CN(c2cnccc2C#N)C3)o1","COCC1(CN2CC(C)OC(c3nnc(C)o3)C2)CCC1","NC1CN(C(=O)Cc2ccc3cccnc3c2)CC12CCC2","CC(C)C(NC(=O)C1COCCO1)c1ccccc1Cl"
m_ebcb8a,"CC(C)c1nc(C(=O)N2C(C(=O)O)CC3CCCCC32)cs1","Cc1c(S(=O)(=O)N2CCOCC23CC3)c2ccccc2n1C","CC1CCN(CC(=O)N2CC(CO)C(c3cnn(C)c3)C2)CC1","CC(C)N1C(=O)CC(Nc2ncnc3cc(F)c(F)cc23)C1=O","Cn1cnn(CC(=O)N(CC(C)(C)C)c2ccc(F)cc2)c1=O","CCCc1cc(N2CCn3c(C)nnc3C2)n2ncnc2n1","CC(CNC(=O)Cc1coc(-c2ccc(Cl)cc2)n1)C(=O)O","O=c1[nH]c(COc2ccc(F)cc2)nc2cc(F)c(Cl)cc12","CCN1CCCC1CN(CCN(C)C)C(=O)c1cncnc1N","CCc1c(NC(=O)C2CCCC(=O)N2C)cnn1C(CC)CC","O=C(O)C1CN(C(=O)c2ccc(Cl)c3cccnc23)CCO1","CCn1cc(C(=O)NCc2nc(C(=O)O)cs2)c(C(C)C)n1","Cc1cc(N(CC(N)=O)S(=O)(=O)c2cccc(C#N)c2)no1","CCOC(=O)c1cc(NC(=O)C2CCCCC(=O)N2)ccc1O","COCC1CCCN(C(=O)Nc2cnn(CC(F)(F)F)c2)C1","O=C(O)CN1CCN(S(=O)(=O)c2c(F)cccc2F)CC1","CCC1(CC)CN(Cc2nnc(C3CC3)n2C2CC2)CCS1","CC(=O)N1CSCC1C(=O)NC(CC(=O)O)c1ccccc1","COC(=O)C1CCCN1Cc1cn(-c2ccc(Cl)cc2)nn1","CCN1CCOC(CN2CCN(C(=O)c3[nH]ccc3C)CC2)C1","CCCS(=O)(=O)N1CCCC1C(=O)N1CCSC(C)C1","CC(C)c1nc(C(=O)N2C(C(=O)O)CC3CCCCC32)cs1","CC(C)c1nc(C(=O)N2C(C(=O)O)CC3CCCCC32)cs1","CC(C)c1nc(C(=O)N2C(C(=O)O)CC3CCCCC32)cs1","CC(C)c1nc(C(=O)N2C(C(=O)O)CC3CCCCC32)cs1"
m_ec2936,"O=C(Cn1cc(C2CC2)nn1)N1CCCN(CC2CCCCC2)CC1","Cc1cn2c(CCC(=O)N(CC(F)(F)F)C3CCC3)csc2n1","Cc1cc(C)c2nc(C3CC3)cc(C(=O)Nc3nn(C)cc3C#N)c2c1","O=C(c1csnn1)N1CCC(Oc2cccnc2N2CCCC2)C1","Cc1c(C(=O)N2CCCC2c2cccs2)nnn1C1CCNCC1","CCOc1ccc(C(=O)N2CCN(CC(F)(F)F)CC(C)C2)cn1","Cc1ccccc1NC(=O)CCN1CCN(C(=O)CCC(C)C)CC1","Cc1nc(-c2nnc[nH]2)sc1C(=O)N1CCCC1c1cccs1","Cc1nnc(SC(C)c2ncc(C(C)(C)C)o2)n1CC(N)=O","CC1CCN(C(=O)CSc2nnnn2CC(F)(F)F)CC1","O=C(NCCC1CCN(CC(F)(F)F)CC1)c1conc1C1CC1","CCOC(=O)C(C)C(C)Nc1ccc2nnc(-c3ccsc3)n2n1","O=C(O)CN1CCCCC(N2CCN(c3ccccc3)C(=O)C2)C1=O","O=C(c1ccccc1Cc1ccccc1)N1CCc2nc[nH]c(=O)c2C1","O=C(Nc1cccnc1)C1CSCN1C(=O)c1ccc(Cl)cc1","CNC(=O)C1(COC)CCCN1C(=O)c1ccc2c(c1)OCC(=O)N2","Cn1nccc1C1OCCC1NCc1nc2cc(Cl)ccc2n1C","O=C(NCC1(O)CCSCC1)C1(c2cccc(F)c2)CCC1","O=C(c1cnns1)N1CCC(Oc2cccnc2N2CCCC2)C1","CCc1cccc(NC(=O)CN2CCN(C3CCOCC3)CC2C)c1","Cc1nc(-c2c(C)noc2C)sc1C(=O)NC(CO)CC(F)F","COCC1(C(=O)OC)CCCCN1S(=O)(=O)c1cccc(F)c1","Cn1c(CN2CCCC3C(=O)NCC32)nnc1-c1ccc(Cl)cc1","COc1ccccc1C(Nc1ncnc2c1ncn2C)c1ccccc1","Cc1ccc(N2CCCC(NCc3cnc(C(C)(C)C)s3)C2)nn1"
m_ec5045,"COc1ccc(CCC(=O)N2CCCC2C(=O)O)cc1Br","CC(C)(C)C1OCCC1CNC1CCN(CCN2CCOCC2)CC1","N#Cc1ccc(NC2CCN(C3CCOCC3)C2=O)cc1C(F)(F)F","COc1ccc(CCC(=O)N2CCC(C(=O)O)C2)cc1Br","COc1cc(C)cc(-c2noc(C3CCC(C(=O)N(C)C)O3)n2)c1","COc1ncccc1CNC(=O)C1CCCN1C(=O)c1ccccc1O","CC1(C)C(C=C(Cl)c2ccc(Cl)cc2)C1C(=O)N1CCC(O)C1","COc1ccc(CCC(=O)NCC2(C(=O)O)CC2)cc1Br","CC(C)C(=O)N1CCCN(C(=O)NC(C)C(F)(F)F)CC1","CN(c1ccccc1F)S(=O)(=O)c1cnn(-c2ccccc2)c1","O=C(O)CC1CCCCN1S(=O)(=O)CCc1ccc2c(c1)CCO2","CCn1c(C)nnc1CN1CC(COCC(=O)N(C)C)OC(C)(C)C1","CCn1cc(OC2CN(C(=O)CCn3cc(Cl)cn3)CC2O)cn1","CC(C)C(=O)Nc1nc(CC(=O)N2CCOCC23CCOC3)cs1","CN(CC(=O)O)CC1CN(C(=O)c2cnc(C(C)(C)C)s2)CCO1","CCC1CN(C(=O)NCC(C)(C)c2cccs2)CCN1CCOC","COc1ccc(CCC(=O)N2CCCC2C(=O)O)cc1Br","COc1ccc(CCC(=O)N2CCCC2C(=O)O)cc1Br","COc1ccc(CCC(=O)N2CCCC2C(=O)O)cc1Br","COc1ccc(CCC(=O)N2CCCC2C(=O)O)cc1Br","COc1ccc(CCC(=O)N2CCCC2C(=O)O)cc1Br","COc1ccc(CCC(=O)N2CCCC2C(=O)O)cc1Br","COc1ccc(CCC(=O)N2CCCC2C(=O)O)cc1Br","COc1ccc(CCC(=O)N2CCCC2C(=O)O)cc1Br","COc1ccc(CCC(=O)N2CCCC2C(=O)O)cc1Br"
m_ec755b,"O=C(NCCc1csc(N2CCCC2)n1)N1CCC2CCCCC21","CCCOc1ccc(C(=O)NC2CCC(C(N)=O)CC2)cc1OCC","CC(C)c1cc(C(=O)N2CCN(C(=O)NC3CCCCC3)CC2)no1","O=C1CCCc2cc(S(=O)(=O)NCCC3=CCCCC3)ccc2N1","Cc1cnc(CCNS(=O)(=O)Cc2ccc(F)c(Cl)c2)s1","Cn1ccnc(NC2CCN(c3ccc(Br)cc3)C2)c1=O","COc1cc(Cl)c(S(=O)(=O)NC2CCCCC2N)cc1OC","Cn1cc(C(=O)NCC2CCN(CC(O)CC3CCCC3)CC2)cn1","Cc1[nH]ccc1C(=O)N1CCOC(c2cccc(Br)c2)C1","CNC(=O)Cn1cc(NC(=O)Cn2cnc3cc(F)c(F)cc32)cn1","Cc1cc(C(=O)Nc2ccc3c(c2)CCN3C(=O)c2cccnc2)on1","CN(C)S(=O)(=O)c1cccc(C(=O)Nc2cc(C3CC3)n(C)n2)c1","Cn1nncc1C(=O)N1CCC(C)(C)c2ccc(Br)cc21","CN1CCC(N(Cc2ccccc2F)C(=O)CCC2CCCO2)CC1","Cc1nc(N2CCN(C(=O)Nc3cnn(C(C)C)c3)CC2)sc1C","Cc1ccc(S(=O)(=O)N2CCN(CCCn3ccnc3)CC2)cc1","COCCN1C(C)CN(c2nc(C)c(S(N)(=O)=O)s2)CC1C","O=C(NCc1ccc(O)nc1)C1Cc2cc(Br)ccc2O1","CCS(=O)(=O)c1ccc(NC2CCc3nc(C(C)C)nn3C2)cc1","COc1cc(=O)[nH]cc1C(=O)N1CCCCC1c1ccc(F)cc1F","CC(C)C(NC(=O)NCC(C)[S+](C)[O-])c1ccc(Cl)cc1F","Cc1nc(CNS(=O)(=O)Cc2ccc(F)c(Cl)c2)sc1C","CCOc1ccc2cc(S(=O)(=O)N3CCN(CC)CC3)ccc2c1","COC(=O)C1CCC(C(=O)NC2CCCN(c3ccnn3C)C2)CC1","CC1CN(C(=O)c2cnn(-c3ccccc3S(C)(=O)=O)c2)CCN1"
m_ecbfb5,"CC(NC(=O)c1cccc(N2CCCS2(=O)=O)c1)c1ccc(Cl)cc1","Cc1oc(CNC(=O)c2ccc3c(c2)CCN3S(C)(=O)=O)cc1C(=O)O","Cc1cccc(Oc2ccc(NC(=O)N3CCC(c4nnc[nH]4)C3)cn2)c1C","CCC1CCC(C(=O)NCC2CCC(CNC(=O)C3CCCO3)CC2)CC1","N#CC1(C(=O)Nc2ccc3[nH]c(Cc4ccc(F)cc4)nc3c2)CCOCC1","CN(C)c1ncc(NC(=O)NC2CCc3nnc(-c4ccccc4)n3C2)cn1","NCC(F)(F)CC(=O)N1CCC(c2nccc(-c3ccc(F)cc3)n2)CC1","O=C(Cn1cc(C2CC2)nn1)N1CCOC(c2cccc(OC(F)F)c2)C1","CCC(CC(=O)N1CCC(O)(CNC(=O)c2occc2C)CC1)C(C)(C)C","CC(C)NC(=O)c1cccc2c1CCCN2C(=O)C1COc2ccccc2C1","CC(C)(C)CC(NC(=O)N1CCC(O)(C2CC2)CC1)c1ccc(Cl)cc1","O=C(O)C1CN(C(=O)C2CC(=O)N(c3ccccc3)C2)CC1c1ccccc1","CCS(=O)(=O)c1ccc(N2CCC(NC(=O)CC3CCCC3)CC2)cc1","O=C(COc1ccc(F)cc1)NC1CCN(Cc2ccc(F)c(F)c2)CC1","CC(NC(=O)N1CCC(c2ccnn2C)CC1)c1ccc(-n2cccn2)cc1","CCOC1CC(CCNC(=O)c2cnc3c(cnn3Cc3ccccc3)c2)C1","CNC(=O)c1ccc(S(=O)(=O)N2CC(CO)C(c3cnn(C)c3)C2)cc1","COc1ccccc1N(C)S(=O)(=O)c1ccc(C(=O)OCC(N)=O)cc1","CC(NC(=O)COc1cccc(N2CCCC2=O)c1)c1cc2ccccc2o1","CCc1cc(S(=O)(=O)N2CCN(C(=O)c3ccco3)CC2)ccc1OC","CCCOc1cn(-c2ccccc2)nc1C(=O)N1CC(C)Oc2ncccc21","Cc1ccc(CN2CCC(NC(=O)c3cc(S(C)(=O)=O)cs3)C2)cc1","COC(=O)NCc1ccc(NC(=O)C(C)Oc2cccc3ccccc23)cc1","O=C(Nc1ccc(OCC(F)(F)F)cc1)c1cccc(N2CCCC2=O)c1","Cc1cccc(OC(C)C(=O)N2CCCC(c3nc4ccccc4o3)C2)c1C"
m_ed201b,"CCCCS(=O)(=O)N1CCC(n2ccc(NC(C)=O)n2)C1","COc1cc(NC(=O)N2CCOC(c3ccccc3)C2)ncn1","Cc1nnccc1NC(=O)NCC1(c2cccc(F)c2)CCC1","Cc1cc(C)n(-c2ccc(NC3CCN(C4CC4)CC3)nn2)n1","NC(=O)C(c1ccc(F)cc1)N1CCCC(c2ccccc2)C1","Cn1cc(N2CC(C(=O)Nc3cccc(O)c3)CCC2=O)cn1","Cn1ccc(NC(=O)NC(C)(c2ccccc2)C(F)(F)F)n1","CC(C)n1cnnc1C1CCCN(C(=O)C2C(C)C2(F)F)C1","CCn1cnnc1C1CCCN(C(=O)CCc2ccccc2)C1","COc1cc(=O)[nH]cc1C(=O)N(C)CC1CCc2ccccc21","O=C(CCCc1ccccc1)Nc1ncn(C2CCCCC2)n1","Cc1nnc2ccc(N3CCN(c4ccccc4F)CC3)nn12","COc1ccnc(N2CCCN(S(=O)(=O)C3CC3)CC2)n1","Cc1cnccc1C(C)NCc1cccnc1N1CCOCC1","Cc1csc(C2CN(c3cc(C(F)F)ncn3)CCO2)n1","Cc1ccccc1C1CCN(C(=O)NCc2cnn(C)c2)CC1","Cc1cccc(C(C)(C)CNC(=O)NCc2ccnc(C)n2)c1","CCc1cc(NC(=O)C2CCN(c3cnccn3)CC2)n(C)n1","Cc1ccc(C)c(CC(=O)NCC2CCC(c3ncn[nH]3)O2)c1","Cc1ccc(CC(=O)NCC2CCC(c3ncn[nH]3)O2)cc1C","NC(=O)C1(CNC(=O)c2cc(F)cc(Cl)c2)CCOCC1","CC(C)c1nnc2n1CCN(c1nccc(C(F)(F)F)n1)C2","CCCCS(=O)(=O)N1CCC(n2ccc(NC(C)=O)n2)C1","CCCCS(=O)(=O)N1CCC(n2ccc(NC(C)=O)n2)C1","CCCCS(=O)(=O)N1CCC(n2ccc(NC(C)=O)n2)C1"
m_edaa12,"O=C(O)C1(C(=O)Nc2nnc(-c3ccccc3Cl)s2)CCC1","CC1CCN(C(=O)C2CCN(C(=O)NCC3CCCO3)CC2)CC1","NC(=O)C(NC(=O)c1ccc(-n2cnc3ccccc32)cc1)C(N)=O","CCn1c(SCCCC(=O)N(C)C)nc2ccc(F)cc2c1=O","CCN1CCOC(C(=O)N2CCC(c3nc(N(C)C)no3)CC2)C1","Cc1nn(C)c2nc(C=Cc3cnn(C4CCC4)c3)cc(C(=O)O)c12","Cc1ccc(CC(=O)N2CCN(C(=O)c3ccc(=O)[nH]c3)CC2)cc1","CCN(CC)C(C(=O)Nc1ccc2c(c1)CC(=O)N2)c1ccccc1","CCCC(C)(CO)NC(=O)c1c[nH]c2ncc(Br)cc12","CC(CS(C)(=O)=O)N(C)C(=O)C1CCCC2CCCCC21","CCc1ccccc1N1CC(C(=O)N(C)Cc2ccccn2)CC1=O","CN(c1nncs1)S(=O)(=O)c1ccc(CC(F)(F)F)cc1","Cn1cc(Cl)c(CNC(=O)C2CCCOC2c2nccn2C)n1","CC(=O)N(C)CC(=O)NC1CCN(Cc2ccc(Cl)cc2)CC1","CCc1ccccc1N1CC(C(=O)Nc2cnccc2OC)CC1=O","CCn1nccc1C=C1CCn2c1nc1ccc([N+](=O)[O-])cc1c2=O","Cc1ccc(-c2c[nH]c(C3CCCCN3C(=O)C3CCOC3)n2)cc1","CCNC(=O)CC(=O)N1CCCN(c2cccc(Cl)c2C)CC1","CCc1ncncc1C(=O)NCCNc1ccc(C(F)(F)F)cn1","CC(C)(C)c1nsc(NC(=O)c2ccccc2Br)n1","O=C(O)C1(C(=O)Nc2nnc(-c3ccccc3Cl)s2)CCC1","O=C(O)C1(C(=O)Nc2nnc(-c3ccccc3Cl)s2)CCC1","O=C(O)C1(C(=O)Nc2nnc(-c3ccccc3Cl)s2)CCC1","O=C(O)C1(C(=O)Nc2nnc(-c3ccccc3Cl)s2)CCC1","O=C(O)C1(C(=O)Nc2nnc(-c3ccccc3Cl)s2)CCC1"
m_edccdd,"CC(=O)N1CC2CC2(C(=O)Nc2nc(C3CC3)ns2)C1","COc1ccccc1CC(=O)NCCN1CCCCC1C","COc1ccc(CNCCC(=O)NC2CCCCC2)cc1","CC(C)N1CCC(NC(=O)c2cccc(C(=O)O)c2)C1=O","CN(CC(F)(F)F)C(=O)CNC(=O)Nc1cccnc1","N#Cc1cn(CCC(=O)NC2CCCCC2)c(=O)[nH]c1=O","Cc1nc(COc2ccc(C(=O)NCCO)cc2)oc1C","CC(C)C1C(=O)NCCN1Cc1ccn(C2CCCC2)n1","CC(=O)NC1CCCN(C(=O)c2ccc(C(=O)O)cc2)C1","COc1ccccc1CC(C)CC(=O)N1CCCC1CN","NC1CCN(C(=O)c2ccc(OCC3CCCO3)cc2)C1","O=C(C1CCCc2[nH]nnc21)N1CCCC1C1CCCO1","CCc1oc(C(=O)N2CC(=O)NC3CCCCC32)cc1C","CC1CCC2(CCN(C(=O)CCCCc3c[nH]nn3)C2)C1","CCOc1ccc(NC(=O)Nc2c(C)noc2CC)cn1","CCCOc1cccc(CCNC(=O)NC2CC(C)C2)c1","CC(CCc1ccc(O)cc1)NC1CCN(C(C)C)C1=O","O=S(=O)(NCCc1cnoc1)c1ccc2c(c1)CCC2","CC1(C)CN(Cc2ncc(-c3ccc(F)cc3)o2)CCO1","Nc1cc(CN2CCCCC2CN2CCOCC2)ccn1","Cc1nocc1CNCC1CCCOC1c1ccnn1C","Cc1ccc(F)c2oc(C(=O)NC3(CN)CCCC3)cc12","CC(=O)N1CC2CC2(C(=O)Nc2nc(C3CC3)ns2)C1","CC(=O)N1CC2CC2(C(=O)Nc2nc(C3CC3)ns2)C1","CC(=O)N1CC2CC2(C(=O)Nc2nc(C3CC3)ns2)C1"
m_edd5cd,"CC1CN(S(=O)(=O)c2ccc(C(F)(F)F)nc2)C(C)(C)CO1","CCN(CC1CCCO1)S(=O)(=O)c1ccc(C(F)(F)F)nc1","COc1cc(F)cc(CNC(=O)NCc2nc(C)no2)c1","CN1CC(C(=O)NC2(CO)CCCC2)C(C(F)(F)F)C1","CC(CNC(=O)N1CCOC(CO)C1)Oc1ccccc1","CC1CN(S(=O)(=O)N2CCCC(C(=O)O)C2)Cc2ccccc21","Cc1c(NC(=O)NC2(C)CCOC2)cnn1CCC(C)C","CCC(=O)Nc1cccc(C(=O)NC(Cc2ccccc2)C(=O)O)c1","O=C(NCC1CCCO1)C1CC(=O)N(C2CCCCC2)C1","Cc1nc(C2CCCCN2C(=O)c2ccc(F)c(Cl)c2F)n[nH]1","O=C(c1ncccc1C(F)(F)F)N1CCC(Cc2ncc[nH]2)CC1","COC(CNC(=O)N1CC(C)(C)OC(C)(C)C1)c1ccc(F)cc1","Cn1ccnc1C1CCCN(C(=O)c2ncccc2C(F)(F)F)C1","Cc1ccc(C(=O)N(CCN(C)C)Cc2cccc(C#N)c2)c(=O)[nH]1","CN(C)CCN(Cc1ccccc1)C(=O)C1OCCc2ccccc21","CCOCC1CN(c2ncc(Cl)cc2F)CC1c1cnn(C)c1","CCNC(=O)c1ccc(NCc2cccc(N3CCCC3=O)c2)nc1","O=C(NCCCc1cccc(F)c1)NCCC1(O)CCC1","Cc1nn(CC(=O)N2CC3(CCCC3)OCC2CN(C)C)c(=O)o1","NC(=O)C(Nc1ncnc2sc3c(c12)CCCC3)c1ccccc1","CC(C)c1ccoc1C(=O)N1CCCC(O)(CC(N)=O)C1","Cc1cc(C2CCCN(C(=O)CN3Cc4ccccc4C3=O)C2)n[nH]1","Cc1cnc2c(cnn2CC(=O)N2CCC(F)(c3ccccc3)C2)c1","Cc1cn2cc(NC(=O)C3CCCCN3C(=O)C3CC3C)ccc2n1","COc1cc(CN2CCC3(CC2)CC3c2nnc(C)o2)ccc1C#N"
m_eff2fa,"O=C(NCC#Cc1ccccc1)c1nn(Cc2ccccc2)c(=O)c2ccccc12","O=C(c1c[nH]nc1-c1ccc(F)cc1)N1CCC(C(=O)O)(c2ccccc2)CC1","CN(Cc1ccccc1N(C)C)C(=O)c1cnc(-c2ccc3c(c2)CCO3)s1","COc1cccc(-c2noc(CS(=O)(=O)CC(=O)N(C(C)C)C(C)C)n2)c1","CC1c2nnc(C3CCCC3)n2CCN1C(=O)Nc1cnn(-c2ncccn2)c1","COc1ccc(-c2cc(NC(=O)C3COCCO3)n(-c3cccc(C)c3)n2)cc1","COc1ccccc1CC(=O)N1CCC(NCc2cccc3c2CCNC3)CC1","Cc1cc(S(=O)(=O)Nc2cn(CC(C)C)nc2C(F)F)sc1C(=O)O","Cc1ccc(CN2CCOCC2)cc1NC(=O)C(C)n1cnc2c(N)ncnc21","CC(C)c1cccc(CN2CCC(N(CC(F)(F)F)S(C)(=O)=O)CC2)n1","O=C(O)c1cccc(N2CCN(Cc3cc(Br)ccc3F)CC2)n1","CCN(CC)C(=O)c1ccc(NC(=O)c2ccc(-c3cccs3)nc2C)cc1","Cc1sc(NC(=O)C23CC4CC(C(=O)N2)C3C4)nc1-c1ccc2c(c1)CCC2","Cc1cc(C)nc(-n2nc(C)c(CC(=O)NC3(c4cccc(F)c4)CC3)c2C)n1","CC(C)C(NC(=O)Cn1cnc2c(oc3ccccc32)c1=O)c1ccc(F)cc1","O=S(=O)(Nc1nnc(C2(c3ccccc3)CC2)s1)c1cc(F)cc(F)c1","COc1ccc(C2CCCN2C(=O)c2cc(C)n(C(C)(C)C)n2)cc1OC","CCCN1CCN(C(=O)c2ccc(NS(=O)(=O)c3cccs3)cc2)CC1","CC(=O)NCC12CC(C(=O)NCc3cccc(F)c3F)(C1)C1(CCNCC1)O2","COc1ccccc1C(NC(=O)N1CCC2(CC1)CNC(=O)C2)c1ccccc1","Cc1cc(C)c(N2CCC(Nc3ccccc3CN3CCOCC3)C2=O)c(C)c1","CNC(=O)c1cccc(CNC(=O)CCc2c(C)c3c(C)nn(C)c3[nH]c2=O)c1","CN(C(=O)CS(=O)(=O)CCCc1ccccc1)C1CCc2ccccc21","O=C(NCC(=O)N1CCN(Cc2ccccc2)CC1)C1OCCc2ccccc21","O=C(NCC#Cc1ccccc1)c1nn(Cc2ccccc2)c(=O)c2ccccc12"
m_f0bee0,"CC1CC(NC(=O)NCc2cccc(C(=O)NCc3ccco3)c2)C1","O=C(NCc1cccc(C(=O)NCc2ccco2)c1)NCC1CCC1","O=C(c1ccnc(OC2CCC2)c1)N1CCN(Cc2ccco2)CC1","COc1ccccc1OCC(=O)N(Cc1ccco1)Cc1ccco1","O=C(O)c1cc(Br)cc(C(=O)NCC2CCCC2O)c1","CC(C)Cn1cc(CNCC2CC(=O)N(C)C2c2cccnc2)cn1","CC(=O)N1CCN(CC(=O)N(Cc2ccco2)c2ccccc2)CC1","CC(C)N1CCN(c2cccc(NCc3cnn(C(C)C)c3)c2)CC1","CCn1cc(CN2CCCN(C(=O)CCc3ccncc3)CC2)cn1","O=C(NC1CCC(C(=O)N2CCSCC2)CC1)N1CCOCC1","CCc1ncsc1NC(=O)C(c1ccccc1)N1CCCCC1=O","CC1CC(NC(=O)NCc2cccc(C(=O)NCc3ccco3)c2)C1","CC1CC(NC(=O)NCc2cccc(C(=O)NCc3ccco3)c2)C1","CC1CC(NC(=O)NCc2cccc(C(=O)NCc3ccco3)c2)C1","CC1CC(NC(=O)NCc2cccc(C(=O)NCc3ccco3)c2)C1","CC1CC(NC(=O)NCc2cccc(C(=O)NCc3ccco3)c2)C1","CC1CC(NC(=O)NCc2cccc(C(=O)NCc3ccco3)c2)C1","CC1CC(NC(=O)NCc2cccc(C(=O)NCc3ccco3)c2)C1","CC1CC(NC(=O)NCc2cccc(C(=O)NCc3ccco3)c2)C1","CC1CC(NC(=O)NCc2cccc(C(=O)NCc3ccco3)c2)C1","CC1CC(NC(=O)NCc2cccc(C(=O)NCc3ccco3)c2)C1","CC1CC(NC(=O)NCc2cccc(C(=O)NCc3ccco3)c2)C1","CC1CC(NC(=O)NCc2cccc(C(=O)NCc3ccco3)c2)C1","CC1CC(NC(=O)NCc2cccc(C(=O)NCc3ccco3)c2)C1","CC1CC(NC(=O)NCc2cccc(C(=O)NCc3ccco3)c2)C1"
m_f10ba9,"Cc1coc(C)c1C(=O)N1CC(C(N)=O)C(C(F)(F)F)C1","Cc1c(C(=O)N2CCN(Cc3ccsc3)CC2)cnn1C","CCc1cc(C(=O)N2CC(C(N)=O)C(C(F)(F)F)C2)[nH]n1","Cc1cc(CNC(=O)C2CNCC2C(F)(F)F)ccc1F","O=C(NCCc1ccc(OC(F)(F)F)cc1)C1CCC1","CCn1cc(C(=O)Nc2cc(Cl)ccc2NC2CC2)cn1","Cc1cc(C(=O)NCCN2CCc3sccc3C2)n(C)n1","O=C(NCC1CC1)C1CCCN(C(=O)c2cccc(F)c2)C1","CCn1cc(CCN2CCCC(O)(Cn3ccnn3)C2)cn1","Cc1cnc(C(C)CNC(=O)Nc2c[nH]c(=O)c(C)c2)s1","Cc1coc(C)c1C(=O)N1CC(C(N)=O)C(C(F)(F)F)C1","Cc1coc(C)c1C(=O)N1CC(C(N)=O)C(C(F)(F)F)C1","Cc1coc(C)c1C(=O)N1CC(C(N)=O)C(C(F)(F)F)C1","Cc1coc(C)c1C(=O)N1CC(C(N)=O)C(C(F)(F)F)C1","Cc1coc(C)c1C(=O)N1CC(C(N)=O)C(C(F)(F)F)C1","Cc1coc(C)c1C(=O)N1CC(C(N)=O)C(C(F)(F)F)C1","Cc1coc(C)c1C(=O)N1CC(C(N)=O)C(C(F)(F)F)C1","Cc1coc(C)c1C(=O)N1CC(C(N)=O)C(C(F)(F)F)C1","Cc1coc(C)c1C(=O)N1CC(C(N)=O)C(C(F)(F)F)C1","Cc1coc(C)c1C(=O)N1CC(C(N)=O)C(C(F)(F)F)C1","Cc1coc(C)c1C(=O)N1CC(C(N)=O)C(C(F)(F)F)C1","Cc1coc(C)c1C(=O)N1CC(C(N)=O)C(C(F)(F)F)C1","Cc1coc(C)c1C(=O)N1CC(C(N)=O)C(C(F)(F)F)C1","Cc1coc(C)c1C(=O)N1CC(C(N)=O)C(C(F)(F)F)C1","Cc1coc(C)c1C(=O)N1CC(C(N)=O)C(C(F)(F)F)C1"
m_f1a045,"CC1CC1C(=O)NCCC(=O)Nc1cnc(C(C)(C)C)nc1","CC(=O)N1CCCC(C(=O)Nc2cnc(C(C)(C)C)nc2)C1","Cc1noc(C2CN(c3nc(C)nc(C)c3C)CCN2C)n1","O=C(Nc1nnc(-c2ccco2)s1)N1CCC2(CCC2)C1","Cc1cccc(C(=O)N2CCC(Cn3cncn3)CC2)c1F","CCCC(C(=O)O)n1ccc(NC(=O)c2ccc(C)n2C)n1","COc1c(C)cnc(CN(C)C(=O)c2cccc(F)c2)c1C","COc1ccc2c(c1)N(C(=O)c1ncoc1C(C)C)CCO2","O=C(CC1CCCCC1)NCc1nnc(C2CC2)n1C1CC1","Cc1nc(C2CC2)oc1C(=O)N1CC2CCCC2C1C(=O)O","O=C(CN1CCS(=O)(=O)CC1)N1CCC2(CCC2)CC1","CC(Cn1cccn1)NC(=O)C1CCCN1S(C)(=O)=O","N#Cc1cnc(N2CCCC2c2ccc(N)nn2)c(Cl)c1","Cc1cccc(F)c1NC(=O)c1ccc(N2CCCC2)nn1","O=C(CC(C1CC1)C1CC1)NC1CCCc2[nH]c(=O)ccc21","CCN(C)C(C(=O)Nc1cc(C(C)C)n[nH]1)c1ccccc1","CCC(C)c1cc(C(=O)NC2CCS(=O)(=O)CC2)on1","Cc1cc(C(=O)NC2CCOC2c2cccnc2)nc(O)n1","Cc1cc(C)c(C(=O)N(C)C2CCOC2c2cccnc2)o1","O=C(c1cnc2ccc(F)cc2c1)N1CCOC(C2CC2)C1","O=C(OCC1CCCCC1)c1cn(Cc2cccnc2)nn1","CCn1cc(C2OCCC2C(=O)NCc2ccccn2)cn1","O=C1COc2cc(C(=O)NCCc3ccsc3)ccc2N1","Cc1nnc(N2CCOC(C3CCCCC3)C2)c(C#N)c1C","COC1CN(c2cc(C)nc(C3CC3)n2)CC1c1c[nH]nn1"
m_f22b14,"Cc1cc(C)n(C2CCCN(C(=O)c3ccc4[nH]nnc4c3)C2)n1","O=C(NC1CCc2nccn2C1)C1CC(=O)N(c2ccccc2)C1","CC(C(=O)N1CCCCCC1)S(=O)(=O)c1n[nH]c(C2CC2)n1","N#Cc1ccc(C(=O)NCC2CCOC2c2ccc(F)cc2)cc1","O=C(NCc1cccc(N2CCCC2=O)c1)c1cc(C2CC2)[nH]n1","COc1ccc(C(=O)N2CC(O)C(N(C)CC(=O)O)C2)c(F)c1","Cc1ccc2nc(CN3CCCCC3c3nnc[nH]3)cc(=O)n2c1","C=CCC1(C(=O)NCC(=O)Nc2ccc(F)c(F)c2F)CCC1","Cc1cnn(CC2CCCCN2C(=O)C2CC2c2cccnc2)c1","Cc1cc(C)c2c(c1)CCN(C1CCN(c3cnn(C)c3)C1=O)C2","Cc1cncc(C(=O)NCC2CC(=O)N(C)C2c2cccnc2)c1","Cc1nnccc1NC(=O)C(C(C)C)N1Cc2ccccc2C1=O","Cc1nc(N2CCC(c3cc(O)nc(N(C)C)n3)C2)ccc1C#N","Cc1cc(C)n(C2CCCN(C(=O)c3ccc4[nH]nnc4c3)C2)n1","Cc1cc(C)n(C2CCCN(C(=O)c3ccc4[nH]nnc4c3)C2)n1","Cc1cc(C)n(C2CCCN(C(=O)c3ccc4[nH]nnc4c3)C2)n1","Cc1cc(C)n(C2CCCN(C(=O)c3ccc4[nH]nnc4c3)C2)n1","Cc1cc(C)n(C2CCCN(C(=O)c3ccc4[nH]nnc4c3)C2)n1","Cc1cc(C)n(C2CCCN(C(=O)c3ccc4[nH]nnc4c3)C2)n1","Cc1cc(C)n(C2CCCN(C(=O)c3ccc4[nH]nnc4c3)C2)n1","Cc1cc(C)n(C2CCCN(C(=O)c3ccc4[nH]nnc4c3)C2)n1","Cc1cc(C)n(C2CCCN(C(=O)c3ccc4[nH]nnc4c3)C2)n1","Cc1cc(C)n(C2CCCN(C(=O)c3ccc4[nH]nnc4c3)C2)n1","Cc1cc(C)n(C2CCCN(C(=O)c3ccc4[nH]nnc4c3)C2)n1","Cc1cc(C)n(C2CCCN(C(=O)c3ccc4[nH]nnc4c3)C2)n1"
m_f22bed,"CCCn1nc(C(=O)NC(c2ccc(OC)cc2)C2CC2)ccc1=O","Cc1cc(C)n(C(C)CC(=O)N2CCc3cccc(C(=O)O)c3C2)n1","CCn1nc(C)c(NC(=O)NC2CCN(C)C2c2ccccc2)c1C","Cn1c(N2CCC(Nc3cccc4nncn34)C2)cc(=O)n(C)c1=O","COCc1ncc(-c2noc(CC(O)Cc3ccccc3)n2)c(N)n1","COc1cc(CC(=O)N2CC(c3cnn(C)c3)C(C)(C)C2)ccc1C","Cn1cc(C2OCCCC2NC2CCN(c3ccccn3)CC2)cn1","Cc1nn2cccnc2c1C(=O)NCCc1nc2c(s1)CCCC2","Cc1cc(C(=O)NCCc2nncn2C(C)C)c2c(C)nn(C)c2n1","Cc1n[nH]c(C)c1CC(=O)NC1COCC1Oc1cnn(C)c1","CCn1nc(C)c(C(=O)NCC2CCN(c3ccncc3)CC2)c1C","CC(NCc1ccc(N(C)C(C)C)nc1)c1ccc2c(c1)OCCO2","O=C(NC1CC(Cn2ccnc2)CC1O)c1cccc2c1CCOC2","O=C(NC1CCC(C(F)(F)F)CC1)c1ccc2[nH]c(CO)nc2c1","Cc1nccn1CC(=O)Nc1ccc(Oc2ccccc2Cl)cc1","Cc1noc(C)c1CCN1C(=O)NC(C)(CCc2ccccc2)C1=O","N#Cc1ccc(OC2CCN(CC3CCC4(CCCCC4)O3)C2)nc1","CNC(=O)c1ccc(C(=O)NC(C)c2ccc(OC(C)C)cc2)cn1","CCCc1cc(NC2CCOC2c2nccn2CC)n2ncnc2n1","Cc1c[nH]c(C2(NC(=O)c3cc(F)c(Cl)cc3F)CCOC2)n1","COc1cccc(C(=O)N2CCC3(CCCOC3)C2)c1OC(F)F","CC(=O)Nc1nc(C(=O)N(Cc2ccc(C)o2)C2CC2)cs1","Cc1ccccc1-n1nccc1C1OCCC1C(=O)NC1CCOC1","N#Cc1ccc(OC2CCN(c3ccc(C(=O)O)cn3)CC2)c(F)c1","Cc1cncn1CC(=O)N1CC2CCCC2(c2nnc(C3CC3)o2)C1"
m_f24d72,"COC1CN(C(=O)CCOc2ccccc2Cl)CC1c1c[nH]nn1","N#Cc1cnc2ccccc2c1N1CCC(C2OCCC2C(N)=O)CC1","COc1ccc(C(=O)O)cc1S(=O)(=O)N(C)CCc1ccccn1","Cn1cncc1C1CN(C(=O)c2cc(Cc3ccccc3)n[nH]2)CC1N","Cc1nc(C2CCCCN2C(=O)c2cnn(Cc3ccccc3)c2)n[nH]1","Cc1c(C(=O)Nc2ccc(N3CCN(C)CC3)cn2)oc2ccccc12","O=C(c1cccc(=O)[nH]1)N1CC(O)CC1c1ccccc1C(F)(F)F","COc1ccc(C)nc1NC(=O)c1cc(C(C)C)n(-c2ccccc2)n1","O=C(Nc1ccc(F)nc1)c1ccn(-c2ccc(Cl)c(Cl)c2)n1","CCCOc1cccc(CN2CCCC(c3nnc4ccccn34)C2)c1","NS(=O)(=O)c1ccc(N2CCCC3(CC=CCC3)C2)c(C(=O)O)c1","O=C1CC(c2nc(-c3cccc(OCc4cccnc4)c3)no2)CCN1","Cc1[nH]nc2ncc(C(=O)N3CCC(OCc4ccccc4)CC3)cc12","O=C(c1cnc(-c2ccccn2)s1)N1CCC(c2ccncc2)CC1","CCC(Cc1ccccc1)c1nc(-c2ccc(C(=O)N(C)C)nc2)no1","Cc1nn(C)c2nc(C3CC3)cc(C(=O)Nc3cccc(C(N)=O)n3)c12","CC(=O)NC1CN(Cc2ccc(Cl)cc2F)CC1c1nccn1C","Cc1cccc(CNC(=O)C2C3CCC2(c2ccnn2C2CCC2)C3)n1","CC(=O)N(C)c1ccc(NC(=O)c2cccn2Cc2cccnc2)cc1","Cc1ccc(Cn2cccc(NC(=O)NCc3ccccn3)c2=O)cc1","Cc1cc(C(=O)NC2CCN(CC(F)F)CC2)nn1-c1ccccc1","CC(C)C(=O)NCC1CCCN(C(=O)NCCNc2ncccn2)C1","CCOc1ccc(C(C)(C)C)cc1S(=O)(=O)NCc1ccccn1","COc1cc(CNC(=O)NCCCF)cc(Br)c1OC","CC(C(=O)Nc1ccc2c(c1)C=CCCC2)n1cnc2c(N)ncnc21"
m_f2d901,"Cc1nc(-c2cccc(C(=O)N3CCOCC3)c2)no1","Cc1nc(-c2cccc(NC(=O)c3cnn(C)c3)c2)[nH]c1C","Cc1n[nH]c(C)c1C1CCCN1C(=O)c1ccc(C#N)cn1","Cc1nnc(C23CCCC2CN(c2cnccc2C#N)C3)o1","O=C(CC(c1ccccc1)C(F)(F)F)Nc1cnccn1","CCc1cccnc1C(=O)NCC1NCCc2ccccc21","Cc1cc(NC(=O)C2(c3ccccc3)CC2)ccc1C(=O)O","NC(=O)c1ccncc1NS(=O)(=O)c1ccc(F)cc1","COc1cccc(-c2nc(C=Cc3ccncn3)cs2)c1","CCOc1ccccc1OCCn1cnnc1[S+](C)[O-]","Cc1nn(C)c(C)c1NC(=O)c1ccc(-n2cnnn2)cc1","O=C(NCCc1ccc(F)cc1)c1ccc2nccnc2c1","COc1ccc(F)c(N2CC3COCCC3(C(N)=O)C2)n1","Cc1nc(-c2cccc(C(=O)N3CCOCC3)c2)no1","Cc1nc(-c2cccc(C(=O)N3CCOCC3)c2)no1","Cc1nc(-c2cccc(C(=O)N3CCOCC3)c2)no1","Cc1nc(-c2cccc(C(=O)N3CCOCC3)c2)no1","Cc1nc(-c2cccc(C(=O)N3CCOCC3)c2)no1","Cc1nc(-c2cccc(C(=O)N3CCOCC3)c2)no1","Cc1nc(-c2cccc(C(=O)N3CCOCC3)c2)no1","Cc1nc(-c2cccc(C(=O)N3CCOCC3)c2)no1","Cc1nc(-c2cccc(C(=O)N3CCOCC3)c2)no1","Cc1nc(-c2cccc(C(=O)N3CCOCC3)c2)no1","Cc1nc(-c2cccc(C(=O)N3CCOCC3)c2)no1","Cc1nc(-c2cccc(C(=O)N3CCOCC3)c2)no1"
m_f55e93,"Cc1cc(C(=O)N(C)CC2CCc3nc(C(F)(F)F)cn3C2)cc(O)n1","O=C(NC1CCCCC1F)c1ccc(S(=O)(=O)N2CCCCC2)cc1","CCC1CN(Cc2nc3ccc(Cl)cc3c(=O)[nH]2)CCN1CC(F)F","Cn1c(CC(=O)N2CCCc3cc(F)c(F)cc32)nnc1-c1ccccc1","Cc1c(N2CCC(N3CCCC3=O)C2)nn2c(C(F)(F)F)nnc2c1C","CC1CN(C(=O)NCc2cn(C)nc2C(F)(F)F)Cc2ccccc2O1","Cc1ccc(CC2CN(C(=O)Nc3cnn(CC(C)C)c3C(C)C)C2)cc1","Cc1cc(N2CCCC(NS(=O)(=O)c3ccc(C)s3)C2=O)n(C)n1","CC1CCN(CCc2cccc(NC(=O)c3cc(C(C)C)nn3C)c2)CC1","CCn1c(=O)[nH]c2cc(-c3nc(-c4ccccc4Cl)no3)ccc2c1=O","CCn1ccnc1C1OCCCC1NC(=O)c1ccc2c(c1)CCC(=O)N2","Fc1ccc(Oc2ccc(-c3noc(CCC4CCNCC4)n3)cn2)cc1","Cc1cc(C)n(CC2CN(C(=O)Cc3ccc4c(c3)NC(=O)C4)CCO2)n1","COCCN1C(=O)CC(CNc2ncnc3[nH]ncc23)C1c1cnn(C)c1","CC(C)CNC(=O)NC(=O)CNc1ccccc1N1CCCCCC1","O=C(O)CCC1CC(C(=O)Nc2nc(-c3ccccc3)cs2)CO1","Cc1ccc(OC2CCN(c3cc(N4CCOCC4)ncn3)CC2)cc1C","CCCN(CC(=O)Nc1ccccc1C)C(=O)Cn1cnc2c1CCCC2","CCC(NC(=O)C1CCCN1C(=O)c1ccccc1O)C1CCCO1","CS(=O)(=O)NCc1ccc(C(=O)N2CCC(CC(F)(F)F)CC2)o1","CN(Cc1cscn1)C(=O)Cn1c(C2CCCCC2)nc2ccccc21","Cn1nccc1S(=O)(=O)N1CCN(c2ccc(Cl)cc2)CC1(C)C","CN1CCC2(CC1)CC(NC(=O)CCc1ccnn1C)c1ccccc1O2","CC1CN(C(=O)c2cn(C)nc2-c2ccc(Cl)s2)CCN1CCO","Cc1cc(N2CCCC(NS(=O)(=O)CC3CCCCC3)C2=O)n(C)n1"
m_f5c42c,"CN(CC(=O)Nc1nncs1)C1CCc2ccccc21","Cc1ccc(CCC(=O)NC2CCCCNC2=O)c(C)c1","CN(C1CCNCC1)S(=O)(=O)c1ccccc1Cl","CN1CCCC1C(=O)NCC1CCOC1c1ccccc1","NC(=O)CC1(O)CCCN(CCC=Cc2ccccc2)C1","CC(C)c1ccc(C(C)CC(=O)N(C)C2CCNC2)cc1","COc1cccc2c1CCC2NC(=O)NC1CCCCC1","Cc1ccc(CCCCC(=O)N2CCC(N)CC2C)cc1","CC(=O)N1CC(NC(=O)C2(O)CCc3ccccc3C2)C1","NC(=O)CC1CN(C(=O)C2(c3ccccc3)CCCO2)C1","CC(C)N(CCOc1ccc(C#N)cc1)C1CCOCC1","CC1CC[S+]([O-])CCN1CC(=O)NCC1CCCO1","NCC1CCCCN1C(=O)CC1OCCc2ccccc21","COc1ccc(C)cc1CCNC(=O)NCc1ccco1","Cc1nnc(CC(=O)NCC2(c3ccncc3)CC2)s1","Cc1ccc(C(C)(C)C(=O)NCCc2nccs2)cc1","Cc1ccc(CNC(CC(N)=O)C2CCCCC2)c(C)c1","Cc1ccn(-c2ccccc2CNC(=O)NCC(C)O)n1","C#Cc1cccc(NCc2cn(C)nc2-c2cccnc2)c1","COc1ccc(OC)c(-c2cc(C(=O)NC3CC3)no2)c1","COc1ccc(CCN2CCN(C(=O)C3CC3)CC2)cc1","CN(CC(=O)Nc1nncs1)C1CCc2ccccc21","CN(CC(=O)Nc1nncs1)C1CCc2ccccc21","CN(CC(=O)Nc1nncs1)C1CCc2ccccc21","CN(CC(=O)Nc1nncs1)C1CCc2ccccc21"
m_f7002e,"O=C(NC1CCOCC1Nc1ccncn1)c1cccc2[nH]ccc12","O=C(Nc1nnc(-c2cccs2)[nH]1)c1ccc(-n2ccnn2)cc1","CCOC(=O)c1ncccc1NC(=O)Cc1c[nH]c2c(C)cccc12","Cn1ccnc1C1CNCCN1C(=O)c1cc(-c2ccccc2)no1","O=C(NCc1ncc(-c2ccccc2)o1)C1CC(=O)N(CC2CC2)C1","O=C(O)C1CCN(S(=O)(=O)c2cc(Cl)cc(Cl)c2)CC1","Cc1nnc(C23COCC2CN(Cc2nn(C)c(C)c2Cl)C3)o1","O=C(NC1CC1)c1ccccc1NCCn1nc2ccccn2c1=O","Cc1ccccc1C1CN(S(=O)(=O)CCC(F)(F)F)CCO1","NC(=O)C1CCN(C(=O)c2cc(Br)cnc2C2CC2)C1","COC1CC(c2ncn[nH]2)N(C(=O)c2cc3c(C)cc(C)cc3[nH]2)C1","O=C(Cn1cccn1)N1CCc2c(Br)ccc(F)c2C1","O=C(O)C1CN(Cc2ccn(-c3ccccc3)n2)CC1C(F)(F)F","Cc1nn(C)cc1C1OCCC1NC(=O)c1cccc(Cl)c1F","O=C(c1cccc2cccnc12)N1CCN(Cc2cccs2)CC1","O=C(c1ccc(NC2CCC(O)CC2)nc1)N1CCc2ccccc21","CCc1n[nH]c(C(=O)NC2CCCC2Oc2cnn(C)c2)c1Cl","COc1ccccc1Cc1nnc(SCc2cccc(C#N)c2)o1","Cc1noc(C)c1CNC(=O)NCc1ccc(S(C)(=O)=O)cc1","CC(CO)N(C)c1cc(Oc2ccccc2Br)ncn1","O=C(NC1CC12CCCCC2)c1ncccc1OCc1ccncc1","CC1(C)Cc2c(cnn2-c2ccncc2)CN(CC23CNCC2C3)C1","CCN(CC)C1CCN(C(=O)NCCCc2cccc(Cl)c2)C1","COCCn1nc(C)c(CNc2ncc(C(N)=O)cc2Cl)c1C","O=C(Nc1cc(-c2ccc(Br)o2)ncn1)C1CCCO1"
m_f7302f,"COC(=O)c1ccc(C(=O)N2CCN(C(C)=O)CC2)cc1","CC1(C)CN(C(=O)C2(O)CNC2)C1c1nccn1C1CC1","NC(=O)C1CN(c2nc3ccccc3s2)CC1C(N)=O","CC1CN(C(=O)c2cc(C(F)(F)F)ccc2F)CCN1","COc1cccc2c1OCC(NC(=O)NC1CCCC1)C2","COC(C)c1noc(CN(C)c2ccccc2N(C)C)n1","NC1CCN(C(=O)c2ccc(OCC3CCCO3)cc2)C1","CCCOc1cccc(CCNC(=O)NC2CC(C)C2)c1","CC(CNC(=O)c1ccc2ccc(Cl)cc2n1)C(=O)O","CC(C)(C)c1cc(NC(=O)COCC2CC2)c(C#N)s1","Nc1ncc(Cl)cc1S(=O)(=O)N1CCCNCC1","C=CCOC(C)C(=O)Nc1cc(C(F)(F)F)c[nH]c1=O","CC(C)(F)c1nc(-c2ccc(N3CCCCC3)nc2)no1","CC1CN(c2ccc(C(=O)OC3CCC3)cn2)CC(C)O1","CCc1ccccc1C(=O)N1CCN(C(CC)CO)CC1","O=S(=O)(Nc1noc2ccccc12)c1ccccc1F","CNC(=O)CCN(C)c1nnc(-c2ccc(O)cc2)s1","CC1CN(S(=O)(=O)N2CCCC2C)CCC1C(=O)O","Nc1cc(CN2CCCCC2CN2CCOCC2)ccn1","CC(CNC(=O)C1CCCCN1S(C)(=O)=O)C(=O)O","O=C(NCCC1CC(F)(F)C1)c1ccnc2ccccc12","CCn1c(NC(=O)c2cscn2)nc2cc(F)ccc21","Cc1ncsc1C(=O)NC1(c2ccc(F)cc2)CCC1","CSC1(C(=O)N2CC(=O)N(C)c3ccccc3C2)CC1","COC(=O)c1ccc(C(=O)N2CCN(C(C)=O)CC2)cc1"
m_f82743,"Cc1cncc(NC(=O)NC2CCCOC2c2cnn(C)c2)c1","O=C(CS(=O)(=O)Cc1cccc(F)c1)NCC1CCCO1","CC(c1nc(C2CC2)no1)N1Cc2cnn(C)c2CC(C)(C)C1","Cc1n[nH]c(C)c1CC(=O)N1CCC(c2ccccc2F)CC1","Cc1n[nH]c(C)c1C(C)C(=O)N1CCCC1c1ccc(F)cc1","Fc1ccc(CC2CCN(Cc3nnc(C4CC4)o3)CC2)cc1","CCc1noc(CC)c1Cc1nc(-c2ccc(C)c(F)c2)no1","Cc1cnn(C)c1S(=O)(=O)NC(CC(F)(F)F)C(=O)O","COc1ccc(OC(F)F)c(CN2CCCC(C)(CO)C2)c1","CCn1ccnc1C1OCCC1NCC=Cc1ccc(F)cc1","Cc1nn(CCO)c(C)c1CN1CC(C)(C)Oc2ccccc21","COc1ccc(-c2nsc(NC(=O)c3ccoc3C)n2)cc1","COC(=O)C1CN(C(=O)c2cccc(F)c2)c2ccccc2O1","COc1ccc(N2CCN(C(=O)c3ccccc3F)CC2)nc1","CC(c1nc(-c2cccs2)no1)N1CCc2c(ncn2C)C1","O=C(NC1CCCC1CO)c1ccc(CCC(F)(F)F)cc1","O=C(c1c(O)cccc1F)N1CCC(Oc2cnccn2)CC1","Cc1cnn(CC(=O)N2CCOc3ccccc3C2C(=O)O)c1","Cc1cncc(NC(=O)NC2CCCOC2c2cnn(C)c2)c1","Cc1cncc(NC(=O)NC2CCCOC2c2cnn(C)c2)c1","Cc1cncc(NC(=O)NC2CCCOC2c2cnn(C)c2)c1","Cc1cncc(NC(=O)NC2CCCOC2c2cnn(C)c2)c1","Cc1cncc(NC(=O)NC2CCCOC2c2cnn(C)c2)c1","Cc1cncc(NC(=O)NC2CCCOC2c2cnn(C)c2)c1","Cc1cncc(NC(=O)NC2CCCOC2c2cnn(C)c2)c1"
m_f858ee,"CCOC(=O)C1CCN(c2nc(-c3cccnc3)nc(C)c2C)CC1","CNS(=O)(=O)c1cc(C(=O)N2CCc3sccc3C2)c(C)o1","CCn1cc(Br)c(C(=O)N2CCN(C3CC3)C(=O)C2)n1","CCc1n[nH]c(C(=O)N2CCN(C3CC3)C(=O)C2)c1Br","CCOc1ccncc1S(=O)(=O)N(CC)c1ccccc1Cl","CC(C)CC1(c2nc(C3(c4ccncc4)CCC3)no2)CCNC1=O","Cc1nc2ccc(C(=O)NCc3nc4c(s3)CCCC4)cc2n1C","Cn1cc(NC(=O)CN2CCCCC(O)C2=O)c(-c2ccccc2)n1","Cn1ncc(NC(=O)CN2CCCCC(O)C2=O)c1-c1ccccc1","Cc1ccn(CC(=O)NCCc2nc(-c3ccccc3)c(C)s2)n1","CCc1oc(C(=O)N2CCCNC(=O)C2Cc2ccccc2)cc1C","O=C(CSCC(=O)N1CCCC2CCCCC21)N1CCOCC1","CC(=O)N1Cc2ccccc2CC1C(=O)NCC(C)Cn1cccn1","N#Cc1ccc(C(=O)N2CCNC(=O)C2c2ccccc2Cl)nc1","CC(=O)N1CCCC1C(=O)NC1(c2ccc(C(F)(F)F)cc2)CC1","N#Cc1ccc(C(=O)NCC(=O)NCCC(=O)N2CCCCC2)cc1","Cn1cnn(CC(=O)N2CCCC2C2CCCc3ccccc32)c1=O","CC(C)n1cnc(C(=O)N2CCCNC(=O)C2Cc2ccccc2)c1","Fc1ccc(C2CN(Cc3ccon3)CCO2)cc1Br","O=C(CNc1cccc(C(F)(F)F)c1)NCCc1ccc(F)cc1","Cc1nc(C2CCCCN2C(=O)c2ccc(F)c(Cl)c2F)n[nH]1","CC(C)CN1CC(C(=O)NCc2nc3ccccc3c(=O)[nH]2)CC1=O","CCCC(=O)N1CCCC1C(=O)Nc1ccc(-c2ncc(C)[nH]2)cc1","CCC(=O)N1CCCC(C(=O)Nc2nccn2Cc2ccccc2)C1","CNC(=O)C12CCOCC1CN(c1cncc(-n3ccnc3C)n1)C2"
m_f866a0,"Cn1nc2c(c1NC(=O)C1CCN(S(=O)(=O)c3cccs3)CC1)CCC2","O=C(Cc1ccc(F)cn1)NC1CC(Cn2ccnc2-c2ccccc2)CC1O","COc1cc(-c2noc(CCC(=O)N3CCCC(N)C3)n2)cc(Cl)c1OC","O=S(=O)(NC(C1CCCO1)C1(CO)CCC1)c1cccnc1C(F)(F)F","Cc1cc(N2CCN(C(=O)c3cccnc3N3CCCC3)CC2)nc(C(C)C)n1","CNC(=O)C1CCS(=O)(=O)C12CN(C(=O)NCC(C)(C)c1ccncc1)C2","N#Cc1cccnc1NC1CCOC1C1CCN(C(=O)c2ccccc2F)CC1","COc1ccc2c(c1)CCCN2C(=O)CN1CCN(C(C)c2ccccn2)CC1","CC(C)n1nccc1NC(=O)C1CCCN1S(=O)(=O)c1ccc(Cl)cc1","CC1Cc2ccccc2N1Cc1ccoc1C(=O)NCc1ccc(F)c(CO)c1","FC(F)(F)c1ccnc(N2CCN(Cc3coc(-c4cccs4)n3)CC2)c1","Cc1ccc(N2CCCC(NC(=O)C3(c4ccccc4)CCOCC3)C2=O)cc1","O=C(NC1CCC(C(=O)O)C1)c1ccc(Oc2cccc(Cl)c2Cl)nc1","O=C(c1cc2c(=O)[nH]cnc2cn1)N1CCCCCC1Cc1ccccc1Cl","Cc1nc2cc(F)ccc2cc1C(=O)N1CCC(CO)(Cc2ccccc2)CC1","COc1ccc(C2CCCN2C(=O)NCc2nnc(-c3ccccc3)s2)cc1","CCCC(=O)Nc1cccc(NC(=O)c2cnn(-c3ccccc3Cl)c2)c1C","Cc1ccc2nc(CSc3ncnc4sc5c(c34)CCCC5)cc(=O)n2c1","COc1ccccc1C1CCCN1C(=O)NCc1nnc(-c2ccccc2)s1","Cc1c(C(C)NCc2ccc(NC(=O)c3ccc(F)cc3)cc2)cnn1C(C)C","CCN1C(=O)CCc2cc(NC(=O)C3(c4ccc(C)cc4)CCOCC3)ccc21","Cc1nc2cc(O)nn2c(C)c1CCC(=O)NCc1c(C(F)(F)F)cnn1C","Cc1nc(C(=O)N(C)C)nc(N2CCC(NCc3cc4ncccc4o3)C2)c1C","CS(=O)(=O)N1CCc2c(ncn(Cc3csc(C4CCCC4)n3)c2=O)C1","CC(C)CCC(=O)NCC1(O)CCN(C(=O)CC(C)(C)c2ccc(F)cc2)C1"
m_f8bf38,"COC(=O)c1c(C)[nH]c(C(=O)N2CCOCC2)c1C","Cc1ccc(C(=O)Nc2cccc(Cl)c2F)cn1","N#Cc1c(F)cccc1NCC1(O)CCSCC1","COc1cc(CN2CCN(CC(N)=O)CC2)ccn1","Cc1nc(C(=O)NC2(C)CCOC2)ccc1C(=O)O","O=C(NCC1CSC1)Nc1ccc(C2CC2)nn1","CCC(NC(=O)c1ccc(=O)n(C)c1)C1CCCO1","COC1CC(C(N)=O)N(c2ccnc(C(C)C)n2)C1","CC1CC(C(=O)O)CCN1C(=O)c1cncc(O)c1","CCC(CC)NC(=O)c1nnc2n1CCCCCC2","CC(=O)NCC(=O)Nc1cc(C2CCCC2)nn1C","O=C(O)CCCNc1ccnc2cc(Cl)ccc12","CC(O)CNS(=O)(=O)c1cccc2ccncc12","Cc1cc(C)n2nc(SC3CCOC3=O)nc2n1","CCc1ncc(C(=O)NCc2ccc(F)cc2)s1","CCc1cc(N2CC(OC)CC2C(N)=O)nc(C)n1","O=C(NCCSC1CCCC1)c1ccc(O)nc1","COc1ccccc1CNC(=O)CN1CCOCC1","Cn1ncc2cc(S(=O)(=O)NC3(C)CC3)cnc21","COC(=O)C(C)Sc1n[nH]c(-c2cccnc2)n1","Cc1ccc(F)cc1NC(=O)CN1CCCC(C)C1","COc1ccccc1CNC(=O)NCC1CCCO1","COc1cccc(CN2CCC(C)(C(=O)O)CC2)n1","COC(=O)CSc1nc2ccccc2c(=O)n1C","CCc1cncc(C(=O)N2CC(OC)CC2CO)c1"
m_f8d39e,"O=C(NCc1cccc(C(=O)O)c1)NCC1CCc2ccccc21","CCCN(Cc1ncccc1C(=O)O)C1CCc2ccccc2C1","CN(C)C(=O)Cn1cc(NC(=O)C2=Cc3ccccc3OC2)cn1","CCS(=O)(=O)N1CCC(C(=O)N(C)C)(c2ccccc2)CC1","CCOc1ncccc1CNCc1nn(C)cc1Br","CNC(=O)COc1ccccc1CNCC1(c2ccccc2)CC1","NC1CN(C(=O)c2cc(F)cc3[nH]cnc23)CC1c1ccccc1","CN(C)c1cccc(CNC(=O)NC2CCc3c(O)cccc32)n1","CCCC(C)(CO)NC(=O)c1cc2cc(OC)ccc2[nH]1","Cc1c(C(=O)Nc2ccc(Oc3cccc(F)c3)nc2)cnn1C","COC1CC(c2nc(C)c(C)[nH]2)N(c2ncc(Cl)cc2F)C1","CNC(=O)C(C)(C)CNC1CCCSc2ccc(OC)cc21","COC(=O)CNC(=O)Cc1c[nH]c2cc(Br)ccc12","CC(C)NC(=O)CN(C)c1nnc(Cc2ccc(F)cc2)s1","CC(C)c1n[nH]c(C2CN(c3ncccc3C#N)CC2C2CC2)n1","Cc1c(Cl)c(C(=O)N2CCCCC2c2nc(=O)[nH][nH]2)nn1C","CCS(=O)(=O)NC1CCCN(c2ncnc3c2cnn3C)C1","CC(C)C(O)Cc1cn(CC(=O)N2CCOCC2C2CC2)nn1","Cn1cc(CCNC(=O)C2(O)CCOC2)c2ccc(Cl)cc21","Cc1nn(C)c(C)c1CNC(=O)c1cncc(Br)c1","CCN(C)Cc1cccc(CNc2nc3ccccc3c(=O)[nH]2)c1","COC1CC(CO)N(Cc2ccc(Cl)cc2-n2cncn2)C1","Cc1nnccc1NC(=O)C(C(C)C)N1Cc2ccccc2C1=O","CCCOc1ncccc1CNC(=O)c1sccc1SC","COCc1n[nH]c(C2CCCCN2CC2(O)CCC(C)CC2)n1"
m_f8ef30,"O=C(O)CCC1CCCCN1C(=O)CC1CCCO1","O=C(O)CCC1CCCN(C(=O)C2CCCOC2)C1","CCC(C)(CC(=O)O)NC(=O)c1ccccc1Cl","CCOCC1CCN(C(=O)NCc2nccs2)C1","CC(O)(CNc1ncccc1F)CN1CCOCC1","COCCC1(C(=O)N(C)CC2CCCCO2)CCC1","COCC(C)(CC(=O)O)NC(=O)c1cc(C)n(C)n1","Cc1ncc(CN(C)C(=O)NCC2CCCO2)s1","CN1CCCC(N2CCN(C(=O)C(C)(C)O)CC2)C1","CC1(C(=O)O)CCN(C(=O)CCC2CCCCO2)C1","CC1CCC(CCC(=O)N2CCC(C(=O)O)CC2)O1","C#Cc1cccc(NCc2c(CC)nn(C)c2OC)c1","C=CCN1CCC(NC(=O)NC(CO)C(C)C)CC1","O=C(O)C1CCN(C(=O)CCOCC(F)(F)F)C1","CC1CCCN(C(=O)CCC2CCCO2)C1C(=O)O","O=C(O)C1CCN(C(=O)COC2CCCCC2)CC1","Cc1ccc(C(=O)NCC(C)(O)C(=O)O)c(Cl)c1","COC1CC(CO)N(CCC(=O)N(C)CCC#N)C1","O=C(O)CCC1CCCCN1C(=O)CC1CCCO1","O=C(O)CCC1CCCCN1C(=O)CC1CCCO1","O=C(O)CCC1CCCCN1C(=O)CC1CCCO1","O=C(O)CCC1CCCCN1C(=O)CC1CCCO1","O=C(O)CCC1CCCCN1C(=O)CC1CCCO1","O=C(O)CCC1CCCCN1C(=O)CC1CCCO1","O=C(O)CCC1CCCCN1C(=O)CC1CCCO1"
m_fb2bcc,"CNC(=O)CC1(O)CCCN(C(=O)c2ccc(F)c3ccccc23)C1","Cn1cnnc1-c1ccccc1NC(=O)COc1ccc(F)cc1F","Cc1ccc(NS(C)(=O)=O)c(NC(=O)c2cccc3c2CCC3)c1","CC(NC(=O)Cc1c[nH]c2ccccc12)c1ccc(C(F)(F)F)cc1","COc1cc(C(F)(F)F)ccc1C(=O)N1CC(O)C(CC(N)=O)C1","O=C(O)CCC1CC(C(=O)Nc2nc(-c3ccccc3)cs2)CO1","NCC1(CO)COCCN1C(=O)CNC(=O)c1cc2ccccc2[nH]1","CN(C)S(=O)(=O)c1ccc(NC(=O)c2cc(Cl)cs2)cc1","COc1ccc(-n2nnc(C(=O)N(C)C(C)C3CCCO3)c2C)cc1","CCC1CC(C(=O)NCc2c(C)nc3c(c2C)c(=O)[nH]n3C)CCO1","Cc1ccccc1C1CC(N(C(=O)c2cnc3[nH]ncc3c2)C2CC2)C1","CNS(=O)(=O)c1ccc(NC(=O)c2ccc3c(c2)CCC3)cc1C","CCCNC(=O)CNC(=O)COc1ccc2oc3c(c2c1)CCCC3","COc1ccc(C=C(C)c2nc3sccc3c(=O)[nH]2)cc1SC","COc1cccc2[nH]cc(CC(=O)Nc3cccc(-c4cn[nH]c4)c3)c12","Cc1cc(-c2ncccc2NC(=O)N2CCCC(C(N)=O)C2)cs1","COC(=O)c1ccc(Cc2nc3cc(OC)c(OC)cc3c(=O)[nH]2)o1","CCn1c(CCNC(=O)N2CCC(C)C(OC)C2)nc2ccccc21","Cc1cc(S(=O)(=O)NCc2cc(=O)[nH]c3ccccc23)ccc1F","CNC(=O)CC1(O)CCCN(C(=O)c2ccc(F)c3ccccc23)C1","CNC(=O)CC1(O)CCCN(C(=O)c2ccc(F)c3ccccc23)C1","CNC(=O)CC1(O)CCCN(C(=O)c2ccc(F)c3ccccc23)C1","CNC(=O)CC1(O)CCCN(C(=O)c2ccc(F)c3ccccc23)C1","CNC(=O)CC1(O)CCCN(C(=O)c2ccc(F)c3ccccc23)C1","CNC(=O)CC1(O)CCCN(C(=O)c2ccc(F)c3ccccc23)C1"
m_fb6996,"CN1CCOC(CNC(=O)c2conc2C2CC2)C1c1ccnn1C","COc1ccc(CNC(=O)NCC(=O)NC2CC2)c(C(F)(F)F)c1","Cc1n[nH]c(C)c1CNC(=O)NC1CCCN(c2ccccc2F)C1","O=C(NCCC1CCN(CC(F)(F)F)CC1)c1conc1C1CC1","CC1CCC(NC(=O)CSCc2nnnn2-c2ccccc2)CC1","COc1cccc(C2CC(NC(=O)N3CCC(NC(C)=O)CC3)C2)c1","CC(C)C1CCC(C(=O)N2CCC(NC(=O)c3ccc[nH]3)CC2)CC1","CC1(C)CC(CNC(=O)NCc2cccc(C(F)(F)F)n2)CCO1","Cc1ccc(C(C)NC(=O)NC2CCCN(S(C)(=O)=O)C2)s1","COc1cc(CNC(=O)C(C)(O)CO)ccc1OCc1ccccc1","NC(=O)C1(O)CCCN(CCC(=O)NC2CCCc3ccccc32)C1","Cc1nc(CN2CCC(CNC(=O)Nc3cccnc3)CC2)cs1","CCc1ccc(CNC(=O)Cc2cccc(S(=O)(=O)CC)c2)cc1","O=C(CC(c1ccccc1)c1ccccc1)NC1CCc2nccn2C1","Cc1cc(N2CCC(O)(Cn3ccnn3)C2)c2ccc(F)c(F)c2n1","O=C(O)C(C1CC1)N1CCCN(S(=O)(=O)c2cccc3cnccc23)CC1","C#CCCC1(CCC(=O)NC2CCCOc3c(Cl)cccc32)N=N1","Cc1nn(-c2cccc(Cl)c2)nc1C(=O)Nc1ccc(C(N)=O)c(Cl)c1","CN(C)C(=O)C1CCC(CNC(=O)NCc2ccc(-n3ccnc3)c(F)c2)O1","Cc1nc(-c2ccc(F)cc2)sc1C(C)NC(=O)N1CCOC2(CCC2)C1","NC(=O)COC1CCN(CC(=O)NC(c2ccc(F)cc2)c2cccs2)C1","Cc1cc(C2CCCN2C(=O)c2cc3c(F)cc(Br)cc3[nH]2)no1","CNC(=O)CC1CN(C(=O)NCc2cccc(COC3CCCC3)c2)CC1O","Cc1nsc(N2CCCN(S(=O)(=O)c3cccc4cccnc34)CC2)n1","CN(C)c1ccc(C2(C(=O)N3CCCC(c4nnc5ccccn45)C3)CC2)cc1"
m_fbf20a,"CCCCN(CC(N)=O)CC(=O)NC1CCC(C)CC1","Cc1nc(CNC(=O)NC(CCO)C(C)(C)C)oc1C","CC(NC(=O)c1cc(Cl)c2c(c1)OCCO2)C(=O)O","Cc1cc(NS(=O)(=O)c2cc(F)ccc2C)n(C)n1","O=C(O)C1CCN(C(=O)c2cc(-c3ccccc3)[nH]n2)C1","Cc1nn(CC(=O)N2CCC(C(=O)O)C2)c(C)c1Cl","Cc1cnn(CC2CC2)c1NC(=O)CCc1ccccc1","Cc1cc(NC(=O)c2cc(-c3cccnc3)on2)n(C)n1","O=C(O)c1cccc(CNC(=O)C2C3C4CCC(C4)C23)c1","FC(F)Oc1ccc(N2CCC3(CCCNC3)C2)nc1","COCC1(C(=O)N2CCCC(CCC(=O)O)C2)CCC1","CCNC(=O)N(CCc1ccccc1)Cc1ccncc1","Cc1nn(CC(=O)NC2(C(=O)O)CCC2)c(C)c1Cl","Cc1ccc(S(=O)(=O)NC(CC(C)C)C(=O)O)cc1","Cc1ccc(CC(=O)Nc2cccc(CC(=O)O)c2)cc1","CCc1cnc(N2CCN(C(=O)C(C)(C)O)CC2)s1","Cc1c(NCc2cc(F)ccc2C#N)cccc1C(N)=O","COc1ccc(-c2noc(-c3ccncc3)n2)cc1OC","Cc1ccc(NCc2nnc(-c3ccccc3)o2)cc1F","Cc1nc(NC(=O)CN2CC(C)OC(C)C2)sc1C","O=C(O)CC1CCCN(C(=O)CC2CCOCC2)CC1","O=C(O)CC1CN(C(=O)CCc2cccs2)CCO1","COCc1nn(CC(=O)N2CC(C)CC(C)C2)c(=O)o1","Cn1cnc(S(=O)(=O)N2CCC3(CCCCC3)C2)c1","CC1CCC(C(N)=O)CN1C(=O)CNCC1CCCO1"
m_fd4556,"Cc1ccc(NC(=O)N2CCN(C(=O)C3CCCO3)CC2)c(C)n1","CCOc1ccccc1C(CC(=O)NC1CCCCC1)NC(C)=O","CCOc1ccccc1C(C)NC(=O)N1CCOCC2(CCC2)C1","COc1cc(C(=O)N2CCN(CCC3CCCO3)CC2)ccc1C","CN(C)Cc1ccc(NC(=O)C2CCc3nccn3C2)cc1Cl","CC(C)c1ncncc1C(=O)N1CCN(C)C2(CCOCC2)CC1","Cc1ccc(CNC(=O)NC(c2ccccc2)c2ccncc2)cn1","COc1ccc(-c2ncc(C(=O)N(C)CC3(CO)CC3)s2)cc1","CC(C)n1ncnc1NC(=O)C1(c2ccc(F)cc2)CCOCC1","COC(=O)c1cccc(S(=O)(=O)NCc2ccc(C)nc2)c1C","CCCCC(=O)Nc1cc(NS(=O)(=O)CCC)c(F)cc1F","O=C(NC1CCC2(CCOCC2)CC1)NC1CCc2[nH]ncc2C1","O=C(O)CCC1CCN(C(=O)C2CCOC2c2ccncc2)CC1","O=C(NC1C2CCC(C2)C1CO)C1CCN(CC(F)(F)F)CC1","CC(C)c1nccc(N2CCC(O)(Cn3ccnn3)C2)n1","CC(NC(=O)c1cn(C)nc1C1CCOCC1)c1cncc(F)c1","CCCCc1nc(C)c(C(=O)NCc2ccc(N(C)C)nc2)s1","COc1ccc(Cl)c(NC(=O)CSc2ccc(C#N)cc2)c1","Cc1noc(C)c1CCNC(=O)C1CCCOC1c1cnn(C)c1","O=C(NC1CCc2[nH]ncc2C1)NC1CCOC2(CCCCC2)C1","COCc1nc(C)cc(N2CCN(CC(F)(F)F)CC(C)C2)n1","Cn1cc(C(=O)NC2CC(=O)N(C3CC3)C2)c(C2CCOCC2)n1","Cc1ccc(NC(=O)N2CCN(C(=O)C3CCCO3)CC2)c(C)n1","Cc1ccc(NC(=O)N2CCN(C(=O)C3CCCO3)CC2)c(C)n1","Cc1ccc(NC(=O)N2CCN(C(=O)C3CCCO3)CC2)c(C)n1"
m_fd693e,"CN(Cc1ccc(Cl)s1)C(=O)CC1CC(O)C12CCC2","c1cc(CNC2CCN(CC3CCOC3)CC2)c2cc[nH]c2c1","O=C(O)C1COCCN1C(=O)Cc1ccc(-n2cccn2)cc1","O=C(O)C1CCCN(C(=O)Cn2ncc(=O)c3ccccc32)C1","O=C(O)C1COCCN1C(=O)CCOc1ccccc1Cl","CCCC1(C)C(=O)NCCN1Cc1cc2ccccc2[nH]c1=O","COC1CC(C(N)=O)N(C(=O)Cn2c(C)cc3ccccc32)C1","Cc1ncsc1CN(C)C(=O)CCc1c[nH]c2ccccc12","O=C(O)CC1(NC(=O)c2cnc3ccccc3n2)CCOCC1","CC(Oc1ccccc1Cl)C(=O)N1CCOC(C(=O)O)C1","CNCC1CCCN(C(=O)c2c(O)nc3ccccc3c2C)C1","CN(Cc1ccc(Cl)s1)C(=O)CC1CC(O)C12CCC2","CN(Cc1ccc(Cl)s1)C(=O)CC1CC(O)C12CCC2","CN(Cc1ccc(Cl)s1)C(=O)CC1CC(O)C12CCC2","CN(Cc1ccc(Cl)s1)C(=O)CC1CC(O)C12CCC2","CN(Cc1ccc(Cl)s1)C(=O)CC1CC(O)C12CCC2","CN(Cc1ccc(Cl)s1)C(=O)CC1CC(O)C12CCC2","CN(Cc1ccc(Cl)s1)C(=O)CC1CC(O)C12CCC2","CN(Cc1ccc(Cl)s1)C(=O)CC1CC(O)C12CCC2","CN(Cc1ccc(Cl)s1)C(=O)CC1CC(O)C12CCC2","CN(Cc1ccc(Cl)s1)C(=O)CC1CC(O)C12CCC2","CN(Cc1ccc(Cl)s1)C(=O)CC1CC(O)C12CCC2","CN(Cc1ccc(Cl)s1)C(=O)CC1CC(O)C12CCC2","CN(Cc1ccc(Cl)s1)C(=O)CC1CC(O)C12CCC2","CN(Cc1ccc(Cl)s1)C(=O)CC1CC(O)C12CCC2"
m_fe6eaa,"CN(Cc1ccccc1)C(=O)NCC1CCN(c2ccncc2)CC1","O=C(NCc1ccc(-n2ccnc2)c(F)c1)N1CCCC1C(F)F","Cc1cc(NC2CCc3ncnn3C2)n2nc(C(F)(F)F)nc2n1","O=C(NCC1(NC(=O)c2ccccc2)CCOCC1)c1ccccc1","Cn1nccc1C(=O)NC1CCC2CN(Cc3ccccc3)CC2C1","N#Cc1c[nH]c(C(=O)NC2CN(Cc3ccccc3)CCC2CO)c1","CC(C)C(CC(=O)N1CCN(c2cccnn2)CC1)c1ccccc1","O=C1CCC(NC(=O)c2cccc(Cn3ccnc3)c2)C(C2CC2)N1","Cc1cccc(S(=O)(=O)N2CCC(N3CCCOCC3)CC2)c1","Cc1ccccc1C1(C(=O)NCc2nnc3n2CCC3)CCCCC1","Cc1ccc(NC2CCN(C(=O)C3Cc4ccccc4O3)CC2)nn1","Cc1c(-c2cc(CNc3c(F)cc(Cl)cc3F)on2)cnn1C","CC1CN(C(=O)Cc2coc(-c3ccc(F)cc3)n2)CCC1(F)F","CC(C)n1[nH]c(-c2ccc(F)cc2)c(C(=O)Nc2ccccn2)c1=O","CCCc1ccc(C(=O)N2CCn3c(nnc3C(F)(F)F)C2)cc1","Cc1nnc(C23CCCC2CN(c2ccncc2C(F)(F)F)C3)o1","O=S(=O)(Cc1ccccc1)Nc1cccc(C(F)(F)F)n1","Cn1cc(N2CCN(C(=O)C3(Cc4ccccc4)CCC3)CC2)cn1","Cc1ccc(CNC(=O)NC2CN(Cc3ccccc3)CC2C)cn1","COc1ccccc1CN(C)CC(=O)NC1CCCc2ccccc21","O=C(O)c1ccc(CNC(=O)C2CCCN2Cc2ccccc2)cc1","CN(C)S(=O)(=O)CC(=O)NCC1CCC(c2ccccc2)CC1","Cc1nc(C)c(C(=O)NC2CCN(Cc3ccccc3)C2=O)nc1C","Cn1ncc(NC(=O)NCC(CO)Cc2ccccc2)c1C(F)F","CN(CC1(O)CCN(Cc2ccccc2)C1)C(=O)c1cc(C#N)c[nH]1"
m_fe9649,"CCn1cc(OC2CN(c3ccc(C(=O)N(C)C)cn3)CC2O)cn1","CC(C)c1ccc(Cl)c(S(=O)(=O)NCCNC(=O)N(C)C)c1","CN(C)CCN1CCN(C(=O)c2ccc(-c3ccc(F)cc3)o2)CC1","CCNC(=O)N1CCc2ccc(NC(=O)c3cccc(F)c3F)cc21","CCNC(=O)N1CCc2ccc(NC(=O)c3ccc(F)c(F)c3)cc21","CN(C)C(CNC(=O)NC1CC1c1cccc(F)c1)c1cnn(C)c1","Cc1ccc(NC2CCN(C(N)=O)CC2)cc1OCC1CCCCC1","CC(NC(=O)C1CCN(C(=O)N(C)C)CC1)C1COc2ccccc21","NC(=O)Cn1ccc(NC(=O)c2cc(-c3cccc(Cl)c3)no2)n1","Cc1nc(-c2cccc(C(=O)N3CCCC(O)(C(N)=O)C3)c2)cs1","NC(=O)C(c1ccccc1)N1CCCC(C(=O)Nc2nncs2)C1","COc1ccccc1OCc1ccc(C(=O)N2CCCC2C(=O)O)o1","CC1(CNC(=O)c2cc(Br)cc(C(=O)O)c2)CC1(F)F","O=C(Nc1ccccc1C(=O)NC1CC1)c1ccc(-n2cncn2)cc1","CCC(Sc1ncc(-c2ccccc2)n1CC1CCCO1)C(N)=O","Cc1nc(COc2ccc(NC(=O)C3(C(=O)O)CC3(C)C)cc2)no1","CN(C)C(=O)Cn1cc(C(=O)N2CCCC2c2cccc(F)c2)nn1","NC(=O)C1CCOC1C1CCN(c2cc(NCC3CC3)ncn2)CC1","O=C(N1CCCC1)C1(O)CCCN(Cc2cc(=O)n3nccc3[nH]2)C1","Cc1c(C2C(C(=O)N3CC(=O)N(C)C3)CC(=O)N2C2CC2)cnn1C","COc1cc(OC)cc(N2CCC(N(C)Cc3cn(C)nn3)C2=O)c1","Cc1cc(C)n(-c2ccc(NC(=O)C3CCC(C(=O)O)C3)cc2F)n1","COCc1n[nH]c(C2CN(c3cc(CO)c(F)cn3)CC2C2CC2)n1","CNc1cc(N2CC(O)CC2CNC(=O)CC2=CCCCC2)ncn1","O=C(c1cc(Cl)c[nH]1)N1CC(c2nc(C3CC3)n[nH]2)C(C2CC2)C1"
m_fea652,"CC(C)S(=O)(=O)c1ccc(F)c(C(=O)NCC2CC=CCC2)c1","CC1(NC(=O)NC2CCN(c3ccccc3OC(F)F)C2)CCC1","COc1ccc(CC(=O)O)cc1S(=O)(=O)Nc1cccc(F)c1","CNC(=O)c1cc(C)ccc1NC(=O)c1csc(-c2ccoc2)n1","COc1cc(C)c(S(=O)(=O)CC(=O)NC2CCCC2)cc1OC","Cc1nn(CC(=O)NC(=O)NC2CCCC2)c(=O)c(C#N)c1C","Cc1ccc(OCC(=O)N(Cc2ccco2)Cc2ccco2)cc1C","Cc1ccc2c(c1)N(C(=O)c1nnn(C3CCNCC3)c1C)CCC2","Cc1cc(-n2cncn2)ccc1C(=O)NC1CCC(=O)NC1C1CC1","CSC(C)C(=O)NCc1ccc(Cn2cnc3ccccc32)cc1","CC(=O)N1c2ccccc2CC1c1nc(Cc2ccc(C)s2)no1","CC(NCc1cnc(C2CCC2)s1)c1ccc(-n2cncn2)cc1","CNC(=O)NCC(=O)N1CCCCC1c1nc(-c2ccccc2)c[nH]1","O=C(NCC1CCCCC1O)c1ccccc1NCc1cccnc1","Cc1ccc(CC(=O)NC2CCOC(C)(C)C2)c(Br)c1","O=C(NC1CCCN(c2ccc(Cl)cc2Cl)C1)c1nc[nH]n1","Cc1ccccc1C1CC(C)N(CCOc2ccccc2C(=O)O)C1","N#CC1(CNC(=O)N2CC(c3ccccc3)C3COCCC32)CCC1","CC1(C)COCC1NC(=O)c1oc2ccccc2c1Cn1cccn1","Cc1ccc(C)c(-n2ncc(NCc3nnnn3C(C)(C)C)c2C)c1","CCCC(=O)N1CCCC1C(=O)Nc1ccc(-c2ncco2)cc1C","O=C(Cc1n[nH]c2ccccc12)NC1CC(Cn2ccnc2)CC1O","CC(=O)Nc1cc(C(=O)N2CCC(Nc3ccccc3)C2)ccc1F","COc1ccccc1CC(=O)NC1CC(=O)N(C)C1c1cccnc1","NC(=O)c1ccccc1NC(=O)CN1CCOCC1c1ccccc1"
m_feb5c1,"CN(C)C1CCN(CCNC(=O)Nc2ncn(C3CCCCC3)n2)CC1","Cn1c(=O)[nH]c2ccc(C(=O)N3CC(C(=O)O)C(c4ccccc4)C3)cc21","O=C(O)C1CCCN(C(=O)Nc2ncc(Cc3ccc(F)cc3)s2)C1","Cc1nc(-c2cccc(Cl)c2)sc1C(=O)N1CCCC(C(C)N)C1","O=C(CNC(=O)N1CC=C(c2cccc3ccccc23)CC1)N1CCCC1","O=C(O)c1ccc(CN2CCC(O)(Cc3ccc(F)cc3)C2)cc1Cl","Cc1noc(C)c1CNCC1CCN(c2ccc(Br)cc2)C1","O=C(O)CCN(Cc1ccc(F)c(F)c1)C(=O)c1n[nH]c2c1CCCC2","CC(C)N(Cc1nc2ccccc2c(=O)[nH]1)C(=O)c1ccc2c(c1)COC2","CC1CCN(S(=O)(=O)Nc2ccc(C3CC(=O)NC(=O)C3)cc2)CC1","Cn1nccc1C1=CC2CCC(C1)N2c1ccc2nnc(C(C)(C)C)n2n1","Cc1n[nH]c(C(=O)N2CCOC(c3cccc(O)c3)C2)c1Br","COc1ccc(Cl)cc1NC(=O)CN(C)c1nn2cc(C)nc2s1","CCC(CC)n1nc(C(=O)NC2CCCOc3ccccc32)cc1C","O=C(NC1CCN(c2ccc(F)c(Cl)c2)C1)c1onc2c1CCCC2","Cc1cc(NC(=O)C2CCOC2c2cnn(-c3ccccc3)c2)ccc1O","CC(CC(=O)O)C1CCCN(S(=O)(=O)c2ccc(F)c(F)c2F)C1","O=C(Cc1ccccc1F)Nc1ccc(-n2ncc3c(=O)[nH]cnc32)cc1","O=C(Cc1noc(-c2ccccc2Br)n1)NC1CCCCC1","O=C(CCc1nc2ccccc2c(=O)[nH]1)N1CC(COc2ccccc2)C1","COc1cc(C(=O)O)ccc1S(=O)(=O)NCCc1nc(C)no1","Cc1nn(CC(F)(F)F)cc1C(=O)Nc1cccc(-n2nnnc2C)c1","O=C(O)CNS(=O)(=O)c1cc(Cl)ccc1OCC1CCCCO1","CCCC(NC(=O)c1ccc(Br)o1)c1nc2ccccc2[nH]1","Cc1ccc(OC(F)F)c(CNC(=O)N2CCN3CCC2CC3)c1"
m_ff32bb,"COCCC1(C(=O)N2CCC(C(=O)O)CC2)CCCC1","Cn1cc(C2OCCCC2Nc2ccc(C#N)cn2)cn1","CCn1nccc1C(=O)N1CC(CC)(c2ccccc2)C1","Cc1nn(C)c(C)c1CNS(=O)(=O)c1cnn(C)c1","CCc1ccc2occ(C(=O)NCc3ccnn3C)c2c1","COCC1(C(=O)N2CCCC(CCC(=O)O)C2)CCC1","FC(F)Oc1ccc(N2CCC3(CCCNC3)C2)nc1","Cc1cc(S(=O)(=O)Nc2nonc2C)cc(C)c1F","O=C(O)CC1CCCN(C(=O)CC2CCOCC2)CC1","CC(NC(=O)NCCCc1ccccc1)c1ccccn1","O=c1n(Cc2ccc3c(c2)OCCO3)nc2ccccn12","Cc1cnn(C)c1C(=O)N1c2ccccc2C(C)(C)C1C","CC1OCCC1(C)NC(=O)c1cccc(OC(F)F)c1","COCCC1(C(=O)N2CCC(C(=O)O)CC2)CCCC1","COCCC1(C(=O)N2CCC(C(=O)O)CC2)CCCC1","COCCC1(C(=O)N2CCC(C(=O)O)CC2)CCCC1","COCCC1(C(=O)N2CCC(C(=O)O)CC2)CCCC1","COCCC1(C(=O)N2CCC(C(=O)O)CC2)CCCC1","COCCC1(C(=O)N2CCC(C(=O)O)CC2)CCCC1","COCCC1(C(=O)N2CCC(C(=O)O)CC2)CCCC1","COCCC1(C(=O)N2CCC(C(=O)O)CC2)CCCC1","COCCC1(C(=O)N2CCC(C(=O)O)CC2)CCCC1","COCCC1(C(=O)N2CCC(C(=O)O)CC2)CCCC1","COCCC1(C(=O)N2CCC(C(=O)O)CC2)CCCC1","COCCC1(C(=O)N2CCC(C(=O)O)CC2)CCCC1"
m_ff4ed5,"CN(CCc1ccc(Br)cc1)Cc1ncccc1C(=O)O","Cn1cc(NC(=O)CCCc2ccccc2)cc(Br)c1=O","O=C(NCc1nnc[nH]1)C1(c2cccc(Br)c2)CCCC1","CCc1onc(C)c1C(=O)Nc1cc2c(cc1Br)CCC2","Cc1[nH]ccc1C(=O)N1CCOC(c2cccc(Br)c2)C1","O=C(Cn1ccnn1)Nc1ccc(Br)c(C(F)(F)F)c1","NC(=O)C1(NC(=O)c2ccc(Br)cc2OC(F)F)CC1","Cc1cc(CNS(=O)(=O)c2ccc(Br)cc2F)on1","CN1C(=O)CC(NS(=O)(=O)Cc2ccccc2)C1c1ccnn1C","CCn1ncc(Br)c1C(=O)NC(c1cccnc1)C1CC1","COC(=O)c1ccc(S(=O)(=O)NC2(c3ccccc3)CCC2)cn1","O=C(c1cccnc1)N1CCN(c2cncc(Br)c2)CC1","CN(C)C(=O)CCCC(=O)Nc1ccc(F)cc1OC(C)(C)C","CN(CCc1ccc(Br)cc1)Cc1ncccc1C(=O)O","CN(CCc1ccc(Br)cc1)Cc1ncccc1C(=O)O","CN(CCc1ccc(Br)cc1)Cc1ncccc1C(=O)O","CN(CCc1ccc(Br)cc1)Cc1ncccc1C(=O)O","CN(CCc1ccc(Br)cc1)Cc1ncccc1C(=O)O","CN(CCc1ccc(Br)cc1)Cc1ncccc1C(=O)O","CN(CCc1ccc(Br)cc1)Cc1ncccc1C(=O)O","CN(CCc1ccc(Br)cc1)Cc1ncccc1C(=O)O","CN(CCc1ccc(Br)cc1)Cc1ncccc1C(=O)O","CN(CCc1ccc(Br)cc1)Cc1ncccc1C(=O)O","CN(CCc1ccc(Br)cc1)Cc1ncccc1C(=O)O","CN(CCc1ccc(Br)cc1)Cc1ncccc1C(=O)O"
m_ff5db9,"Cc1cccc(C)c1OCC(=O)N(C)CC1OCCC1c1ncn[nH]1","Cn1nncc1CNS(=O)(=O)c1ccc(OCC(=O)O)c(F)c1","COCCN(CCC#N)S(=O)(=O)N1CCCC2CN(C)CCC21","CC(C)n1ccc(C(=O)NCC2CCCN(C)C2c2ccnn2C)n1","CC1CCC(CN2CCC(NS(=O)(=O)c3cccs3)CC2)O1","Cc1n[nH]c(C(C)C)c1C(=O)N1CCC(Nc2ccccc2F)CC1","O=C(Nc1cccc(F)c1)C1CCN(Cc2noc(C3CC3)n2)CC1","Cc1cc(C(C)C(=O)N2CCOC(c3nc(C(C)C)n[nH]3)C2)c(C)o1","Cc1ccc(OCC(=O)N2CCCC(O)(Cc3nncn3C)C2)cc1","CC(=O)NCc1ccc(C(=O)N2CCCCC2Cn2cc(C)cn2)o1","Cc1noc(C2CC2)c1NC(=O)N1CC(=O)N(CCC(F)(F)F)C1","Cc1ccc(=O)n(CC(=O)NC2CCCN(c3cccc(F)c3)C2)n1","O=C(O)c1cccc(C(=O)N2CCN(c3cccc(Cl)c3)CC2)c1","CCCc1n[nH]c(C2CN(C(=O)C(C)c3cc(C)oc3C)CCO2)n1","CC(C)(C)c1noc(CN2CCC(C(=O)Nc3ncccn3)CC2)n1","NCC1CCCCN1C(=O)COc1ccc(Br)cc1F","C=CCC(C)C(C)NC1CCN(S(=O)(=O)C2CCOCC2)CC1","Cc1noc(COc2ccc(NC(=O)CCC3CCNCC3)cc2)n1","Cc1cccc(C)c1OCC(=O)N(C)CC1OCCC1c1ncn[nH]1","Cc1cccc(C)c1OCC(=O)N(C)CC1OCCC1c1ncn[nH]1","Cc1cccc(C)c1OCC(=O)N(C)CC1OCCC1c1ncn[nH]1","Cc1cccc(C)c1OCC(=O)N(C)CC1OCCC1c1ncn[nH]1","Cc1cccc(C)c1OCC(=O)N(C)CC1OCCC1c1ncn[nH]1","Cc1cccc(C)c1OCC(=O)N(C)CC1OCCC1c1ncn[nH]1","Cc1cccc(C)c1OCC(=O)N(C)CC1OCCC1c1ncn[nH]1"
m_ff7740,"Cc1cnc(CCNS(=O)(=O)Cc2ccc(F)c(Cl)c2)s1","Cc1nc(CNS(=O)(=O)Cc2ccc(F)c(Cl)c2)sc1C","CC(C)C(NC(=O)NCC(C)[S+](C)[O-])c1ccc(Cl)cc1F","O=C1CCCc2cc(S(=O)(=O)NCCC3=CCCCC3)ccc2N1","CC1CN(C(=O)c2cnn(-c3ccccc3S(C)(=O)=O)c2)CCN1","CCOc1ccc2cc(S(=O)(=O)N3CCN(CC)CC3)ccc2c1","O=C(C1CC1)N1CC2CCC(C1)N2C(=O)c1ccccc1-c1ncc[nH]1","Cc1ccncc1N1CCN(C(=O)Cc2c[nH]c3c(C)cccc23)CC1","CCn1cc(C(=O)N2CC(F)CC2CO)c2ccccc21","O=C(c1cc2ccccc2[nH]1)N1CCC(C(=O)O)(c2ccccc2)CC1","O=C(NC1CCN(c2ncccn2)CC1)c1cnn(-c2ccccc2)c1","O=C(CN1CCCC1Cn1cccn1)NCCOc1ccc(F)cc1","CN1CCC2(CC1)CCN(S(=O)(=O)c1cc(F)cc(Cl)c1)C2","N#Cc1ccc(NCC2CCCN2C(=O)CCCc2ccccc2)cn1","O=C(NC1CC1)C1CC2OCCC2N1C(=O)CCc1ccccc1F","CC(=O)NC1(C(=O)N2CCCC2Cn2cc(C)cn2)CCC(C)CC1","CN(Cc1cccc(OC(F)F)c1)C(=O)c1ccc2c(c1)nnn2C","CN1CCC(c2nc(-c3ccnc(OC(F)F)c3)no2)S1(=O)=O","O=C(Nc1cccc(NC(=O)C2CC2)c1)c1ccccc1C(F)(F)F","CCn1nnc2cc(C(=O)Nc3cccc(Cn4ccnc4)c3)ccc21","O=C(Nc1ccc2c(c1)C(=O)NCC2)c1ccc(Cn2ccnc2)cc1","CCC(C)C(=O)N1CCCC(C(=O)Nc2cc(C(=O)O)ccc2C)C1","COc1ccc(C)cc1C1(CNC(=O)C2CCC(N)C2)CCOCC1","O=C(NCCCc1cccc(F)c1)C1CC(=O)N(CC(F)(F)F)C1","Cc1cnc(CCNS(=O)(=O)Cc2ccc(F)c(Cl)c2)s1"
m_ff926d,"O=c1[nH]c2cccc(-c3nc(C4CCCOC4)no3)c2[nH]1","COC1CN(c2ccnc(C3CC3)n2)CC1c1c[nH]nn1","Cc1ccc2oc(N3CCC4(CCOCC4)CC3)nc2c1","NC1CN(C(=O)c2ccc3c(n2)CNCC3)CC12CCC2","CN(C(=O)c1c[nH]nc1-c1ccc(F)cc1)C1CCNC1","CCN(CCO)Cc1cccc(S(=O)(=O)N(C)C)c1","N#Cc1ccc(C(=O)NC2CCCC2N2CCC(O)C2)[nH]1","COCC(Nc1cccc(-c2nc(C)c(C)o2)c1)C1CC1","CC(C)c1noc(CNc2ccc3c(c2)CCNC3=O)n1","CC1COc2ccccc2N1CC(=O)NCc1ccco1","CCN(C(=O)c1ncn(C(C)(C)C)n1)c1ccccc1C","CC(=O)Nc1ccn(C2CCN(c3nccc(C)n3)C2)n1","CC(C)N1CC(Nc2ccc3ccccc3n2)CC1=O","Cn1cc(-c2ccoc2C(=O)N2CC3CCC3(N)C2)cn1","CCC1C(C(=O)NCC2(c3ccccc3)CC2)CCN1C","O=C(NC1CCCc2cn[nH]c21)NC1CC12CCCCC2","CC(C)(C)C(=O)N1CCN(c2cccc3[nH]ncc23)CC1","Cc1cc(NC2CCC(=O)NC2c2cnn(C)c2)ncn1","Cc1cc(C(NC(=O)c2cnnn2C)C2CC2)ccc1F","Cc1cccc(C2(C(=O)NCc3csc(C)n3)CC2)c1","CCCn1c(C)nnc1CNC(C)c1cccc(C)c1C","O=C(NCC1CC=CCC1)NC1c2ccccc2CC1O","CN(C)Cc1ccc(CNC(=O)C2CCC3CC3C2)cc1","CCn1cc(NC(=O)C2NCCOc3ccccc32)cn1","N#Cc1cccc(OCCN2CCC3CCC(O)C2C3)c1"
